t,I,I0,A
0,5736.22,5736.22,-0.0
1,5724.94,5724.94,-0.0
2,5718.51,5718.51,-0.0
3,5717.23,5717.23,-0.0
4,5719.35,5724.316876829613,0.0008680569252775155
5,5724.22,5735.957238187684,0.002048352664642501
6,5731.1,5747.597599545757,0.0028744743490469616
7,5739.49,5759.237960903829,0.003434811291542619
8,5748.82,5770.878322261901,0.0038296748064947234
9,5758.81,5782.518683619973,0.004108490039489998
10,5769.51,5794.159044978045,0.004263194011317347
11,5780.2,5805.7994063361175,0.0044190314700911625
12,5791.64,5817.439767694189,0.0044447640442323265
13,5803.14,5829.080129052261,0.004460055219853809
14,5814.78,5840.720490410334,0.00445120881117648
15,5826.65,5852.360851768405,0.004402923095119069
16,5838.14,5864.0012131264775,0.004419918501550603
17,5850.01,5875.64157448455,0.004371887591451054
18,5862.12,5887.281935842621,0.004283107250280732
19,5874.14,5898.922297200694,0.004210006399158494
20,5886.48,5910.562658558766,0.004082835454561864
21,5898.62,5922.2030199168385,0.003990086166665303
22,5910.79,5933.84338127491,0.0038926338439876098
23,5923.04,5945.483742632982,0.0037820658866508264
24,5934.88,5957.124103991055,0.003741022915765326
25,5947.2,5968.764465349126,0.0036194281971057563
26,5959.39,5980.4048267071985,0.003520135599041995
27,5971.45,5992.045188065271,0.003443008600188118
28,5983.67,6003.685549423342,0.0033394467932103917
29,5995.36,6015.325910781415,0.003324694246602799
30,6007.51,6026.966272139487,0.0032334251447012122
31,6019.63,6038.6066334975585,0.0031474998775931585
32,6031.75,6050.246994855631,0.003061912581960941
33,6044.07,6061.887356213703,0.002943570434698258
34,6056.15,6073.527717571776,0.002865324185155397
35,6068.3,6085.168078929847,0.002775847955739953
36,6080.16,6096.808440287919,0.0027344163275068124
37,6092.62,6108.448801645992,0.0025946596619723446
38,6104.87,6120.089163004063,0.002489852221764088
39,6116.76,6131.729524362136,0.002444306587433531
40,6128.82,6143.369885720208,0.0023711974265422514
41,6140.94,6155.0102470782795,0.002288599569263799
42,6153.4,6166.650608436352,0.002151064791337745
43,6165.33,6178.290969794424,0.002100027956046809
44,6177.26,6189.931331152497,0.002049185663467217
45,6189.27,6201.571692510568,0.0019856111243478727
46,6201.49,6213.21205386864,0.001888415412837326
47,6213.62,6224.852415226713,0.00180607680831073
48,6225.76,6236.492776584784,0.0017224460826967291
49,6237.72,6248.133137942857,0.001667990203327069
50,6249.64,6259.773499300929,0.001620140147749501
51,6261.69,6271.413860659,0.0015517086139557332
52,6273.89,6283.054222017073,0.001459626399875538
53,6285.85,6294.694583375145,0.0014060734451844603
54,6297.73,6306.334944733217,0.0013654239497903607
55,6309.43,6317.975306091289,0.0013534542035543253
56,6321.41,6329.615667449361,0.0012972337288340177
57,6333.57,6341.256028807433,0.0012128024056618557
58,6345.54,6352.896390165505,0.0011586294189969424
59,6357.48,6364.536751523578,0.0011093763489142738
60,6369.46,6376.17711288165,0.0010540255373717804
61,6381.32,6387.817474239721,0.001017684211420821
62,6393.39,6399.457835597794,0.0009486294421394993
63,6405.47,6411.098196955866,0.0008782690079207314
64,6417.19,6422.738558313938,0.0008642662821862241
65,6429.11,6434.37891967201,0.0008192054270153803
66,6441.02,6446.019281030082,0.000775861882910865
67,6453.07,6457.659642388155,0.0007109811309846501
68,6464.56,6469.300003746226,0.0007329604552792868
69,6476.19,6480.9403651042985,0.000733243424011072
70,6488.19,6492.580726462371,0.0006764970620536552
71,6500.22,6504.221087820442,0.0006153417774238445
72,6512.1,6515.861449178515,0.0005774424951602111
73,6524.28,6527.501810536587,0.0004936966689752147
74,6536.06,6539.1421718946585,0.0004714530469551722
75,6547.83,6550.782533252731,0.0004508161906828906
76,6559.6,6562.422894610803,0.00043025296892444225
77,6571.52,6574.063255968875,0.00038693695838114186
78,6583.22,6585.703617326947,0.00037719367634960816
79,6595.14,6597.3439786850195,0.0003341264176002408
80,6606.67,6608.984340043091,0.000350242221414149
81,6618.5,6620.624701401163,0.00032097309562762973
82,6630.33,6632.265062759236,0.000291807563121728
83,6642.11,6643.905424117307,0.00027027277493257574
84,6653.98,6655.5457854753795,0.00023528794456559814
85,6665.66,6667.186146833452,0.0002289303909022537
86,6677.53,6678.826508191524,0.0001941409986774842
87,6689.54,6690.466869549596,0.00013854545219823007
88,6701.3,6702.107230907668,0.00012045159782686526
89,6713.07,6713.74759226574,0.00010093117921056173
90,6724.86,6725.387953623813,7.850466785509256e-05
91,6736.86,6737.028314981884,2.4983876659598184e-05
92,6748.38,6748.668676339957,4.27762167749936e-05
93,6760.42,6760.42,-0.0
94,6771.46,6771.9493990561,7.227117513664355e-05
95,6783.24,6783.589760414173,5.156111198081502e-05
96,6795.27,6795.27,-0.0
97,6807.55,6807.55,-0.0
98,6819.43,6819.43,-0.0
99,6831.09,6831.09,-0.0
100,6843.13,6843.13,-0.0
101,6855.05,6855.05,-0.0
102,6867.13,6867.13,-0.0
103,6878.98,6878.98,-0.0
104,6890.51,6890.51,-0.0
105,6902.67,6902.67,-0.0
106,6914.52,6914.52,-0.0
107,6926.25,6926.25,-0.0
108,6938.19,6938.19,-0.0
109,6950.07,6950.07,-0.0
110,6962.02,6962.02,-0.0
111,6973.91,6973.91,-0.0
112,6985.92,6985.92,-0.0
113,6997.84,6997.84,-0.0
114,7009.93,7009.93,-0.0
115,7021.48,7021.48,-0.0
116,7033.62,7033.62,-0.0
117,7045.62,7045.62,-0.0
118,7057.4,7057.4,-0.0
119,7068.98,7068.98,-0.0
120,7080.67,7080.67,-0.0
121,7092.56,7092.56,-0.0
122,7104.76,7104.76,-0.0
123,7116.88,7116.88,-0.0
124,7128.65,7128.65,-0.0
125,7140.49,7140.49,-0.0
126,7152.5,7152.5,-0.0
127,7164.38,7164.38,-0.0
128,7176.22,7176.22,-0.0
129,7187.89,7187.89,-0.0
130,7199.83,7199.83,-0.0
131,7211.85,7211.85,-0.0
132,7223.44,7223.44,-0.0
133,7235.07,7235.07,-0.0
134,7247.18,7247.18,-0.0
135,7258.88,7258.88,-0.0
136,7270.88,7270.88,-0.0
137,7282.72,7282.72,-0.0
138,7294.66,7294.66,-0.0
139,7306.5,7306.5,-0.0
140,7318.33,7318.33,-0.0
141,7330.38,7330.38,-0.0
142,7342.04,7342.04,-0.0
143,7354.04,7354.04,-0.0
144,7365.72,7365.72,-0.0
145,7377.16,7377.16,-0.0
146,7389.12,7389.12,-0.0
147,7401.12,7401.12,-0.0
148,7412.91,7412.91,-0.0
149,7424.68,7424.68,-0.0
150,7436.58,7436.58,-0.0
151,7448.41,7448.41,-0.0
152,7460.11,7460.11,-0.0
153,7471.77,7471.77,-0.0
154,7483.4,7483.4,-0.0
155,7495.22,7495.22,-0.0
156,7506.83,7506.83,-0.0
157,7518.81,7518.81,-0.0
158,7530.08,7530.08,-0.0
159,7541.91,7541.91,-0.0
160,7553.49,7553.49,-0.0
161,7565.41,7565.41,-0.0
162,7577.18,7577.18,-0.0
163,7588.66,7588.66,-0.0
164,7600.33,7600.33,-0.0
165,7611.97,7611.97,-0.0
166,7623.64,7623.64,-0.0
167,7635.46,7635.46,-0.0
168,7647.06,7647.06,-0.0
169,7658.77,7658.77,-0.0
170,7670.26,7670.26,-0.0
171,7681.52,7681.52,-0.0
172,7693.11,7693.11,-0.0
173,7704.75,7704.75,-0.0
174,7716.58,7716.58,-0.0
175,7728.28,7728.28,-0.0
176,7739.96,7739.96,-0.0
177,7751.82,7751.82,-0.0
178,7763.0,7763.0,-0.0
179,7774.88,7774.88,-0.0
180,7786.52,7786.52,-0.0
181,7798.06,7798.06,-0.0
182,7809.87,7809.87,-0.0
183,7821.32,7821.32,-0.0
184,7832.83,7832.83,-0.0
185,7844.41,7844.41,-0.0
186,7856.2,7856.2,-0.0
187,7868.02,7868.02,-0.0
188,7879.33,7879.33,-0.0
189,7891.08,7891.08,-0.0
190,7902.76,7902.76,-0.0
191,7914.25,7914.25,-0.0
192,7925.76,7925.76,-0.0
193,7937.48,7937.48,-0.0
194,7948.78,7948.78,-0.0
195,7960.32,7960.32,-0.0
196,7972.02,7972.02,-0.0
197,7982.94,7982.94,-0.0
198,7994.16,7994.16,-0.0
199,8005.86,8005.86,-0.0
200,8017.47,8017.47,-0.0
201,8029.07,8029.07,-0.0
202,8040.62,8040.62,-0.0
203,8052.01,8052.01,-0.0
204,8063.66,8063.66,-0.0
205,8075.13,8075.13,-0.0
206,8086.71,8086.71,-0.0
207,8098.21,8098.21,-0.0
208,8109.75,8109.75,-0.0
209,8121.15,8121.15,-0.0
210,8132.42,8132.42,-0.0
211,8143.79,8143.79,-0.0
212,8155.45,8155.45,-0.0
213,8166.78,8166.78,-0.0
214,8178.22,8178.22,-0.0
215,8189.63,8189.63,-0.0
216,8201.09,8201.09,-0.0
217,8212.59,8212.59,-0.0
218,8224.02,8224.02,-0.0
219,8235.17,8235.17,-0.0
220,8246.67,8246.67,-0.0
221,8258.03,8258.03,-0.0
222,8269.34,8269.34,-0.0
223,8279.94,8279.94,-0.0
224,8291.26,8291.26,-0.0
225,8302.78,8302.78,-0.0
226,8314.05,8314.05,-0.0
227,8325.33,8325.33,-0.0
228,8336.62,8336.62,-0.0
229,8347.66,8347.66,-0.0
230,8358.62,8358.62,-0.0
231,8369.84,8369.84,-0.0
232,8381.21,8381.21,-0.0
233,8392.18,8392.18,-0.0
234,8403.41,8403.41,-0.0
235,8414.12,8414.12,-0.0
236,8425.34,8425.34,-0.0
237,8436.3,8436.52107326041,2.6204658896518088e-05
238,8447.29,8448.161434618482,0.00010315612135321498
239,8458.18,8459.801795976553,0.00019172452140908672
240,8469.08,8471.442157334626,0.000278876569210393
241,8479.96,8483.082518692698,0.00036815550329792997
242,8490.87,8494.72288005077,0.00045366448425528415
243,8501.52,8506.363241408842,0.0005695290202798036
244,8512.2,8518.003602766914,0.000681565896327094
245,8522.86,8529.643964124985,0.0007956561097595474
246,8533.61,8541.284325483059,0.0008989017271232418
247,8544.07,8552.92468684113,0.0010358180247482282
248,8554.58,8564.565048199202,0.0011665359810198786
249,8564.92,8576.205409557275,0.0013167643218571598
250,8574.97,8587.845770915346,0.0015004266785578566
251,8585.29,8599.486132273418,0.0016521757855202138
252,8595.48,8611.126493631491,0.0018186616808940936
253,8605.32,8622.766854989562,0.002025397375886472
254,8615.12,8634.407216347634,0.0022362612196214406
255,8625.01,8646.047577705707,0.002436166750730615
256,8634.54,8657.687939063779,0.002677266685578575
257,8644.41,8669.32830042185,0.0028784445270458943
258,8653.71,8680.968661779923,0.003144988699198526
259,8663.17,8692.609023137995,0.0033924206262404707
260,8672.75,8704.249384496068,0.003625415217029177
261,8682.2,8715.88974585414,0.00387281459686327
262,8691.53,8727.530107212211,0.00413342146433745
263,8700.79,8739.170468570284,0.004401446964361296
264,8710.0,8750.810829928356,0.004674571489383735
265,8719.48,8762.451191286427,0.004916079048657214
266,8728.7,8774.0915526445,0.005186790263852741
267,8738.29,8785.731914002572,0.005414513875835705
268,8747.24,8797.372275360645,0.005714849780096154
269,8756.46,8809.012636718717,0.0059836469652919866
270,8765.98,8820.652998076788,0.0062175828896016885
271,8775.33,8832.293359434861,0.006470329016422021
272,8784.96,8843.933720792933,0.006690600297340083
273,8794.6,8855.574082151004,0.0069092037764028405
274,8804.52,8867.214443509078,0.007095478572615407
275,8813.8,8878.85480486715,0.007353910282507763
276,8823.45,8890.49516622522,0.007569797213061306
277,8833.7,8902.135527583294,0.007717241978370981
278,8843.97,8913.775888941365,0.007862061879678165
279,8854.6,8925.416250299437,0.007965867271749192
280,8865.23,8937.05661165751,0.008069412988975759
281,8876.1,8948.696973015582,0.008145660737300421
282,8887.13,8960.337334373653,0.008203712445945636
283,8898.04,8971.977695731726,0.008275102902693192
284,8909.56,8983.618057089798,0.008277845304096905
285,8921.08,8995.25841844787,0.008280580615354189
286,8933.02,9006.898779805942,0.008236291184150344
287,8945.26,9018.539141164014,0.008158580159745042
288,8956.92,9030.179502522085,0.008145827803187717
289,8969.23,9041.819863880159,0.008060635828033362
290,8981.75,9053.46022523823,0.007952289133154556
291,8994.5,9065.100586596302,0.007818660874268331
292,9007.44,9076.740947954375,0.007664299244759069
293,9020.33,9088.381309312446,0.007515899778201848
294,9033.42,9100.021670670518,0.007345761644870002
295,9046.45,9111.662032028591,0.007182719467601666
296,9060.02,9123.302393386663,0.006960515522254868
297,9073.28,9134.942754744734,0.0067730927181185166
298,9087.18,9146.583116102807,0.006515750576303105
299,9100.49,9158.223477460879,0.006323958140928533
300,9113.77,9169.86383881895,0.006135980988132703
301,9127.27,9181.504200177023,0.005924411783434706
302,9140.99,9193.144561535095,0.005689355234251727
303,9154.87,9204.784922893166,0.005437471029294167
304,9168.49,9216.42528425124,0.00521464386791569
305,9182.3,9228.065645609311,0.004971736114366703
306,9196.19,9239.706006967383,0.004720799875114038
307,9210.0,9251.346368325456,0.004479243997741571
308,9223.5,9262.986729683527,0.004271962575964776
309,9237.34,9274.627091041599,0.004028436446944445
310,9250.9,9286.267452399672,0.0038158467743264397
311,9264.67,9297.907813757743,0.003581167401798015
312,9278.28,9309.548175115817,0.0033643741823923
313,9291.67,9321.188536473888,0.003171846083062035
314,9305.22,9332.82889783196,0.0029626403683621896
315,9318.83,9344.469259190033,0.0027475608640664603
316,9332.35,9356.109620548104,0.002542706443625689
317,9345.83,9367.749981906178,0.002342682902192664
318,9359.33,9379.39034326425,0.002141058787371495
319,9372.5,9391.03070462232,0.0019751837688330907
320,9385.73,9402.671065980394,0.0018033541557955972
321,9398.97,9414.311427338465,0.0016309149255277536
322,9412.21,9425.951788696537,0.0014589312150626284
323,9425.28,9437.59215005461,0.001305437656064615
324,9438.22,9449.232511412682,0.001166119428118771
325,9451.26,9460.872872770753,0.001016582705217153
326,9463.69,9472.513234128826,0.0009318905863290165
327,9476.21,9484.153595486898,0.0008379159937163118
328,9489.13,9495.79395684497,0.0007020262113039533
329,9501.87,9507.434318203042,0.0005854310361726565
330,9514.47,9519.074679561114,0.0004838488813796374
331,9526.98,9530.715040919185,0.00039197195243048807
332,9539.68,9542.355402277259,0.0002804105786817444
333,9551.94,9553.99576363533,0.00021519633151658208
334,9564.45,9565.636124993402,0.0001240062367906863
335,9576.84,9577.276486351475,4.557624486217077e-05
336,9589.37,9589.37,-0.0
337,9601.71,9601.71,-0.0
338,9613.9,9613.9,-0.0
339,9625.82,9625.82,-0.0
340,9638.0,9638.0,-0.0
341,9649.9,9649.9,-0.0
342,9662.37,9662.37,-0.0
343,9674.09,9674.09,-0.0
344,9686.28,9686.28,-0.0
345,9698.14,9698.14,-0.0
346,9710.13,9710.13,-0.0
347,9721.61,9721.61,-0.0
348,9733.6,9733.6,-0.0
349,9745.18,9745.18,-0.0
350,9756.71,9756.71,-0.0
351,9768.37,9768.37,-0.0
352,9779.45,9779.45,-0.0
353,9790.98,9790.98,-0.0
354,9802.57,9802.57,-0.0
355,9813.86,9813.86,-0.0
356,9825.11,9825.11,-0.0
357,9836.84,9836.84,-0.0
358,9848.04,9848.04,-0.0
359,9859.49,9859.49,-0.0
360,9870.8,9870.8,-0.0
361,9882.47,9882.47,-0.0
362,9893.96,9893.96,-0.0
363,9905.23,9905.23,-0.0
364,9916.88,9916.88,-0.0
365,9928.22,9928.22,-0.0
366,9939.79,9939.79,-0.0
367,9951.29,9951.29,-0.0
368,9962.92,9962.92,-0.0
369,9974.46,9974.46,-0.0
370,9986.15,9986.15,-0.0
371,9997.66,9997.66,-0.0
372,10009.37,10009.37,-0.0
373,10020.7,10020.7,-0.0
374,10032.48,10032.48,-0.0
375,10044.28,10044.28,-0.0
376,10056.11,10056.11,-0.0
377,10067.67,10067.67,-0.0
378,10078.83,10078.83,-0.0
379,10090.61,10090.61,-0.0
380,10102.61,10102.61,-0.0
381,10114.31,10114.31,-0.0
382,10126.04,10126.04,-0.0
383,10138.0,10138.0,-0.0
384,10149.85,10149.85,-0.0
385,10161.7,10161.7,-0.0
386,10173.63,10173.63,-0.0
387,10185.48,10185.48,-0.0
388,10197.19,10197.19,-0.0
389,10209.38,10209.38,-0.0
390,10221.36,10221.36,-0.0
391,10233.42,10233.42,-0.0
392,10245.14,10245.14,-0.0
393,10257.25,10257.25,-0.0
394,10269.25,10269.25,-0.0
395,10281.33,10281.33,-0.0
396,10293.47,10293.47,-0.0
397,10305.32,10305.32,-0.0
398,10317.54,10317.54,-0.0
399,10329.35,10329.35,-0.0
400,10341.24,10341.24,-0.0
401,10353.3,10353.3,-0.0
402,10365.03,10365.03,-0.0
403,10376.8,10376.8,-0.0
404,10387.87,10387.87,-0.0
405,10399.65,10399.65,-0.0
406,10411.58,10411.58,-0.0
407,10423.47,10423.47,-0.0
408,10434.92,10434.92,-0.0
409,10446.54,10446.54,-0.0
410,10458.32,10458.32,-0.0
411,10469.88,10469.88,-0.0
412,10481.47,10481.47,-0.0
413,10492.92,10492.92,-0.0
414,10504.59,10504.59,-0.0
415,10515.98,10515.98,-0.0
416,10527.74,10527.74,-0.0
417,10538.7,10538.7,-0.0
418,10550.0,10550.0,-0.0
419,10561.45,10561.45,-0.0
420,10572.84,10572.84,-0.0
421,10584.33,10584.33,-0.0
422,10595.54,10595.54,-0.0
423,10606.95,10606.95,-0.0
424,10618.5,10618.5,-0.0
425,10629.87,10629.87,-0.0
426,10641.43,10641.43,-0.0
427,10652.63,10652.63,-0.0
428,10664.23,10664.23,-0.0
429,10675.29,10675.29,-0.0
430,10686.49,10686.49,-0.0
431,10697.75,10697.75,-0.0
432,10709.04,10709.04,-0.0
433,10720.39,10720.39,-0.0
434,10731.99,10731.99,-0.0
435,10743.21,10743.21,-0.0
436,10754.6,10754.6,-0.0
437,10765.72,10765.72,-0.0
438,10777.17,10777.17,-0.0
439,10788.07,10788.07,-0.0
440,10799.66,10799.66,-0.0
441,10810.9,10811.154790307115,2.35676312541394e-05
442,10822.18,10822.795151665188,5.6840135970932746e-05
443,10833.24,10834.43551302326,0.00011034991028502493
444,10845.07,10846.075874381331,9.274515858939138e-05
445,10856.43,10857.716235739405,0.00011846984237319233
446,10868.13,10869.356597097476,0.00011285546682684326
447,10879.49,10880.996958455547,0.00013850411168035096
448,10891.03,10892.63731981362,0.0001475710947049413
449,10902.69,10904.277681171692,0.00014561228298307907
450,10914.53,10915.918042529764,0.0001271657392399428
451,10926.04,10927.558403887837,0.00013896145268318027
452,10937.55,10939.198765245908,0.00015073220127210566
453,10949.37,10950.83912660398,0.00013416553218187222
454,10960.96,10962.479487962053,0.0001386176621895004
455,10972.71,10974.119849320125,0.00012847863055796927
456,10984.32,10985.760210678196,0.0001311065473087602
457,10995.91,10997.40057203627,0.00013554776427759192
458,11007.52,11009.040933394343,0.0001381626677629368
459,11019.19,11020.681294752412,0.00013532699304306256
460,11030.66,11032.321656110485,0.0001506284272477003
461,11042.4,11043.962017468559,0.00014144633416117273
462,11053.83,11055.602378826628,0.0001603278456051891
463,11065.46,11067.242740184702,0.0001610955706120384
464,11077.18,11078.883101542775,0.00015373683838353162
465,11088.92,11090.523462900845,0.00014459000347056
466,11100.61,11102.163824258918,0.00013996667927649236
467,11112.42,11113.804185616991,0.00012455427491602153
468,11123.79,11125.44454697506,0.00014872844048788102
469,11135.63,11137.084908333134,0.00013064490262571288
470,11147.19,11148.725269691207,0.0001377175751758169
471,11159.23,11160.365631049279,0.00010176089827353531
472,11170.98,11172.00599240735,9.184022300514408e-05
473,11182.87,11183.646353765424,6.942107152093293e-05
474,11194.61,11195.286715123495,6.04482577397447e-05
475,11206.19,11206.927076481566,6.577188521490853e-05
476,11217.97,11218.56743783964,5.325579683912278e-05
477,11229.55,11230.207799197711,5.85758051160696e-05
478,11241.38,11241.848160555783,4.1645314677050075e-05
479,11253.07,11253.488521913856,3.71911070718663e-05
480,11264.86,11265.128883271927,2.3868921847449784e-05
481,11275.92,11276.769244629999,7.531205003435527e-05
482,11287.47,11288.409605988072,8.32398121369801e-05
483,11299.05,11300.049967346144,8.849620987045748e-05
484,11310.98,11311.690328704215,6.279795392219349e-05
485,11322.37,11323.330690062288,8.484524952550804e-05
486,11333.92,11334.97105142036,9.273073117948144e-05
487,11345.06,11346.611412778431,0.00013673851984080318
488,11356.45,11358.251774136505,0.00015864387375179507
489,11367.31,11369.892135494576,0.00022712869334496483
490,11378.81,11381.532496852647,0.0002392316254474934
491,11389.93,11393.17285821072,0.000284672219829051
492,11400.72,11404.813219568792,0.0003589672360068774
493,11411.93,11416.453580926864,0.0003963119832847043
494,11422.38,11428.093942284937,0.0005001158766742516
495,11433.11,11439.734303643008,0.0005792286906058206
496,11443.76,11451.37466500108,0.000665177592817242
497,11448.73,11463.015026359153,0.001246961171549046
498,11448.21,11474.655387717225,0.0023073380227508307
499,11448.0,11486.295749075296,0.003339608513550564
500,11447.28,11491.672594542564,0.0038705036578540477
501,11446.55,11480.040121210492,0.0029215112106871456
502,11444.22,11468.407647878419,0.0021112948924909124
503,11439.72,11456.775174546347,0.0014897631773489583
504,11433.33,11445.142701214272,0.001032647801123761
505,11425.87,11433.5102278822,0.00066845453293354
506,11417.33,11421.877754550125,0.00039824101248207285
507,11408.04,11410.245281218053,0.00019329070504105667
508,11398.19,11398.61280788598,3.709361260802707e-05
509,11387.96,11387.96,-0.0
510,11377.28,11377.28,-0.0
511,11366.48,11366.48,-0.0
512,11355.38,11355.38,-0.0
513,11344.5,11344.5,-0.0
514,11332.97,11332.97,-0.0
515,11321.07,11321.07,-0.0
516,11309.13,11309.13,-0.0
517,11297.44,11297.44,-0.0
518,11285.92,11285.92,-0.0
519,11274.34,11274.34,-0.0
520,11262.57,11262.57,-0.0
521,11250.78,11250.78,-0.0
522,11239.22,11239.22,-0.0
523,11227.78,11227.78,-0.0
524,11215.98,11215.98,-0.0
525,11204.61,11204.61,-0.0
526,11193.06,11193.06,-0.0
527,11181.28,11181.28,-0.0
528,11169.62,11169.62,-0.0
529,11157.81,11157.81,-0.0
530,11146.16,11146.16,-0.0
531,11134.09,11134.09,-0.0
532,11122.55,11122.55,-0.0
533,11110.82,11110.82,-0.0
534,11099.24,11099.24,-0.0
535,11087.3,11087.3,-0.0
536,11075.58,11075.58,-0.0
537,11063.87,11063.87,-0.0
538,11052.26,11052.26,-0.0
539,11040.36,11040.36,-0.0
540,11028.77,11028.77,-0.0
541,11016.74,11016.74,-0.0
542,11005.29,11005.29,-0.0
543,10993.39,10993.39,-0.0
544,10981.82,10981.82,-0.0
545,10969.94,10969.94,-0.0
546,10958.15,10958.15,-0.0
547,10946.69,10946.69,-0.0
548,10935.03,10935.03,-0.0
549,10923.28,10923.28,-0.0
550,10911.58,10911.58,-0.0
551,10899.73,10899.73,-0.0
552,10888.25,10888.25,-0.0
553,10876.32,10876.32,-0.0
554,10864.57,10864.57,-0.0
555,10852.77,10852.77,-0.0
556,10841.12,10841.12,-0.0
557,10829.54,10829.54,-0.0
558,10817.75,10817.75,-0.0
559,10806.0,10806.0,-0.0
560,10794.38,10794.38,-0.0
561,10782.67,10782.67,-0.0
562,10771.03,10771.03,-0.0
563,10759.5,10759.5,-0.0
564,10748.47,10748.47,-0.0
565,10736.81,10736.81,-0.0
566,10724.56,10724.56,-0.0
567,10713.12,10713.12,-0.0
568,10701.55,10701.55,-0.0
569,10689.46,10689.46,-0.0
570,10677.88,10677.88,-0.0
571,10666.0,10666.0,-0.0
572,10654.36,10654.36,-0.0
573,10642.81,10642.81,-0.0
574,10630.9,10630.9,-0.0
575,10619.29,10619.29,-0.0
576,10607.49,10607.604621305014,1.0805636935502295e-05
577,10596.39,10596.39,-0.0
578,10584.78,10584.78,-0.0
579,10573.17,10573.17,-0.0
580,10561.65,10561.65,-0.0
581,10550.08,10550.08,-0.0
582,10538.4,10538.4,-0.0
583,10527.05,10527.05,-0.0
584,10515.31,10515.31,-0.0
585,10503.81,10503.81,-0.0
586,10492.23,10492.23,-0.0
587,10480.8,10480.8,-0.0
588,10469.28,10469.28,-0.0
589,10457.91,10457.91,-0.0
590,10447.08,10447.08,-0.0
591,10435.7,10435.7,-0.0
592,10424.38,10424.38,-0.0
593,10412.75,10412.75,-0.0
594,10401.55,10401.55,-0.0
595,10389.91,10389.91,-0.0
596,10378.36,10378.36,-0.0
597,10367.22,10367.22,-0.0
598,10355.85,10355.85,-0.0
599,10344.52,10344.52,-0.0
600,10333.07,10333.07,-0.0
601,10321.51,10321.51,-0.0
602,10310.09,10310.09,-0.0
603,10299.01,10299.01,-0.0
604,10287.62,10287.62,-0.0
605,10276.26,10276.26,-0.0
606,10264.57,10264.57,-0.0
607,10253.2,10253.2,-0.0
608,10241.82,10241.82,-0.0
609,10230.56,10230.56,-0.0
610,10219.05,10219.05,-0.0
611,10207.64,10207.64,-0.0
612,10196.32,10196.32,-0.0
613,10184.92,10184.92,-0.0
614,10173.66,10173.66,-0.0
615,10162.1,10162.1,-0.0
616,10151.35,10151.35,-0.0
617,10140.0,10140.0,-0.0
618,10128.36,10128.36,-0.0
619,10116.71,10116.71,-0.0
620,10105.17,10105.17,-0.0
621,10093.29,10093.29,-0.0
622,10081.85,10081.85,-0.0
623,10070.26,10070.26,-0.0
624,10058.56,10058.56,-0.0
625,10047.05,10047.05,-0.0
626,10035.55,10035.55,-0.0
627,10023.99,10023.99,-0.0
628,10012.08,10012.08,-0.0
629,10000.77,10000.77,-0.0
630,9988.79,9988.79,-0.0
631,9976.95,9976.95,-0.0
632,9965.09,9965.09,-0.0
633,9953.17,9953.17,-0.0
634,9941.39,9941.39,-0.0
635,9929.21,9929.21,-0.0
636,9917.4,9917.4,-0.0
637,9905.23,9905.23,-0.0
638,9893.51,9893.51,-0.0
639,9881.41,9881.41,-0.0
640,9869.71,9869.71,-0.0
641,9857.77,9857.77,-0.0
642,9846.11,9846.11,-0.0
643,9834.26,9834.26,-0.0
644,9822.15,9822.15,-0.0
645,9809.96,9809.96,-0.0
646,9798.04,9798.04,-0.0
647,9786.03,9786.03,-0.0
648,9774.29,9774.29,-0.0
649,9762.05,9762.05,-0.0
650,9750.22,9750.22,-0.0
651,9738.34,9738.34,-0.0
652,9726.7,9726.7,-0.0
653,9714.7,9714.7,-0.0
654,9703.0,9703.0,-0.0
655,9691.31,9691.31,-0.0
656,9679.97,9679.97,-0.0
657,9668.22,9668.22,-0.0
658,9656.4,9656.4,-0.0
659,9644.67,9644.67,-0.0
660,9633.05,9633.05,-0.0
661,9621.58,9621.58,-0.0
662,9609.79,9609.79,-0.0
663,9598.32,9598.32,-0.0
664,9586.65,9586.65,-0.0
665,9574.86,9574.86,-0.0
666,9563.59,9563.59,-0.0
667,9552.06,9552.06,-0.0
668,9541.12,9541.12,-0.0
669,9529.53,9529.53,-0.0
670,9517.88,9517.88,-0.0
671,9506.27,9506.27,-0.0
672,9494.85,9494.85,-0.0
673,9483.23,9483.23,-0.0
674,9471.87,9471.87,-0.0
675,9460.4,9460.4,-0.0
676,9449.15,9449.15,-0.0
677,9437.83,9437.83,-0.0
678,9426.48,9426.48,-0.0
679,9414.98,9414.98,-0.0
680,9403.74,9403.74,-0.0
681,9392.63,9392.63,-0.0
682,9381.28,9381.28,-0.0
683,9369.91,9369.91,-0.0
684,9358.45,9358.45,-0.0
685,9346.85,9346.85,-0.0
686,9335.57,9335.57,-0.0
687,9324.18,9324.18,-0.0
688,9312.7,9312.7,-0.0
689,9301.04,9301.04,-0.0
690,9289.29,9289.29,-0.0
691,9277.7,9277.7,-0.0
692,9265.94,9265.94,-0.0
693,9254.09,9254.09,-0.0
694,9242.78,9242.78,-0.0
695,9230.85,9230.85,-0.0
696,9218.96,9218.96,-0.0
697,9206.56,9206.56,-0.0
698,9194.49,9194.49,-0.0
699,9182.32,9182.32,-0.0
700,9170.0,9170.0,-0.0
701,9157.85,9157.85,-0.0
702,9145.69,9145.69,-0.0
703,9133.39,9133.39,-0.0
704,9120.83,9120.83,-0.0
705,9108.42,9108.42,-0.0
706,9096.22,9096.22,-0.0
707,9083.93,9083.93,-0.0
708,9071.13,9072.118141471376,0.00010892663371502241
709,9058.56,9060.485668139303,0.0002125573478674088
710,9045.91,9048.85319480723,0.0003253090191344553
711,9033.29,9037.220721475156,0.0004350426612435077
712,9020.61,9025.588248143084,0.0005517226621264414
713,9007.69,9013.955774811011,0.0006953610277082104
714,8994.6,9002.323301478938,0.0008582913672168448
715,8981.83,8990.690828146864,0.00098604185239502
716,8968.91,8979.058354814792,0.0011308640282497971
717,8955.8,8967.425881482719,0.001297298063429907
718,8942.58,8955.793408150645,0.001476492891258825
719,8929.93,8944.160934818572,0.0015923537457040416
720,8916.81,8932.5284614865,0.0017612378838110703
721,8903.51,8920.895988154427,0.0019508076375426339
722,8890.09,8909.263514822353,0.002154406588136952
723,8876.45,8897.63104149028,0.0023833638956945913
724,8863.13,8885.998568158207,0.002576868010708715
725,8849.86,8874.366094826135,0.0027652671897688543
726,8836.31,8862.73362149406,0.0029858834963963064
727,8822.75,8851.101148161988,0.003208261995914811
728,8809.3,8839.468674829915,0.0034187885591718172
729,8795.59,8827.836201497843,0.003659474283291039
730,8782.22,8816.203728165769,0.0038621379883533374
731,8768.59,8804.571254833696,0.0040950292999086734
732,8755.24,8792.938781501623,0.004296609917985345
733,8741.87,8781.30630816955,0.004501053240110035
734,8728.32,8769.673834837477,0.004726703211897269
735,8714.61,8758.041361505404,0.004971363538974883
736,8701.05,8746.408888173331,0.005199495313657213
737,8687.53,8734.776414841259,0.005423682666834511
738,8674.11,8723.143941509185,0.005636989781770578
739,8660.48,8711.511468177112,0.005875160031067863
740,8646.72,8699.87899484504,0.0061290586439602685
741,8633.68,8688.246521512967,0.006300304061591525
742,8620.42,8676.614048180892,0.0064975585670355865
743,8607.01,8664.98157484882,0.006712809265733207
744,8594.22,8653.349101516747,0.006856541094854279
745,8580.94,8641.716628184673,0.007057782290132798
746,8568.09,8630.0841548526,0.007209419187187845
747,8555.24,8618.451681520528,0.0073614885085747294
748,8542.65,8606.819208188455,0.007483556124659335
749,8530.09,8595.186734856381,0.007602452141178195
750,8517.5,8583.554261524308,0.007725206764118757
751,8505.49,8571.921788192236,0.0077801161100989015
752,8493.5,8560.289314860163,0.007832822970239179
753,8481.85,8548.656841528089,0.007845589662252484
754,8470.28,8537.024368196016,0.007848946476752949
755,8458.61,8525.391894863944,0.007864134666497768
756,8447.21,8513.759421531871,0.007847400864471221
757,8436.08,8502.126948199797,0.007798615655201154
758,8425.4,8490.494474867724,0.007696287804944334
759,8414.68,8478.862001535652,0.00759844327877995
760,8404.03,8467.22952820358,0.007492010150704289
761,8393.49,8455.597054871505,0.007372190072729919
762,8383.79,8443.964581539432,0.00715185591006671
763,8373.42,8432.33210820736,0.007010974473560372
764,8363.12,8420.699634875287,0.006861353615931418
765,8353.29,8409.067161543213,0.0066550744468454265
766,8343.8,8397.43468821114,0.006407516854434599
767,8333.79,8385.802214879068,0.006221728615486856
768,8324.21,8374.169741546993,0.005983800990418246
769,8314.4,8362.537268214921,0.005772930740074873
770,8304.73,8350.904794882848,0.005544659660034783
771,8295.86,8339.272321550776,0.005219365769263634
772,8286.44,8327.639848218701,0.004959640623856308
773,8276.85,8316.007374886629,0.004719795595488252
774,8267.05,8304.374901554556,0.004504738113318519
775,8257.51,8292.742428222484,0.004257636745804284
776,8248.1,8281.10995489041,0.003994141143456764
777,8238.24,8269.477481558337,0.00378459576597344
778,8228.84,8257.845008226264,0.0035186016032492575
779,8218.94,8246.212534894192,0.0033127612729979064
780,8209.34,8234.580061562117,0.003069837519189764
781,8199.6,8222.947588230045,0.002843359574322918
782,8189.77,8211.315114897972,0.0026272807122397373
783,8180.24,8199.6826415659,0.0023739612356437514
784,8170.3,8188.050168233825,0.0021701669199720663
785,8160.57,8176.417694901753,0.0019401006071124063
786,8150.22,8164.78522156968,0.0017855005550267663
787,8140.03,8153.152748237608,0.0016108272125731626
788,8129.89,8141.520274905533,0.001429535201884375
789,8119.26,8129.887801573461,0.001308105904225194
790,8108.96,8118.255328241388,0.0011456468740995835
791,8098.49,8106.622854909316,0.0010037394574105645
792,8088.04,8094.990381577241,0.0008589716314819826
793,8077.55,8083.357908245169,0.0007187601746364085
794,8066.48,8071.725434913096,0.0006500642365684844
795,8055.97,8060.092961581022,0.0005116586700856025
796,8045.29,8048.460488248949,0.00039400241631419586
797,8034.92,8036.828014916877,0.00023743713802256428
798,8024.21,8025.195541584804,0.0001228134691331048
799,8013.11,8013.56306825273,5.653927685698114e-05
800,8001.69,8001.930594920657,3.0067561180793826e-05
801,7990.66,7990.66,-0.0
802,7979.55,7979.55,-0.0
803,7968.37,7968.37,-0.0
804,7957.0,7957.0,-0.0
805,7945.74,7945.74,-0.0
806,7934.62,7934.62,-0.0
807,7923.42,7923.42,-0.0
808,7912.13,7912.13,-0.0
809,7900.84,7900.84,-0.0
810,7889.76,7889.76,-0.0
811,7878.61,7878.61,-0.0
812,7867.41,7867.41,-0.0
813,7855.99,7855.99,-0.0
814,7844.64,7844.64,-0.0
815,7833.25,7833.25,-0.0
816,7822.14,7822.14,-0.0
817,7810.75,7810.75,-0.0
818,7799.23,7799.23,-0.0
819,7787.94,7787.94,-0.0
820,7776.43,7776.43,-0.0
821,7765.14,7765.14,-0.0
822,7753.75,7753.75,-0.0
823,7742.74,7742.74,-0.0
824,7731.32,7731.32,-0.0
825,7719.78,7719.78,-0.0
826,7708.46,7708.46,-0.0
827,7696.82,7696.82,-0.0
828,7685.47,7685.47,-0.0
829,7673.92,7673.92,-0.0
830,7662.67,7662.67,-0.0
831,7650.96,7650.96,-0.0
832,7639.64,7639.64,-0.0
833,7628.25,7628.25,-0.0
834,7616.73,7616.73,-0.0
835,7605.16,7605.16,-0.0
836,7594.23,7594.23,-0.0
837,7582.58,7582.58,-0.0
838,7571.21,7571.21,-0.0
839,7559.48,7559.48,-0.0
840,7548.08,7548.08,-0.0
841,7536.61,7536.61,-0.0
842,7525.24,7525.24,-0.0
843,7513.53,7513.53,-0.0
844,7502.19,7502.19,-0.0
845,7490.6,7490.6,-0.0
846,7479.19,7479.19,-0.0
847,7467.66,7467.66,-0.0
848,7456.05,7456.05,-0.0
849,7444.92,7444.92,-0.0
850,7433.49,7433.49,-0.0
851,7421.73,7421.73,-0.0
852,7409.96,7409.96,-0.0
853,7398.29,7398.29,-0.0
854,7386.66,7386.66,-0.0
855,7375.0,7375.0,-0.0
856,7363.27,7363.27,-0.0
857,7351.81,7351.81,-0.0
858,7340.4,7340.4,-0.0
859,7328.54,7328.54,-0.0
860,7316.84,7316.84,-0.0
861,7305.34,7305.34,-0.0
862,7293.87,7293.87,-0.0
863,7282.12,7282.12,-0.0
864,7270.26,7270.26,-0.0
865,7258.71,7258.71,-0.0
866,7246.97,7246.97,-0.0
867,7235.28,7235.28,-0.0
868,7223.55,7223.55,-0.0
869,7211.74,7211.74,-0.0
870,7200.19,7200.19,-0.0
871,7188.4,7188.4,-0.0
872,7176.64,7176.64,-0.0
873,7164.7,7164.7,-0.0
874,7153.0,7153.0,-0.0
875,7141.8,7141.8,-0.0
876,7130.06,7130.06,-0.0
877,7117.92,7117.92,-0.0
878,7106.03,7106.03,-0.0
879,7094.25,7094.25,-0.0
880,7082.29,7082.29,-0.0
881,7070.6,7070.6,-0.0
882,7058.71,7058.71,-0.0
883,7046.89,7046.89,-0.0
884,7035.01,7035.01,-0.0
885,7023.42,7023.42,-0.0
886,7011.52,7011.52,-0.0
887,6999.8,6999.8,-0.0
888,6987.76,6987.76,-0.0
889,6975.71,6975.71,-0.0
890,6963.95,6963.95,-0.0
891,6952.14,6952.14,-0.0
892,6940.09,6940.09,-0.0
893,6927.99,6927.99,-0.0
894,6916.07,6916.07,-0.0
895,6904.12,6904.12,-0.0
896,6892.25,6892.25,-0.0
897,6880.24,6880.24,-0.0
898,6868.09,6868.09,-0.0
899,6855.92,6855.92,-0.0
900,6844.96,6844.96,-0.0
901,6832.96,6832.96,-0.0
902,6820.57,6820.57,-0.0
903,6808.54,6808.54,-0.0
904,6796.67,6796.67,-0.0
905,6784.65,6784.65,-0.0
906,6772.49,6772.49,-0.0
907,6760.59,6760.59,-0.0
908,6748.62,6748.62,-0.0
909,6736.5,6736.5,-0.0
910,6724.56,6724.56,-0.0
911,6712.58,6712.58,-0.0
912,6700.52,6700.52,-0.0
913,6688.6,6688.6,-0.0
914,6676.7,6676.7,-0.0
915,6664.63,6664.63,-0.0
916,6652.74,6652.74,-0.0
917,6640.63,6640.931215068114,4.535838269133882e-05
918,6628.55,6629.298741736042,0.00011295071341109107
919,6616.43,6617.6662684039675,0.0001868308016641666
920,6604.46,6606.033795071895,0.00023826438341422926
921,6592.68,6594.401321739822,0.0002610618237047275
922,6580.65,6582.768848407748,0.0003219298041715712
923,6568.47,6571.1363750756755,0.00040585311860376664
924,6556.58,6559.503901743603,0.00044584981522557656
925,6544.86,6547.87142841153,0.0004600153117173373
926,6533.37,6536.238955079456,0.00043902692657419565
927,6521.52,6524.606481747383,0.00047316447671815376
928,6509.37,6512.974008415311,0.0005535114884074837
929,6497.23,6501.341535083238,0.0006326133928272889
930,6485.36,6489.709061751164,0.0006703720640465004
931,6473.35,6478.076588419091,0.0007298946717045803
932,6461.45,6466.444115087019,0.0007726108043564632
933,6449.38,6454.811641754946,0.0008418415080186916
934,6437.47,6443.179168422872,0.0008864722145742281
935,6425.83,6431.546695090799,0.0008892475662930101
936,6413.93,6419.914221758727,0.0009325689308710218
937,6402.01,6408.281748426654,0.000979173472536587
938,6390.17,6396.64927509458,0.0010134303941778501
939,6378.49,6385.016801762507,0.0010227286956139136
940,6366.51,6373.384328430435,0.0010791814940357787
941,6354.8,6361.751855098362,0.0010933554740486478
942,6342.8,6350.119381766288,0.0011533016727574385
943,6330.76,6338.486908434215,0.0012197898498820783
944,6318.8,6326.854435102143,0.0012738662490996472
945,6307.05,6315.22196177007,0.0012948481757645688
946,6295.4,6303.589488437996,0.0013000232437539784
947,6283.42,6291.957015105923,0.0013577352642593896
948,6271.6,6280.324541773851,0.0013901522670641147
949,6259.81,6268.692068441776,0.0014178981463742546
950,6247.88,6257.059595109704,0.0014681553139469727
951,6236.23,6245.427121777631,0.0014737023060999437
952,6224.55,6233.794648445559,0.0014840896448481621
953,6212.65,6222.162175113484,0.0015299269236944781
954,6200.85,6210.529701781412,0.001559811072831844
955,6188.99,6198.897228449339,0.0015995028658020243
956,6177.53,6187.264755117267,0.001574592594762391
957,6165.79,6175.632281785192,0.0015949999355102536
958,6153.78,6163.99980845312,0.0016593592282115777
959,6141.98,6152.367335121047,0.001689774545898358
960,6130.35,6140.734861788975,0.0016925747617527384
961,6118.52,6129.1023884569,0.001728072723785452
962,6106.56,6117.469915124828,0.0017849953079876694
963,6094.77,6105.837441792755,0.0018142448859613505
964,6083.0,6094.204968460683,0.0018403191294054393
965,6071.53,6082.572495128608,0.001817081626778047
966,6059.56,6070.940021796536,0.0018762664547353526
967,6047.72,6059.307548464463,0.0019141861131887804
968,6035.8,6047.675075132391,0.0019655072537585376
969,6023.67,6036.042601800316,0.002051890712462526
970,6011.91,6024.410128468244,0.0020770688763418546
971,5999.81,6012.777655136171,0.0021590119540712016
972,5987.71,6001.145181804099,0.0022412794590438868
973,5975.73,5989.512708472024,0.0023037918918590475
974,5963.81,5977.880235139952,0.002356490810589944
975,5951.73,5966.247761807879,0.0024362805970666837
976,5939.79,5954.615288475805,0.002492818395447404
977,5927.81,5942.982815143732,0.0025563285692265067
978,5916.37,5931.35034181166,0.002528815563269383
979,5904.35,5919.717868479587,0.002599423024954667
980,5892.16,5908.085395147513,0.0026991650229164776
981,5880.04,5896.45292181544,0.0027874058178894833
982,5868.0,5884.820448483368,0.0028623699377496067
983,5855.93,5873.187975151295,0.0029427596588459982
984,5843.58,5861.555501819221,0.0030713896387304608
985,5831.62,5849.923028487148,0.0031336688004841577
986,5819.25,5838.290555155076,0.0032666533728685685
987,5807.26,5826.658081823003,0.0033347492500838995
988,5795.25,5815.025608490929,0.003406573329008417
989,5783.07,5803.393135158856,0.0035080862493215028
990,5770.89,5791.760661826784,0.0036100173053937134
991,5759.13,5780.128188494711,0.003639438745428726
992,5747.16,5768.495715162637,0.0037055188351453297
993,5734.77,5756.863241830564,0.0038451051449404955
994,5723.7,5745.230768498492,0.003754629655858032
995,5718.63,5733.598295166419,0.002614042141685563
996,5718.05,5721.965821834345,0.0006845833167121528
997,5720.81,5720.81,-0.0
998,5726.15,5726.15,-0.0
999,5733.31,5733.31,-0.0
