btn_idx,F_area_total,F_mean,F_p95,F_p99,F_top10_area,F_main_roi_area,F_main_roi_mean,F_main_roi_peak,scan_id,scan_dt_aligned,time_err_s,scan_dt,laser_scans_per_btn,btn_dt,T,RH_ref,dew_ref,HA_ref,Abs_ref
78,146.96830883376157,0.01604457520019231,0.1144634408979264,0.1576062111347465,39.081570461703066,68.556818158861,0.12341458007309983,0.1631819506789458,0,2026-05-11 12:15:24,0.5,2026-05-11 21:14:15,2,2026-05-11 12:15:24,26.0,39.3,11.11,9.569582741970946,
79,146.75677381543994,0.01602148185758078,0.11457459145342547,0.1578984878286565,38.94197375996969,68.74436515225648,0.12330820092799528,0.1628562546109415,2,2026-05-11 12:15:26,0.5,2026-05-11 21:14:17,4,2026-05-11 12:15:26,26.0,39.1,11.04,9.52088257534514,
80,147.69621576436117,0.01612404102231017,0.11456134594371918,0.15842741295003027,39.05352508510985,69.20696792157692,0.12386048179420593,0.1636485684005624,6,2026-05-11 12:15:28,0.5,2026-05-11 21:14:19,4,2026-05-11 12:15:28,26.0,39.8,11.31,9.69133315853546,
81,147.38255440610155,0.01608979851594995,0.11488192909586432,0.158299362069566,39.113934721098424,69.14538608384855,0.12376835490793152,0.16398955783292155,10,2026-05-11 12:15:30,0.3333333333333333,2026-05-11 21:14:21,3,2026-05-11 12:15:30,26.0,39.5,11.19,9.618282908596754,
82,146.97819056033728,0.0160456539913032,0.1146410522369977,0.1579160867687004,39.13715124149601,68.83971492900518,0.12348128902112852,0.16368483031987907,13,2026-05-11 12:15:32,0.5,2026-05-11 21:14:23,4,2026-05-11 12:15:32,26.0,39.3,11.11,9.569582741970946,
83,147.1748310738163,0.016067121296268156,0.11476107468393576,0.15811999964011603,38.93068380149316,69.0138931710505,0.12351492848105372,0.16351680194516052,17,2026-05-11 12:15:34,0.5,2026-05-11 21:14:25,4,2026-05-11 12:15:34,26.0,39.5,11.19,9.618282908596754,
84,147.37535584468552,0.016089012646799728,0.11466916841471568,0.1583612360172591,39.09809040761842,69.09558680099613,0.12375272048519614,0.16366811700187042,21,2026-05-11 12:15:36,0.3333333333333333,2026-05-11 21:14:27,3,2026-05-11 12:15:36,26.0,40.1,11.42,9.764383408474174,
85,147.1367859409338,0.016062967897481857,0.11451761651336448,0.15818907596404486,39.02028560005307,69.07040791654137,0.12367184410058218,0.16359164789164435,24,2026-05-11 12:15:38,0.5,2026-05-11 21:14:29,4,2026-05-11 12:15:38,26.0,39.3,11.11,9.569582741970946,
86,147.22316912224656,0.01607239837579111,0.1146993097612168,0.15817438032789097,39.09806178242887,68.97320620577919,0.12377375941472021,0.1639253118447677,28,2026-05-11 12:15:40,0.5,2026-05-11 21:14:31,4,2026-05-11 12:15:40,26.0,39.5,11.19,9.618282908596754,
87,146.78985610396555,0.01602509346113161,0.11465239479880242,0.15761530489595107,38.9298353712964,68.5811379707997,0.12342067412634432,0.16328342874383414,32,2026-05-11 12:15:42,0.6666666666666666,2026-05-11 21:14:33,3,2026-05-11 12:15:42,26.0,39.6,11.23,9.642632991909656,
88,146.80940947400296,0.016027228108515607,0.1145009861971889,0.1581074764060193,39.23405511137053,68.98768509380375,0.12346763300979013,0.16388511106211567,35,2026-05-11 12:15:44,0.5,2026-05-11 21:14:35,4,2026-05-11 12:15:44,25.9,39.5,11.1,9.564648506859731,
89,146.84956441562667,0.016031611835767106,0.11450458388165095,0.15777658264065164,39.03600484490741,68.9334617718081,0.12342618887559609,0.16325584431373194,39,2026-05-11 12:15:46,0.5,2026-05-11 21:14:37,4,2026-05-11 12:15:46,25.9,40.3,11.4,9.758362906998661,
90,147.302502694114,0.016081059246082316,0.11465301056473438,0.15853717739799064,39.236344481597904,69.05074110932212,0.12359881242552988,0.16386289153313807,43,2026-05-11 12:15:48,0.6666666666666666,2026-05-11 21:14:39,3,2026-05-11 12:15:48,25.9,39.6,11.14,9.588862806877097,
91,146.80560383214043,0.016026812645430176,0.11458368858482954,0.15795115874716167,39.16788296249057,68.70639050832872,0.12351693557282953,0.16343433295660406,46,2026-05-11 12:15:50,0.5,2026-05-11 21:14:41,4,2026-05-11 12:15:50,25.9,39.1,10.95,9.467791306790264,
92,147.04676313256246,0.016053140079974066,0.11452171002257223,0.15803929762259245,39.044426486118425,69.01446805934927,0.12357096502095326,0.16376027930731715,50,2026-05-11 12:15:52,0.5,2026-05-11 21:14:43,4,2026-05-11 12:15:52,25.9,39.8,11.22,9.63729140691183,
93,147.71572321180471,0.016126170656310557,0.11483759882792433,0.15836725282617536,39.11502397221747,69.21770432821229,0.12389850522496475,0.1638654083759681,54,2026-05-11 12:15:54,0.6666666666666666,2026-05-11 21:14:45,3,2026-05-11 12:15:54,25.9,39.8,11.22,9.63729140691183,
94,146.63536108177817,0.01600822719233386,0.11443671098678433,0.1578188447254928,38.84469417588073,68.81011389055652,0.12320506455525598,0.16336095062583367,57,2026-05-11 12:15:56,0.5,2026-05-11 21:14:47,4,2026-05-11 12:15:56,25.9,39.6,11.14,9.588862806877097,
95,146.90118512540883,0.016037247284433277,0.11463992944248208,0.15793334400404835,39.08270648225562,68.84404176227181,0.12348688807716027,0.16326394692507118,61,2026-05-11 12:15:58,0.5,2026-05-11 21:14:49,4,2026-05-11 12:15:58,25.9,40.1,11.33,9.70993430696393,
96,147.08966158335224,0.01605782331695985,0.11446475230087327,0.15839424212339862,39.00533789942683,68.97633142946206,0.12346572496863717,0.1636785076063035,65,2026-05-11 12:16:00,0.6666666666666666,2026-05-11 21:14:51,3,2026-05-11 12:16:00,25.9,39.3,11.03,9.516219906824997,
97,146.9623388130206,0.01604392345120312,0.11455975422901722,0.1579432290970222,38.99699911052177,68.83660880979899,0.12341757365517647,0.16336097150816425,68,2026-05-11 12:16:02,0.5,2026-05-11 21:14:53,4,2026-05-11 12:16:02,25.9,38.8,10.83,9.395148406738166,
98,147.10126910431006,0.016059090513570965,0.11445801117388421,0.15821134368321052,38.96268350172209,68.93529689052184,0.12346600213701715,0.16353065566380395,72,2026-05-11 12:16:04,0.3333333333333333,2026-05-11 21:14:55,3,2026-05-11 12:16:04,25.9,40.0,11.29,9.685720006946564,
99,147.30876382679205,0.01608174277585066,0.11460747944269568,0.1583803458634483,38.88376290188455,69.1317502947673,0.12350463977340642,0.16357026320420828,75,2026-05-11 12:16:06,0.5,2026-05-11 21:14:57,4,2026-05-11 12:16:06,25.9,39.5,11.1,9.564648506859731,
100,147.37196818943954,0.016088642815441,0.11472878362770994,0.15814400870185671,38.871396840340594,69.05863827082695,0.12365003826698001,0.16370720723763388,79,2026-05-11 12:16:08,0.5,2026-05-11 21:14:59,4,2026-05-11 12:16:08,25.9,40.1,11.33,9.70993430696393,
101,147.71923827690554,0.01612655439704209,0.11473294979184838,0.15846793029598447,39.04785114601162,69.17858322365159,0.1238259502575876,0.16386444048877372,83,2026-05-11 12:16:10,0.3333333333333333,2026-05-11 21:15:01,3,2026-05-11 12:16:10,25.9,39.6,11.14,9.588862806877097,
102,147.0698112455408,0.01605565624951319,0.1144131237492398,0.15844544661924082,39.053858961998664,69.26752413546684,0.12347013172915451,0.16396368135171518,86,2026-05-11 12:16:12,0.5,2026-05-11 21:15:03,4,2026-05-11 12:16:12,25.9,40.0,11.29,9.685720006946564,
103,147.25750476839772,0.016076146808777045,0.11429840706167906,0.15839742352427946,38.90566983529223,69.35881675170815,0.1236891289809072,0.16400597409606804,90,2026-05-11 12:16:14,0.5,2026-05-11 21:15:05,4,2026-05-11 12:16:14,25.9,39.5,11.1,9.564648506859731,
104,147.01001393780714,0.016049128159149256,0.11434322006542395,0.15852283332383824,38.94853083665644,69.13630973180186,0.12353126330699297,0.1639201608285842,94,2026-05-11 12:16:16,0.6666666666666666,2026-05-11 21:15:07,3,2026-05-11 12:16:16,25.9,39.1,10.95,9.467791306790264,
105,146.80168525173346,0.01602638485280933,0.11418713158852849,0.15857222153183348,39.02941477857677,69.1902839237268,0.12348044280897723,0.16413671670374508,97,2026-05-11 12:16:18,0.3333333333333333,2026-05-11 21:15:09,3,2026-05-11 12:16:18,25.9,39.0,10.91,9.443577006772898,
187,244.9508642950536,0.026741360730901047,0.18674910208813103,0.2513368501806429,59.21409849540508,110.61709506725254,0.19877295200066109,0.2601031413416596,100,2026-05-11 12:19:03,1.0,2026-05-11 21:17:54,2,2026-05-11 12:19:02,25.4,59.5,16.96,14.00935813608665,
188,247.01422821969325,0.026966618801276557,0.18782594246507547,0.2534245869453393,59.868397436811755,110.74910238479255,0.2003907642987011,0.26128137066134594,102,2026-05-11 12:19:04,0.6666666666666666,2026-05-11 21:17:55,3,2026-05-11 12:19:04,25.4,59.6,16.99,14.032903275811163,
189,250.6369962599857,0.027362117495631624,0.19030092443712596,0.25594289822538396,60.068047114900985,112.63147049087819,0.2029404124763563,0.2641982125398551,105,2026-05-11 12:19:06,0.5,2026-05-11 21:17:57,4,2026-05-11 12:19:06,25.4,60.6,17.25,14.268354673056317,
190,252.50021565170294,0.027565525726168445,0.19207992254684583,0.2577864943346372,60.70001289919961,112.8102208248018,0.2042697199693849,0.26586444692313127,109,2026-05-11 12:19:08,0.5,2026-05-11 21:17:59,4,2026-05-11 12:19:08,25.4,60.3,17.17,14.197719253882774,
191,254.42231299593143,0.027775361680778543,0.19380050451837083,0.2599954141146195,61.340047082174074,113.61972967774602,0.20608134141348963,0.26840251167796375,113,2026-05-11 12:19:10,0.6666666666666666,2026-05-11 21:18:01,3,2026-05-11 12:19:10,25.4,61.0,17.35,14.36253523195438,
192,256.26922028484984,0.027976989114066573,0.19453273947223942,0.2613904353713692,61.67701256275433,114.43464719370698,0.20759170617250805,0.26947838921558026,116,2026-05-11 12:19:12,0.5,2026-05-11 21:18:03,4,2026-05-11 12:19:12,25.4,60.4,17.2,14.221264393607287,
193,258.24625541838526,0.028192822643928524,0.19625932650828576,0.26349395409105847,62.160315838339315,115.51385131312243,0.20907548571483908,0.27221599734480617,120,2026-05-11 12:19:14,0.5,2026-05-11 21:18:05,4,2026-05-11 12:19:14,25.4,60.7,17.28,14.291899812780832,
194,260.1251890097089,0.028397946398439834,0.1978489374428145,0.2644326485848186,62.4365250490737,116.22272444275119,0.21029508019964105,0.27304513601578695,124,2026-05-11 12:19:16,0.6666666666666666,2026-05-11 21:18:07,3,2026-05-11 12:19:16,25.4,61.0,17.35,14.36253523195438,
195,262.8044969670746,0.028690447267147885,0.19928578815747275,0.2672165232234367,62.938558631419426,116.80110576732201,0.21226912225692432,0.2759623378401771,127,2026-05-11 12:19:18,0.5,2026-05-11 21:18:09,4,2026-05-11 12:19:18,25.4,61.3,17.43,14.433170651127927,
196,264.58518196745143,0.02888484519295321,0.20063780170201687,0.26868015474850454,63.53995292541529,117.74438180387386,0.21382136595979342,0.27753712549743187,131,2026-05-11 12:19:20,0.3333333333333333,2026-05-11 21:18:11,3,2026-05-11 12:19:20,25.4,61.2,17.41,14.40962551140341,
197,265.7364746063959,0.0290105321622703,0.20114661364940375,0.26958301568095455,63.37468994671506,118.09913822711188,0.21423904136132105,0.2782548036893394,134,2026-05-11 12:19:22,0.5,2026-05-11 21:18:13,4,2026-05-11 12:19:22,25.4,62.1,17.64,14.621531768924049,
198,267.43421801594747,0.029195875329251907,0.20296268224314054,0.2715830169858837,64.09772130651122,118.87480825463217,0.21593928608081567,0.28019989234767007,138,2026-05-11 12:19:24,0.5,2026-05-11 21:18:15,4,2026-05-11 12:19:24,25.4,62.4,17.71,14.692167188097596,
199,269.62129031517475,0.02943463868069593,0.2043417546278038,0.27236879434303857,63.77445023507297,119.59859355577505,0.2169259131151919,0.281061037073364,142,2026-05-11 12:19:26,0.6666666666666666,2026-05-11 21:18:17,3,2026-05-11 12:19:26,25.4,62.6,17.77,14.739257467546624,
200,271.1496821903419,0.02960149368890195,0.20528849501986648,0.27431436536033754,64.45645952329987,120.22175742390584,0.21838621627477112,0.2829138608535768,145,2026-05-11 12:19:28,0.5,2026-05-11 21:18:19,4,2026-05-11 12:19:28,25.4,62.7,17.79,14.76280260727114,
201,272.1281073106618,0.02970830865836919,0.206181676143464,0.2758824597253673,64.69622077066501,120.92596511398551,0.21946625260880992,0.2838355607160759,149,2026-05-11 12:19:30,0.5,2026-05-11 21:18:21,4,2026-05-11 12:19:30,25.4,63.3,17.94,14.904073445618232,
202,274.58828906197795,0.029976887452180995,0.2077173294464412,0.2775088105306136,64.95565896876464,121.40563969087755,0.2210051760639732,0.2857917837508748,153,2026-05-11 12:19:32,0.6666666666666666,2026-05-11 21:18:23,3,2026-05-11 12:19:32,25.4,62.6,17.77,14.739257467546624,
203,274.035979407881,0.029916591638414956,0.20789021889059206,0.27753531570998036,65.23538966465581,121.37420607094614,0.220680501551608,0.2856694162390027,156,2026-05-11 12:19:34,0.5,2026-05-11 21:18:25,4,2026-05-11 12:19:34,25.4,62.4,17.71,14.692167188097596,
204,276.5148166926676,0.03018720706251829,0.20968121838234924,0.2794345846513393,65.88738010714236,122.57231705791308,0.22258934769863858,0.28777062622608024,160,2026-05-11 12:19:36,0.3333333333333333,2026-05-11 21:18:27,3,2026-05-11 12:19:36,25.4,63.8,18.07,15.021799144240813,
205,277.07010781457404,0.030247828364036472,0.20996752278827116,0.28046211971375834,65.7652976292928,122.51407584457066,0.22295714263170657,0.28848390668161805,163,2026-05-11 12:19:38,0.5,2026-05-11 21:18:29,4,2026-05-11 12:19:38,25.4,63.2,17.92,14.88052830589372,
206,279.1817423696687,0.03047835615389396,0.21182119002728442,0.2817886147274576,66.27963573767397,123.15999515021763,0.2243356095778517,0.2895565607083549,167,2026-05-11 12:19:40,0.5,2026-05-11 21:18:31,4,2026-05-11 12:19:40,25.4,63.6,18.02,14.97470886479178,
207,279.09847689000026,0.030469266036026232,0.21182042430502124,0.2822069268577158,66.32614382673408,123.06867987887335,0.22471247499358035,0.29052750170959074,171,2026-05-11 12:19:42,0.6666666666666666,2026-05-11 21:18:33,3,2026-05-11 12:19:42,25.4,64.7,18.29,15.23370540176145,
208,281.01914275730377,0.030678945715862854,0.21288468957995343,0.28394514859307257,66.7349091139071,124.14404015819449,0.22602391366302546,0.2919163380413599,174,2026-05-11 12:19:44,0.5,2026-05-11 21:18:35,4,2026-05-11 12:19:44,25.4,64.2,18.17,15.115979703138871,
209,281.8724176343924,0.030772097995020998,0.21381725829754794,0.28482803771414156,66.59917085740523,124.28707588039656,0.22666312359086202,0.2926743704608454,178,2026-05-11 12:19:46,0.3333333333333333,2026-05-11 21:18:37,3,2026-05-11 12:19:46,25.4,64.2,18.17,15.115979703138871,
210,283.30712955578986,0.030928725934038195,0.21434381661143373,0.285464548781573,66.99306889177123,124.81191761345826,0.22755112992737286,0.29404238911017366,181,2026-05-11 12:19:48,0.5,2026-05-11 21:18:39,4,2026-05-11 12:19:48,25.4,63.9,18.09,15.045344283965328,
211,284.6676948090451,0.031077259258629374,0.21567387698332185,0.2868600985492079,67.15847737090543,125.09537915251187,0.22858681630162922,0.2950206470587192,185,2026-05-11 12:19:50,0.5,2026-05-11 21:18:41,4,2026-05-11 12:19:50,25.4,65.0,18.36,15.304340820934994,
212,285.9656726031414,0.031218959891172637,0.21625977405136307,0.28795530879176967,67.37616785346223,125.96039765568288,0.229575519116446,0.2961125231286022,189,2026-05-11 12:19:52,0.6666666666666666,2026-05-11 21:18:43,3,2026-05-11 12:19:52,25.4,64.8,18.31,15.257250541485964,
213,287.0714276480828,0.03133967550743262,0.21719327859696952,0.28814200961224185,67.48600784238882,126.06221607039248,0.23004068233650238,0.29622664479664645,192,2026-05-11 12:19:54,0.5,2026-05-11 21:18:45,4,2026-05-11 12:19:54,25.4,65.4,18.46,15.398521379833056,
214,286.2563217463551,0.031250690146982,0.21723607115966923,0.28858931268381266,67.71963101530592,125.8943086130335,0.23029453591856275,0.2965746995814158,196,2026-05-11 12:19:56,0.6666666666666666,2026-05-11 21:18:47,3,2026-05-11 12:19:56,25.4,65.3,18.44,15.374976240108543,
215,287.0457662785594,0.03133687404787767,0.21752407030991674,0.28898385025482165,67.76924376331414,126.18172445236921,0.23067956938275908,0.29836197505593615,199,2026-05-11 12:19:58,0.0,2026-05-11 21:18:49,1,2026-05-11 12:19:58,25.4,65.3,18.44,15.374976240108543,
219,292.4024582149258,0.03192166574398753,0.22107969757197915,0.2939379187057625,68.71681261711583,128.66224771676357,0.23489175454690542,0.30294927921289755,200,2026-05-11 12:20:06,0.5,2026-05-11 21:18:57,4,2026-05-11 12:20:06,25.4,66.0,18.61,15.53979221818015,
220,293.28622108765734,0.03201814640694949,0.22179086139024187,0.2948789118147433,69.06865839756226,129.03901214103692,0.23547264137400922,0.30387182108406935,204,2026-05-11 12:20:08,0.3333333333333333,2026-05-11 21:18:59,3,2026-05-11 12:20:08,25.4,66.5,18.73,15.657517916802728,
221,292.79116700665395,0.03196410120159977,0.22190856740629078,0.294267232600659,68.82522102981409,128.4887971815931,0.2351124850108727,0.30295209923556987,207,2026-05-11 12:20:10,0.5,2026-05-11 21:19:01,4,2026-05-11 12:20:10,25.3,66.5,18.63,15.569805101159753,
222,294.3544150218028,0.03213476146526231,0.22268119426998625,0.29596915887675973,69.28297773191605,129.67474587038845,0.23641687832695069,0.3051481145220517,211,2026-05-11 12:20:12,0.5,2026-05-11 21:19:03,4,2026-05-11 12:20:12,25.3,66.5,18.63,15.569805101159753,
223,296.0261110898668,0.03231726103601166,0.2237042545741714,0.2966901395722628,69.42426797296683,129.8590969369198,0.23711321967013912,0.30607915228570803,215,2026-05-11 12:20:14,0.6666666666666666,2026-05-11 21:19:05,3,2026-05-11 12:20:14,25.3,66.2,18.56,15.499565378898879,
224,295.87384063556453,0.032300637623969924,0.22376765923289235,0.2972512926477686,69.71714863063467,129.9782233621756,0.2375115888926334,0.3064787576617021,218,2026-05-11 12:20:16,0.5,2026-05-11 21:19:07,4,2026-05-11 12:20:16,25.3,67.1,18.78,15.710284545681493,
225,297.44763478849217,0.03247244921271749,0.22465131226069657,0.2985604741357319,69.94346695422682,130.59082236855286,0.2385934366521173,0.30794175248542094,222,2026-05-11 12:20:18,0.3333333333333333,2026-05-11 21:19:09,3,2026-05-11 12:20:18,25.3,66.5,18.63,15.569805101159753,
226,297.1380053575732,0.03243864687309751,0.22505657092605166,0.29839005625009085,69.80210572953723,130.4260594468777,0.2385480469542343,0.30774620183858287,225,2026-05-11 12:20:20,0.5,2026-05-11 21:19:11,4,2026-05-11 12:20:20,25.3,66.9,18.73,15.663458064174248,
227,298.4582765742023,0.03258278128539326,0.22545529574772372,0.2994209594578545,69.94981732467818,131.0032307181961,0.2394949406686037,0.3089274859200565,229,2026-05-11 12:20:22,0.5,2026-05-11 21:19:13,4,2026-05-11 12:20:22,25.3,66.8,18.71,15.64004482342062,
228,298.75702911722414,0.0326153961918367,0.2260896102446327,0.2998780634014035,70.22653584737978,131.08097782705116,0.2397827391486956,0.30907360334157047,233,2026-05-11 12:20:24,0.6666666666666666,2026-05-11 21:19:15,3,2026-05-11 12:20:24,25.3,67.5,18.87,15.80393750869599,
229,299.7611049965325,0.03272501146250355,0.22650454751439697,0.30077705429125423,70.20119159316346,131.4427227273923,0.24051699723014328,0.3099715080449859,236,2026-05-11 12:20:26,0.5,2026-05-11 21:19:17,4,2026-05-11 12:20:26,25.3,66.9,18.73,15.663458064174248,
230,300.66981771521824,0.03282421590777492,0.22725826759923864,0.3011647170937788,70.60368994254718,131.5697584493541,0.24097011800593235,0.3108197671707318,240,2026-05-11 12:20:28,0.3333333333333333,2026-05-11 21:19:19,3,2026-05-11 12:20:28,25.3,67.5,18.87,15.80393750869599,
231,301.2238925211003,0.03288470442370091,0.22763270274677344,0.3017698404495326,70.44918575782198,131.93723422673435,0.24153216199608668,0.31084931914065167,243,2026-05-11 12:20:30,0.5,2026-05-11 21:19:21,4,2026-05-11 12:20:30,25.3,67.5,18.87,15.80393750869599,
232,302.658743799838,0.03304134757640153,0.22859578454964194,0.30312807305258804,70.61341177151371,132.38449832221363,0.24224056565075705,0.3120064742883329,247,2026-05-11 12:20:32,0.5,2026-05-11 21:19:23,4,2026-05-11 12:20:32,25.3,68.3,19.06,15.991243434724975,
233,301.6000494653828,0.0329257695922907,0.22837762171380024,0.3028084395168155,70.77458868023699,132.44262791755284,0.24212522780211496,0.3122582139487256,251,2026-05-11 12:20:34,0.6666666666666666,2026-05-11 21:19:25,3,2026-05-11 12:20:34,25.3,67.8,18.94,15.87417723095686,
234,303.2505691586641,0.03310595733173188,0.22941809372365501,0.30428267889597427,70.9911495963569,132.97969987452598,0.24321791892532924,0.3133796195572893,254,2026-05-11 12:20:36,0.5,2026-05-11 21:19:27,4,2026-05-11 12:20:36,25.3,68.4,19.08,16.0146566754786,
235,303.89346501989854,0.03317614246942124,0.22994455446279996,0.30487271011775713,71.0870157640418,133.31087775660964,0.24356450624471768,0.3143333683080833,258,2026-05-11 12:20:38,0.3333333333333333,2026-05-11 21:19:29,3,2026-05-11 12:20:38,25.3,68.4,19.08,16.0146566754786,
236,305.06728020398083,0.03330428823187564,0.23067680706112967,0.30576713546905887,71.38974968447488,133.67847860229136,0.24438364212303135,0.31545041382386835,261,2026-05-11 12:20:40,0.5,2026-05-11 21:19:31,4,2026-05-11 12:20:40,25.3,67.5,18.87,15.80393750869599,
237,305.7336033750666,0.033377030936142645,0.23064721659086448,0.3063129093248746,71.45360520434045,133.9254497994063,0.24483528944849198,0.315507407236294,265,2026-05-11 12:20:42,0.5,2026-05-11 21:19:33,4,2026-05-11 12:20:42,25.3,68.6,19.13,16.061483156985847,
238,306.6106225922635,0.0334727753921685,0.23162518369279836,0.307323428611817,71.70281321582827,134.5703004876857,0.2455664600620097,0.31652583346790886,269,2026-05-11 12:20:44,0.3333333333333333,2026-05-11 21:19:35,3,2026-05-11 12:20:44,25.3,69.2,19.27,16.201962601507592,
239,306.56028575704227,0.0334672801044806,0.2318544877971057,0.30736916705627815,71.83020971158192,134.0484956065967,0.24573583094180773,0.3167302351296927,272,2026-05-11 12:20:46,0.5,2026-05-11 21:19:37,4,2026-05-11 12:20:46,25.3,68.9,19.2,16.13172287924672,
240,306.99939463403285,0.03351521775480708,0.23232319737988466,0.30744402487870326,71.72161161692456,134.21762072071436,0.24593194837221818,0.31720943711361377,276,2026-05-11 12:20:48,0.5,2026-05-11 21:19:39,4,2026-05-11 12:20:48,25.3,69.2,19.27,16.201962601507592,
241,308.35531316047764,0.03366324379481197,0.23322989427028637,0.3082092900742082,71.79025529204941,134.42719319388382,0.24650474886753845,0.3175212706493648,280,2026-05-11 12:20:50,0.6666666666666666,2026-05-11 21:19:41,3,2026-05-11 12:20:50,25.3,69.0,19.22,16.15513612000034,
242,309.3154572761928,0.033768063021418424,0.23348303569686574,0.30914655690645915,72.05325280917467,135.06343631438574,0.24714399912988017,0.31873705104424616,283,2026-05-11 12:20:52,0.5,2026-05-11 21:19:43,4,2026-05-11 12:20:52,25.3,68.6,19.13,16.061483156985847,
243,309.1123062802308,0.0337458849650907,0.2336630294848381,0.3094363191885949,72.32841583187071,135.15724423823053,0.24738831854411394,0.3188898845871527,287,2026-05-11 12:20:54,0.3333333333333333,2026-05-11 21:19:45,3,2026-05-11 12:20:54,25.3,69.2,19.27,16.201962601507592,
244,309.2600685283478,0.03376201621488513,0.23403705874709757,0.3095960640255297,72.31964326404349,135.17567380745024,0.24780166856300287,0.31934844262670026,290,2026-05-11 12:20:56,0.5,2026-05-11 21:19:47,4,2026-05-11 12:20:56,25.3,69.9,19.43,16.36585528678296,
245,310.81840762402544,0.03393214057030845,0.23466987429260894,0.3110063168570934,72.47593508802476,135.91936703872233,0.24870881353008992,0.3206518586255924,294,2026-05-11 12:20:58,0.5,2026-05-11 21:19:49,4,2026-05-11 12:20:58,25.3,68.6,19.13,16.061483156985847,
246,310.8993690529884,0.03394097915425638,0.23469427486560313,0.31122858762753447,72.49533911391235,136.00115686452295,0.2488583426725735,0.32077577965021187,298,2026-05-11 12:21:00,0.5,2026-05-11 21:19:51,2,2026-05-11 12:21:00,25.3,70.3,19.52,16.45950824979745,
255,314.3474304480333,0.034317405070745995,0.23812021106411244,0.3142681349236196,73.61179582957614,137.17520434283975,0.25169723139894673,0.3240417620416904,300,2026-05-11 12:21:18,0.6666666666666666,2026-05-11 21:20:09,3,2026-05-11 12:21:18,25.3,70.9,19.66,16.599987694319193,
256,316.09982138128834,0.034508714124594796,0.23880732429230622,0.3154115125854337,73.3854543913928,137.77035857027715,0.2527902436167129,0.3248070068464273,303,2026-05-11 12:21:20,0.6666666666666666,2026-05-11 21:20:11,3,2026-05-11 12:21:20,25.3,70.5,19.57,16.5063347313047,
257,315.57366588525156,0.0344512735682589,0.23863130770818786,0.3152399893952217,73.67814680399277,137.57079494754583,0.252655327710004,0.32474189414830024,306,2026-05-11 12:21:22,0.5,2026-05-11 21:20:13,4,2026-05-11 12:21:22,25.3,71.5,19.8,16.740467138840934,
258,316.7393515539739,0.03457853182903645,0.23909001407895306,0.31608789018951816,73.93031131859746,138.17938900027136,0.25323047948735417,0.3256331900958213,310,2026-05-11 12:21:24,0.3333333333333333,2026-05-11 21:20:15,3,2026-05-11 12:21:24,25.3,71.4,19.77,16.71705389808731,
259,317.0212260523515,0.03460930415418685,0.23969060553048055,0.3161208124360002,73.91867331803445,137.8500066915267,0.253633113223541,0.32587358788119947,313,2026-05-11 12:21:26,0.5,2026-05-11 21:20:17,4,2026-05-11 12:21:26,25.3,71.2,19.73,16.670227416580065,
260,316.4900226504698,0.03455131251642683,0.23973318868380133,0.3164027617382923,74.12067594776786,138.07454307907486,0.2536971588232921,0.326111847404109,317,2026-05-11 12:21:28,0.5,2026-05-11 21:20:19,4,2026-05-11 12:21:28,25.3,71.4,19.77,16.71705389808731,
261,318.59753638491,0.034781390435033845,0.24039925919980257,0.3179318548723042,74.26486975949149,138.83750975772605,0.25490347595811863,0.3273582849586328,321,2026-05-11 12:21:30,0.6666666666666666,2026-05-11 21:20:21,3,2026-05-11 12:21:30,25.3,71.9,19.89,16.834120101855433,
262,318.04360677682746,0.03472091777039601,0.24075732763653906,0.3173028905868584,74.2906599865515,138.2128408907194,0.2544180565581854,0.3266386008504357,324,2026-05-11 12:21:32,0.5,2026-05-11 21:20:23,4,2026-05-11 12:21:32,25.3,71.7,19.84,16.787293620348184,
263,317.90377894045673,0.03470565272275728,0.24071322704918596,0.31724326433307437,74.23354886180178,138.5617576450624,0.25455325794129985,0.32718772342256325,328,2026-05-11 12:21:34,0.6666666666666666,2026-05-11 21:20:25,3,2026-05-11 12:21:34,25.3,71.8,19.86,16.810706861101806,
264,319.3405568714454,0.03486250620867308,0.2414985727354358,0.31859553338924895,74.53134054872966,139.07123271200916,0.25541042772459616,0.32810173419084426,331,2026-05-11 12:21:36,0.5,2026-05-11 21:20:27,4,2026-05-11 12:21:36,25.3,71.9,19.89,16.834120101855433,
265,320.3380260057758,0.03497140021897115,0.2419828566730784,0.3195973833574232,74.46127610659273,139.5679555145457,0.2564012495774517,0.3293133914467535,335,2026-05-11 12:21:38,0.3333333333333333,2026-05-11 21:20:29,3,2026-05-11 12:21:38,25.3,72.2,19.95,16.904359824116302,
266,319.07108160563035,0.034833087511531705,0.24158075645854174,0.31888018656648043,74.5338302730207,139.08761236246556,0.25555726674220036,0.3288508469125617,338,2026-05-11 12:21:40,0.5,2026-05-11 21:20:31,4,2026-05-11 12:21:40,25.3,71.9,19.89,16.834120101855433,
267,321.47307707122746,0.03509531409074536,0.24273301337447778,0.31992123317667126,74.88023497389305,139.84003860659794,0.2569402388573179,0.32974048022150376,342,2026-05-11 12:21:42,0.5,2026-05-11 21:20:33,4,2026-05-11 12:21:42,25.3,71.9,19.89,16.834120101855433,
268,320.7647219126599,0.035017982741556763,0.24212531578099142,0.32067107410268675,75.23474972480601,140.25221292225982,0.2570283775109995,0.3301948254440951,346,2026-05-11 12:21:44,0.6666666666666666,2026-05-11 21:20:35,3,2026-05-11 12:21:44,25.3,71.7,19.84,16.787293620348184,
269,321.55945923030885,0.035104744457457294,0.24283616508760172,0.3207661487720249,74.88896982038803,140.18526081167374,0.2574569334501459,0.33050669248007214,349,2026-05-11 12:21:46,0.5,2026-05-11 21:20:37,4,2026-05-11 12:21:46,25.2,72.1,19.84,16.78630767557909,
270,323.17681928243866,0.035281312148737844,0.24388823569691886,0.32201716138094993,75.35505189452358,140.82036593185393,0.2583859925355118,0.3315460594200443,353,2026-05-11 12:21:48,0.3333333333333333,2026-05-11 21:20:39,3,2026-05-11 12:21:48,25.3,71.7,19.84,16.787293620348184,
271,323.9334097804622,0.035363909364679286,0.24440125717707378,0.3220862206829832,75.06891664732578,140.76356337380201,0.2585184515907942,0.3321001400459499,356,2026-05-11 12:21:50,0.5,2026-05-11 21:20:41,4,2026-05-11 12:21:50,25.2,71.8,19.77,16.716461735181394,
272,323.1888149893393,0.035282621723726995,0.24427978445778115,0.3220903539863913,75.14000829900655,140.57227938080177,0.2585235993364884,0.33179381354136456,360,2026-05-11 12:21:52,0.5,2026-05-11 21:20:43,4,2026-05-11 12:21:52,25.2,72.4,19.9,16.856153615976787,
273,324.8271684401141,0.03546148127075482,0.2447013680792817,0.32361917491136616,75.28696767948469,141.81883514625466,0.2595816833653371,0.3334530848158945,364,2026-05-11 12:21:54,0.6666666666666666,2026-05-11 21:20:45,3,2026-05-11 12:21:54,25.2,73.0,20.04,16.99584549677217,
274,322.896067609243,0.03525066240275578,0.24426701751143387,0.3221708748391571,75.4583569696492,140.67253998485694,0.2584704922176523,0.3321028027624371,367,2026-05-11 12:21:56,0.5,2026-05-11 21:20:47,4,2026-05-11 12:21:56,25.2,73.5,20.15,17.112255397434996,
275,323.8890063568108,0.035359061829346165,0.24475313755312608,0.32249115326616035,75.44533658130571,140.9862691530386,0.2591661280299589,0.3328668611915334,371,2026-05-11 12:21:58,0.3333333333333333,2026-05-11 21:20:49,3,2026-05-11 12:21:58,25.2,72.7,19.97,16.925999556374475,
276,324.4144648679839,0.03541642629563143,0.24506823213646134,0.32316445578769865,75.65074191245543,141.1470712344935,0.2593413872675415,0.33261653209029207,374,2026-05-11 12:22:00,0.5,2026-05-11 21:20:51,4,2026-05-11 12:22:00,25.2,73.5,20.15,17.112255397434996,
277,325.6245360277485,0.03554853013403368,0.24581240597574386,0.3240690563856077,75.54710396273869,141.51918578158325,0.2602652713305667,0.33384763098890596,378,2026-05-11 12:22:02,0.5,2026-05-11 21:20:53,4,2026-05-11 12:22:02,25.2,73.0,20.04,16.99584549677217,
278,325.6623526392723,0.03555265858507339,0.24592248671872866,0.32436863391698256,75.93767537222682,141.93758365781255,0.26027675714943915,0.3340561285843217,382,2026-05-11 12:22:04,0.6666666666666666,2026-05-11 21:20:55,3,2026-05-11 12:22:04,25.2,73.1,20.06,17.01912747690474,
279,325.29658549411863,0.03551272767403042,0.24589854476204648,0.32456607554206873,75.65676202829603,141.6587349007732,0.2605217227200928,0.3342794113583116,385,2026-05-11 12:22:06,0.5,2026-05-11 21:20:57,4,2026-05-11 12:22:06,25.2,73.3,20.1,17.065691437169864,
280,325.86783171141127,0.035575090798189,0.2460699745638667,0.3239443736437253,75.54571112328834,141.38027991308115,0.260209657172152,0.3344494266917623,389,2026-05-11 12:22:08,0.6666666666666666,2026-05-11 21:20:59,3,2026-05-11 12:22:08,25.2,73.1,20.06,17.01912747690474,
281,326.06708522879524,0.035596843365589,0.24635103952181403,0.32452615207561913,75.67378233094561,141.72296137419255,0.2606402171569469,0.33469077683452797,392,2026-05-11 12:22:10,0.5,2026-05-11 21:21:01,4,2026-05-11 12:22:10,25.2,73.8,20.21,17.182101337832687,
282,326.80120176357946,0.035676987092093826,0.24685675606438343,0.3253075335054347,75.94087512725402,142.23251187775136,0.26129719705658977,0.33527902920940683,396,2026-05-11 12:22:12,0.3333333333333333,2026-05-11 21:21:03,3,2026-05-11 12:22:12,25.2,73.1,20.06,17.01912747690474,
283,327.6389064222067,0.03576843956574308,0.24720907235657158,0.3261814965356483,76.24137281155812,142.85408710594885,0.26211759102008964,0.3360113757403565,399,2026-05-11 12:22:14,0.0,2026-05-11 21:21:05,1,2026-05-11 12:22:14,25.2,73.5,20.15,17.112255397434996,
288,328.75526085873355,0.03589031232082244,0.24842583032796975,0.32639227896433637,76.37296788435611,142.57271083202633,0.2627259977173022,0.3367069922757165,400,2026-05-11 12:22:24,0.6666666666666666,2026-05-11 21:21:15,3,2026-05-11 12:22:24,25.2,73.8,20.21,17.182101337832687,
289,327.9463633946862,0.035802004737411165,0.24817578694122763,0.32638953467684984,76.64036774096631,142.34076039433404,0.2622982274806147,0.3363294300655941,403,2026-05-11 12:22:26,0.3333333333333333,2026-05-11 21:21:17,3,2026-05-11 12:22:26,25.2,74.3,20.32,17.29851123849551,
290,329.35170099440154,0.03595542587275126,0.24844913695207702,0.3279048162710897,76.9094474204503,143.25063325552946,0.26344903453754204,0.33775141191163666,406,2026-05-11 12:22:28,0.5,2026-05-11 21:21:19,4,2026-05-11 12:22:28,25.2,73.5,20.15,17.112255397434996,
291,329.7668093906499,0.036000743383258725,0.24890158688461814,0.3285059339531938,76.66899308652464,143.80302186817957,0.26361675265559015,0.33795862371384616,410,2026-05-11 12:22:30,0.5,2026-05-11 21:21:21,4,2026-05-11 12:22:30,25.2,74.4,20.34,17.32179321862808,
292,329.3404447398964,0.03595419702400616,0.24895133575939551,0.32820932381178336,76.8788312145223,143.22391005780028,0.26360152046556723,0.33819516697130075,414,2026-05-11 12:22:32,0.6666666666666666,2026-05-11 21:21:23,3,2026-05-11 12:22:32,25.2,74.6,20.39,17.368357178893206,
293,330.02021220037363,0.03602840744545564,0.2490917562032477,0.32876388743473917,76.9495320329556,143.49441653873757,0.2640198135461603,0.3387110995590379,417,2026-05-11 12:22:34,0.5,2026-05-11 21:21:25,4,2026-05-11 12:22:34,25.2,74.6,20.39,17.368357178893206,
294,330.5924014756004,0.03609087352353716,0.24932729874066095,0.3288925477108444,76.63491431245463,143.94648299482137,0.26428323881576965,0.33939714329022586,421,2026-05-11 12:22:36,0.3333333333333333,2026-05-11 21:21:27,3,2026-05-11 12:22:36,25.2,74.6,20.39,17.368357178893206,
295,330.0587405309991,0.03603261359508724,0.2494020815144252,0.3296019505220661,77.0773251852273,144.03292441615082,0.26464524284822133,0.33938790279046893,424,2026-05-11 12:22:38,0.5,2026-05-11 21:21:29,4,2026-05-11 12:22:38,25.2,74.7,20.41,17.39163915902577,
296,330.19111720686,0.03604706519725545,0.2499226376220307,0.3290264433981396,77.05905887907447,143.63188420822232,0.2641501367048347,0.3387901316690414,428,2026-05-11 12:22:40,0.5,2026-05-11 21:21:31,4,2026-05-11 12:22:40,25.2,74.4,20.34,17.32179321862808,
297,330.7135864515712,0.03610410332440733,0.2499140180560241,0.32906460404068394,76.84635716646572,143.69747914481107,0.2644733216494674,0.33901918549796134,432,2026-05-11 12:22:42,0.6666666666666666,2026-05-11 21:21:33,3,2026-05-11 12:22:42,25.2,74.7,20.41,17.39163915902577,
298,331.7240340604684,0.03621441419874109,0.25031475633218664,0.33051513636790464,77.33861437190262,144.64042260867313,0.26527395388130237,0.3406637882761609,435,2026-05-11 12:22:44,0.5,2026-05-11 21:21:35,4,2026-05-11 12:22:44,25.1,75.1,20.4,17.386667830504944,
299,329.89394045341714,0.036014622320242044,0.24994519122748338,0.32923464640449546,77.21834083351804,143.73886979212568,0.26454913349810644,0.33969288832790706,439,2026-05-11 12:22:46,0.3333333333333333,2026-05-11 21:21:37,3,2026-05-11 12:22:46,25.1,75.1,20.4,17.386667830504944,
300,332.64633200370736,0.036315101747129624,0.2507861930988326,0.33057227884522933,77.24203892203369,144.5630009818813,0.2657405581995761,0.3408544660160976,442,2026-05-11 12:22:48,0.5,2026-05-11 21:21:39,4,2026-05-11 12:22:48,25.1,75.3,20.44,17.432970541105494,
301,332.48691345441387,0.03629769797537269,0.2509418797452705,0.33056369264764407,77.25342354019746,144.27174293585747,0.2658168817405236,0.34067973167228305,446,2026-05-11 12:22:50,0.5,2026-05-11 21:21:41,4,2026-05-11 12:22:50,25.1,74.8,20.33,17.31721376460413,
302,330.7465090557737,0.036107697495171794,0.2501435088950353,0.33040546620180283,77.14705551420887,144.37596581505775,0.26523420032653494,0.3408268702445443,450,2026-05-11 12:22:52,0.6666666666666666,2026-05-11 21:21:43,3,2026-05-11 12:22:52,25.1,75.4,20.46,17.45612189640577,
303,332.45059660388745,0.0362937332536995,0.2512884126720965,0.33129042738142944,77.79865554684402,144.78054722636054,0.26601824884471215,0.34142941294087825,453,2026-05-11 12:22:54,0.5,2026-05-11 21:21:45,4,2026-05-11 12:22:54,25.1,75.3,20.44,17.432970541105494,
304,331.418740985627,0.03618108526043962,0.2510731915174672,0.3305446448384452,77.36996536897401,144.29181895848407,0.26540386120194664,0.3405567825245417,457,2026-05-11 12:22:56,0.6666666666666666,2026-05-11 21:21:47,3,2026-05-11 12:22:56,25.1,75.9,20.57,17.57187867290713,
305,332.60297019888907,0.03631036792564291,0.25179991706655214,0.3311002956426794,77.68316326001997,144.67376128355554,0.2660664531060625,0.3414969843864746,460,2026-05-11 12:22:58,0.5,2026-05-11 21:21:49,4,2026-05-11 12:22:58,25.1,75.3,20.44,17.432970541105494,
306,333.16970932610974,0.03637223900940063,0.2513733921553628,0.3313476414924086,77.5181650441195,144.93552359178898,0.26626299290693356,0.341702482314965,464,2026-05-11 12:23:00,0.3333333333333333,2026-05-11 21:21:51,3,2026-05-11 12:23:00,25.1,75.6,20.51,17.50242460700631,
307,333.2250027728184,0.03637827541187974,0.2516842874555988,0.3321694105573154,77.919524096401,145.13381707425685,0.26666658412763944,0.3420445624040376,467,2026-05-11 12:23:02,0.5,2026-05-11 21:21:53,4,2026-05-11 12:23:02,25.1,75.4,20.46,17.45612189640577,
308,333.75177808058834,0.036435783633252,0.2522918089203302,0.33215440413697955,77.95079292905064,145.05070035883148,0.26688234550464207,0.34215926877487923,471,2026-05-11 12:23:04,0.5,2026-05-11 21:21:55,4,2026-05-11 12:23:04,25.1,75.1,20.4,17.386667830504944,
309,334.1451385263255,0.03647872691335432,0.25239891912804757,0.3325384720004824,77.85211679631905,145.3083115134981,0.26727562343761435,0.343014519236931,475,2026-05-11 12:23:06,0.6666666666666666,2026-05-11 21:21:57,3,2026-05-11 12:23:06,25.1,76.1,20.61,17.61818138350767,
310,334.20775995179457,0.03648556331351469,0.25290203280977774,0.33229074027006356,77.87922349461553,145.01970668846545,0.2670703565010577,0.34234367542237953,478,2026-05-11 12:23:08,0.5,2026-05-11 21:21:59,4,2026-05-11 12:23:08,25.1,75.9,20.57,17.57187867290713,
311,334.7834174581533,0.036548408019449044,0.25287779576473557,0.33306440564835293,77.87003449160584,145.4108528513981,0.26754584233008527,0.34305805927500416,482,2026-05-11 12:23:10,0.5,2026-05-11 21:22:01,4,2026-05-11 12:23:10,25.1,76.3,20.66,17.66448409410822,
312,334.24160118712354,0.03648925777152004,0.25309895651839387,0.3324687171425935,77.72799769868581,144.98040015132594,0.26716245048120735,0.342076254688182,486,2026-05-11 12:23:12,0.6666666666666666,2026-05-11 21:22:03,3,2026-05-11 12:23:12,25.1,75.9,20.57,17.57187867290713,
313,335.2649564844996,0.03660097778215061,0.2531628909589343,0.3334953371443321,78.11591793675342,145.66470751207885,0.2680119287469558,0.34420389113613437,489,2026-05-11 12:23:14,0.5,2026-05-11 21:22:05,4,2026-05-11 12:23:14,25.1,76.1,20.61,17.61818138350767,
314,335.44198666268795,0.03662030422081746,0.25363682162939616,0.3338575760116889,78.03590889103627,145.54904505510942,0.2683754736837522,0.3439534181822357,493,2026-05-11 12:23:16,0.6666666666666666,2026-05-11 21:22:07,3,2026-05-11 12:23:16,25.1,76.3,20.66,17.66448409410822,
315,336.2342785671186,0.03670679897020945,0.2537114033718204,0.3343368552660537,78.214205112336,146.18644146793787,0.2686003641695064,0.3450359012293041,496,2026-05-11 12:23:18,0.5,2026-05-11 21:22:09,4,2026-05-11 12:23:18,25.1,76.1,20.61,17.61818138350767,
319,336.0432179032908,0.03668594081913655,0.25422508258674337,0.3353564785686385,78.31916726885184,146.36007382208,0.26887673765272857,0.34557058932814577,500,2026-05-11 12:23:26,0.6666666666666666,2026-05-11 21:22:17,3,2026-05-11 12:23:26,25.1,76.0,20.59,17.595030028207404,
320,338.20213790913994,0.036921630776106974,0.25511571163845626,0.3361088527974758,78.34224123103816,146.8303449609915,0.26957816446901206,0.34646809015032365,503,2026-05-11 12:23:28,0.3333333333333333,2026-05-11 21:22:19,3,2026-05-11 12:23:28,25.1,76.7,20.74,17.75708951530931,
321,338.0134379395701,0.03690103034274783,0.2553062566162318,0.3362901653355895,78.10563296619841,146.7201926002563,0.26970555026522836,0.3460391561636813,506,2026-05-11 12:23:30,0.5,2026-05-11 21:22:21,4,2026-05-11 12:23:30,25.1,77.3,20.87,17.89599764711095,
322,338.9154818925555,0.036999506756829205,0.2558120053326168,0.33673887767867045,78.49145821391802,146.7954509387089,0.2700919151314106,0.3465865160824452,510,2026-05-11 12:23:32,0.5,2026-05-11 21:22:23,4,2026-05-11 12:23:32,25.1,77.0,20.8,17.82654358121013,
323,338.89749043144417,0.036997542623520105,0.2557465342937018,0.33676588339885544,78.43335750164965,146.76828521470753,0.2702917350632379,0.34635451954445523,514,2026-05-11 12:23:34,0.6666666666666666,2026-05-11 21:22:25,3,2026-05-11 12:23:34,25.1,76.7,20.74,17.75708951530931,
324,338.63807371254865,0.0369692220210206,0.2557180877155361,0.33699134760243943,78.42156295834629,146.85812548710365,0.2703320007377679,0.3467745427166149,517,2026-05-11 12:23:36,0.5,2026-05-11 21:22:27,4,2026-05-11 12:23:36,25.1,77.1,20.82,17.849694936510403,
325,339.25050202273474,0.03703608100684877,0.25604687038734114,0.33720628672993885,78.61880616495517,146.75650017485916,0.2702687647782351,0.3469935504295003,521,2026-05-11 12:23:38,0.3333333333333333,2026-05-11 21:22:29,3,2026-05-11 12:23:38,25.1,77.0,20.8,17.82654358121013,
326,339.2307337913512,0.03703392290298595,0.2560526185015253,0.3377809814671365,78.72317981274762,147.11822122344904,0.27068574717369764,0.347262341261152,524,2026-05-11 12:23:40,0.5,2026-05-11 21:22:31,4,2026-05-11 12:23:40,25.1,77.0,20.8,17.82654358121013,
327,338.8995783148208,0.03699777055838655,0.25589121741413456,0.3376784971897608,78.69100009266059,147.2737470625742,0.27072371791416544,0.34712796409150176,528,2026-05-11 12:23:42,0.3333333333333333,2026-05-11 21:22:33,3,2026-05-11 12:23:42,25.1,77.0,20.8,17.82654358121013,
328,338.9613779453433,0.03700451724294141,0.25619266012490277,0.3373205759792048,78.76323857665218,146.88020251445508,0.27074672373910125,0.3470829415100517,531,2026-05-11 12:23:44,0.5,2026-05-11 21:22:35,4,2026-05-11 12:23:44,25.1,76.7,20.74,17.75708951530931,
329,339.8090238759323,0.03709705500828955,0.25661562026746476,0.3388215359738919,78.99051758418229,147.98731739710752,0.27153594673260656,0.34847810741392293,535,2026-05-11 12:23:46,0.5,2026-05-11 21:22:37,4,2026-05-11 12:23:46,25.1,77.4,20.89,17.919149002411224,
330,341.0273925995549,0.037230064694274555,0.2570548735046695,0.3383436530389958,78.74273425199401,147.92130821290542,0.2717474228470598,0.34842136819858505,539,2026-05-11 12:23:48,0.6666666666666666,2026-05-11 21:22:39,3,2026-05-11 12:23:48,25.1,77.0,20.8,17.82654358121013,
331,340.4801157142364,0.03717031830941445,0.2569245782315289,0.33865272853351197,79.11180213867155,147.99557687561304,0.2715509010820475,0.3487272310456446,542,2026-05-11 12:23:50,0.5,2026-05-11 21:22:41,4,2026-05-11 12:23:50,25.1,77.3,20.87,17.89599764711095,
332,339.8688128454289,0.0371035821883656,0.25713012920672274,0.3388647122388777,79.21753858979632,147.84953403203713,0.27161604847305787,0.3487208249627401,546,2026-05-11 12:23:52,0.3333333333333333,2026-05-11 21:22:43,3,2026-05-11 12:23:52,25.1,77.8,20.97,18.011754423612317,
333,341.44572939310956,0.03727573464990279,0.2574584961263291,0.3394461685508128,79.3791611478576,148.29799566888914,0.2723553884529183,0.34945058512185756,549,2026-05-11 12:23:54,0.5,2026-05-11 21:22:45,4,2026-05-11 12:23:54,25.1,77.6,20.93,17.96545171301177,
334,340.9107129147822,0.03721732673742164,0.2574279175328438,0.3395285213561759,79.18385843355757,148.05833861393768,0.27229140445269384,0.3493973453735479,553,2026-05-11 12:23:56,0.5,2026-05-11 21:22:47,4,2026-05-11 12:23:56,25.1,77.6,20.93,17.96545171301177,
335,341.70330285714925,0.03730385402370625,0.25779111023153245,0.3396298312454287,79.11931897833242,148.3654168918061,0.2725638762908967,0.34984001284458355,557,2026-05-11 12:23:58,0.6666666666666666,2026-05-11 21:22:49,3,2026-05-11 12:23:58,25.1,77.7,20.95,17.988603068312045,
336,340.6465804609607,0.03718849131669877,0.25752895831044215,0.3397151127873641,79.24098668293121,147.95684750484335,0.27235452809191407,0.34942991838613396,560,2026-05-11 12:24:00,0.5,2026-05-11 21:22:51,4,2026-05-11 12:24:00,25.1,76.7,20.74,17.75708951530931,
337,341.0199316796696,0.03722925018337004,0.2576740463282295,0.33973393167163835,79.30134706268555,147.9925292122709,0.27221187433434774,0.34953082111144423,564,2026-05-11 12:24:02,0.3333333333333333,2026-05-11 21:22:53,3,2026-05-11 12:24:02,25.1,78.0,21.01,18.058057134212863,
338,341.72916529677707,0.037306677434145966,0.2580174200288967,0.33923866588978335,78.91181956732954,147.47720936484583,0.2726002024052662,0.3490803759261908,567,2026-05-11 12:24:04,0.5,2026-05-11 21:22:55,4,2026-05-11 12:24:04,25.1,78.3,21.08,18.127511200113677,
339,341.79569164327427,0.037313940135728633,0.2579488114513284,0.3396158467266281,79.2637352230984,147.92495810646636,0.2726736129015032,0.3493478706683246,571,2026-05-11 12:24:06,0.5,2026-05-11 21:22:57,4,2026-05-11 12:24:06,25.1,77.8,20.97,18.011754423612317,
340,342.3947662225478,0.03737934129067116,0.2586540695338673,0.3397286312230119,79.26648441151417,147.66663373633682,0.2727818102836867,0.34877942214781954,575,2026-05-11 12:24:08,0.6666666666666666,2026-05-11 21:22:59,3,2026-05-11 12:24:08,25.1,77.8,20.97,18.011754423612317,
341,343.61696922131193,0.03751276956564541,0.25891632742953496,0.34060715918432544,79.08712752868256,148.26055230754753,0.27341674164968155,0.35006287624123733,578,2026-05-11 12:24:10,0.5,2026-05-11 21:23:01,4,2026-05-11 12:24:10,25.1,77.7,20.95,17.988603068312045,
342,341.84219520604523,0.0373190169438914,0.25837713245212635,0.34016982095486475,79.56041822279347,148.30148925362712,0.2729889441606244,0.350132441457231,582,2026-05-11 12:24:12,0.5,2026-05-11 21:23:03,4,2026-05-11 12:24:12,25.1,78.0,21.01,18.058057134212863,
343,342.67849457416975,0.03741031600154692,0.25837581959101036,0.34046413422769856,79.45998611489331,148.21538043960342,0.27345881920932436,0.35032024580676885,586,2026-05-11 12:24:14,0.6666666666666666,2026-05-11 21:23:05,3,2026-05-11 12:24:14,25.1,77.3,20.87,17.89599764711095,
344,342.4750383830873,0.03738810462697459,0.25851622415224584,0.3404806397960808,79.34424170873761,148.29243593339038,0.2732230793517255,0.35023514340334505,589,2026-05-11 12:24:16,0.5,2026-05-11 21:23:07,4,2026-05-11 12:24:16,25.1,78.4,21.1,18.150662555413952,
345,344.70787664952223,0.037631864263048286,0.25944605017695216,0.3415152116976539,79.3949563943029,149.00757407735716,0.27424679222022036,0.35112138878756216,593,2026-05-11 12:24:18,0.6666666666666666,2026-05-11 21:23:09,3,2026-05-11 12:24:18,25.1,76.9,20.78,17.80339222590986,
346,342.5086261918059,0.03739177141831942,0.2589757569632053,0.34027156805421527,79.56851574324303,147.98433583424836,0.27328567197866843,0.34971021042690925,596,2026-05-11 12:24:20,0.5,2026-05-11 21:23:11,4,2026-05-11 12:24:20,25.1,78.0,21.01,18.058057134212863,
349,343.38876401735496,0.03748785633377238,0.2601254912934689,0.34123203864596036,79.48549013136271,148.4960203475343,0.273977897320174,0.3515583181332951,600,2026-05-11 12:24:27,1.0,2026-05-11 21:23:18,1,2026-05-11 12:24:26,25.1,78.6,21.14,18.196965266014494,
350,344.1258354120033,0.0375683226432318,0.25956221654858586,0.34226672364652466,79.70700120025919,149.1530488293571,0.27480935856555627,0.35192463600781687,601,2026-05-11 12:24:28,0.5,2026-05-11 21:23:19,4,2026-05-11 12:24:28,25.1,78.4,21.1,18.150662555413952,
351,344.3250591373463,0.03759007195822558,0.2596633819435992,0.342475176219221,79.7089578017987,149.41773146679873,0.27483112454331166,0.3520374730835954,605,2026-05-11 12:24:30,0.6666666666666666,2026-05-11 21:23:21,3,2026-05-11 12:24:30,25.1,79.4,21.3,18.382176108416683,
352,344.3368182231596,0.0375913557012183,0.260120239500643,0.3422346748652274,79.98169475190906,148.9023087361933,0.2748540126013683,0.35202799734688933,608,2026-05-11 12:24:32,0.5,2026-05-11 21:23:23,4,2026-05-11 12:24:32,25.1,79.5,21.32,18.405327463716954,
353,345.6803920237915,0.037738034063732696,0.2604423329267087,0.3433603947928116,79.56326181711268,149.81650006788638,0.27556634911181493,0.3530989260469875,612,2026-05-11 12:24:34,0.3333333333333333,2026-05-11 21:23:25,3,2026-05-11 12:24:34,25.1,79.3,21.28,18.359024753116408,
354,346.0394981174275,0.03777723778574536,0.2606947510689058,0.34337821979666205,79.93521783790432,149.83362900441642,0.2756824851634254,0.35313388095822174,615,2026-05-11 12:24:36,0.5,2026-05-11 21:23:27,4,2026-05-11 12:24:36,25.1,78.7,21.16,18.22011662131477,
355,344.8746980324322,0.037650076204414,0.26035407141467715,0.34276664212742364,79.63586840487072,149.19098265389485,0.27509095875735706,0.35252227949564485,619,2026-05-11 12:24:38,0.3333333333333333,2026-05-11 21:23:29,3,2026-05-11 12:24:38,25.1,79.0,21.22,18.28957068721559,
356,345.88674932359066,0.037760562153230426,0.2603936631980548,0.34353834180481635,79.8913694396103,150.06904159662466,0.27560864786258843,0.35333824945362746,622,2026-05-11 12:24:40,0.5,2026-05-11 21:23:31,4,2026-05-11 12:24:40,25.1,77.8,20.97,18.011754423612317,
357,346.5554932203391,0.037833569128857984,0.2608772801033892,0.34426999762930943,80.00296670108804,150.3237945613794,0.27594976326568665,0.35392555697817346,626,2026-05-11 12:24:42,0.5,2026-05-11 21:23:33,4,2026-05-11 12:24:42,25.1,78.6,21.14,18.196965266014494,
358,346.626093908476,0.03784127662756288,0.26100497210952667,0.34378519961552545,79.80203495059506,149.90123679352578,0.2760614378052035,0.3538799896667793,630,2026-05-11 12:24:44,0.6666666666666666,2026-05-11 21:23:35,3,2026-05-11 12:24:44,25.1,78.7,21.16,18.22011662131477,
359,346.60302093513275,0.037838757744010125,0.26114308127229385,0.34410478518332543,79.98934302321607,149.77655869693734,0.27595886750001397,0.35367106109458457,633,2026-05-11 12:24:46,0.5,2026-05-11 21:23:37,4,2026-05-11 12:24:46,25.1,78.6,21.14,18.196965266014494,
360,346.1073128343069,0.037784641139116476,0.26101456430535386,0.34424492414669455,79.72395213716486,149.82331657691984,0.2759177346039218,0.35335098763723066,637,2026-05-11 12:24:48,0.3333333333333333,2026-05-11 21:23:39,3,2026-05-11 12:24:48,25.1,78.7,21.16,18.22011662131477,
361,346.63563265192425,0.0378423179751009,0.26137821897988145,0.34414928448179244,80.02400668744001,149.6830251468113,0.27629577774481295,0.35370911116067427,640,2026-05-11 12:24:50,0.5,2026-05-11 21:23:41,4,2026-05-11 12:24:50,25.1,79.0,21.22,18.28957068721559,
362,346.7125494490989,0.037850715005360136,0.261369477258711,0.34433426395430294,79.97573657061338,149.81687308282028,0.2762871059569567,0.354197550921162,644,2026-05-11 12:24:52,0.5,2026-05-11 21:23:43,4,2026-05-11 12:24:52,25.1,78.4,21.1,18.150662555413952,
363,347.54679219231167,0.03794178954064538,0.2614700582948776,0.3448920064619281,79.89145958525364,150.2863572241645,0.27677059113611097,0.35512822173166253,648,2026-05-11 12:24:54,0.6666666666666666,2026-05-11 21:23:45,3,2026-05-11 12:24:54,25.1,78.8,21.18,18.243267976615044,
364,346.73050407507736,0.03785267511736653,0.2616761176692989,0.3442023023869112,80.39304231241556,149.78539208165807,0.2763568119587787,0.3539705105590163,651,2026-05-11 12:24:56,0.5,2026-05-11 21:23:47,4,2026-05-11 12:24:56,25.1,79.4,21.3,18.382176108416683,
365,347.39214248865665,0.03792490638522453,0.2615054748311047,0.345145291924903,80.09133153069713,150.30098847182276,0.2767974005005944,0.35438056783854804,655,2026-05-11 12:24:58,0.3333333333333333,2026-05-11 21:23:49,3,2026-05-11 12:24:58,25.1,79.1,21.24,18.312722042515862,
366,347.36405887571925,0.03792184048861564,0.2616891550240766,0.344540268958262,80.2525516554997,150.19922775169817,0.27648246908850693,0.3539496989700517,658,2026-05-11 12:25:00,0.5,2026-05-11 21:23:51,4,2026-05-11 12:25:00,25.1,79.4,21.3,18.382176108416683,
367,348.570209534956,0.038053516324776854,0.2623675533176531,0.34529296645380436,80.06898592319217,150.4804202323105,0.2771267462971463,0.3550647647393262,662,2026-05-11 12:25:02,0.5,2026-05-11 21:23:53,4,2026-05-11 12:25:02,25.1,78.8,21.18,18.243267976615044,
368,348.2893894630161,0.03802285911168298,0.26209861515657584,0.345988814408551,80.06895070679512,150.76479576459522,0.2773106089445186,0.35534177945855117,666,2026-05-11 12:25:04,0.6666666666666666,2026-05-11 21:23:55,3,2026-05-11 12:25:04,25.1,79.7,21.37,18.4516301743175,
369,347.8111562581152,0.037970650246519126,0.2622090098273707,0.34480434451236,79.88000358355357,150.22790223315084,0.27691801918641507,0.354670759954276,669,2026-05-11 12:25:06,0.5,2026-05-11 21:23:57,4,2026-05-11 12:25:06,25.1,80.0,21.43,18.521084240218322,
370,347.9357795811082,0.03798425541278474,0.2624491479986349,0.34511973642253596,79.94563219234095,150.23212591408435,0.27701150498293586,0.3546969123378238,673,2026-05-11 12:25:08,0.3333333333333333,2026-05-11 21:23:59,3,2026-05-11 12:25:08,25.1,80.0,21.43,18.521084240218322,
371,348.26610805989384,0.038020317473787535,0.26239666367997194,0.34531648129417863,80.28188801805723,150.45874462444783,0.2773410428326699,0.355266814320621,676,2026-05-11 12:25:10,0.5,2026-05-11 21:24:01,4,2026-05-11 12:25:10,25.1,79.0,21.22,18.28957068721559,
372,348.74221345802215,0.038072294045635606,0.2623914811522605,0.34622076613862407,80.58037599572849,151.2242115998474,0.27798533402070974,0.3562993353450313,680,2026-05-11 12:25:12,0.3333333333333333,2026-05-11 21:24:03,3,2026-05-11 12:25:12,25.1,79.8,21.39,18.47478152961777,
373,345.8828804513894,0.03776013978726958,0.26149541809572163,0.3445813825843821,80.30149983476379,149.85083320648792,0.2764772401556663,0.3543944135893343,683,2026-05-11 12:25:14,0.5,2026-05-11 21:24:05,4,2026-05-11 12:25:14,25.1,79.5,21.32,18.405327463716954,
374,347.2232302943223,0.0379064661893365,0.26191726960598744,0.3452413020312378,80.20686800070172,150.31477592772322,0.27695005933264405,0.3548892616041003,687,2026-05-11 12:25:16,0.5,2026-05-11 21:24:07,4,2026-05-11 12:25:16,25.1,79.7,21.37,18.4516301743175,
375,348.0900113443381,0.03800109294152163,0.2626099041650168,0.3458671307632944,80.34034496752514,150.47891868687958,0.27746561773721795,0.3554463754174127,691,2026-05-11 12:25:18,0.6666666666666666,2026-05-11 21:24:09,3,2026-05-11 12:25:18,25.1,79.8,21.39,18.47478152961777,
376,349.0782509038692,0.0381089793563176,0.26284306958798287,0.34552843683468426,80.0928463911805,150.51120606377313,0.27769563943358777,0.3555513572311923,694,2026-05-11 12:25:20,0.5,2026-05-11 21:24:11,4,2026-05-11 12:25:20,25.1,79.8,21.39,18.47478152961777,
377,348.3498681989679,0.03802946159377379,0.26264370295539496,0.3462391869415794,80.58434246790414,150.71384774564075,0.2778130530925912,0.355839623469326,698,2026-05-11 12:25:22,0.0,2026-05-11 21:24:13,2,2026-05-11 12:25:22,25.1,79.8,21.39,18.47478152961777,
379,348.4507408972543,0.03804047389708016,0.2631118809835393,0.34557834328622344,80.59629806351735,150.25345294855845,0.2777326346527538,0.35590774489916166,700,2026-05-11 12:25:26,0.6666666666666666,2026-05-11 21:24:17,3,2026-05-11 12:25:26,25.1,80.4,21.51,18.61368966141941,
380,349.90128816272494,0.03819883058545032,0.2631147443685711,0.3472502824316806,80.72143996861325,151.4208614849304,0.27885817335354557,0.3572270385285808,703,2026-05-11 12:25:28,0.5,2026-05-11 21:24:19,4,2026-05-11 12:25:28,25.1,79.8,21.39,18.47478152961777,
381,350.33648575180524,0.03824634123928005,0.26380068519018884,0.3470798091874335,80.74495148005371,151.09330983522554,0.27876847453635456,0.35711996832895193,707,2026-05-11 12:25:30,0.3333333333333333,2026-05-11 21:24:21,3,2026-05-11 12:25:30,25.1,80.5,21.53,18.636841016719686,
382,349.67521331748196,0.038174149925489294,0.26360343154446464,0.3465446178471968,80.27356952184503,150.93815618069732,0.278227220839255,0.3567357985546872,710,2026-05-11 12:25:32,0.5,2026-05-11 21:24:23,4,2026-05-11 12:25:32,25.1,80.0,21.43,18.521084240218322,
383,349.8764394815365,0.03819611784732931,0.2636075767751096,0.34711696533162656,80.64436466180373,151.28320411571957,0.27847860451768297,0.3575135628267961,714,2026-05-11 12:25:34,0.5,2026-05-11 21:24:25,4,2026-05-11 12:25:34,25.1,79.5,21.32,18.405327463716954,
384,350.28693824665356,0.03824093212299712,0.26371370711789255,0.34763507903002067,80.32255520105193,151.27851622300605,0.2785966190011569,0.3573918413048593,718,2026-05-11 12:25:36,0.6666666666666666,2026-05-11 21:24:27,3,2026-05-11 12:25:36,25.1,80.3,21.49,18.590538306119136,
385,350.0533778824499,0.038215434266643006,0.2636635708675393,0.34704233267973345,80.51191661780237,150.83430174121835,0.278420329099115,0.3568817765850581,721,2026-05-11 12:25:38,0.5,2026-05-11 21:24:29,4,2026-05-11 12:25:38,25.1,79.8,21.39,18.47478152961777,
386,351.0834052317682,0.03832788266722361,0.26433876428734643,0.3475308440349851,80.22900488583609,151.37163970338102,0.27910777077222276,0.3578700451515319,725,2026-05-11 12:25:40,0.3333333333333333,2026-05-11 21:24:31,3,2026-05-11 12:25:40,25.1,80.3,21.49,18.590538306119136,
387,351.906150797856,0.038417702052167685,0.26458567571123176,0.34868979352193435,80.7864725700925,151.91311662225633,0.2796360568202658,0.3586765438640517,728,2026-05-11 12:25:42,0.5,2026-05-11 21:24:33,4,2026-05-11 12:25:42,25.1,80.5,21.53,18.636841016719686,
388,351.3254645490679,0.038354308356885136,0.2640298841958528,0.3482318256668635,80.589266165932,151.7127606025992,0.2792693466981153,0.35818948392149785,732,2026-05-11 12:25:44,0.5,2026-05-11 21:24:35,4,2026-05-11 12:25:44,25.0,80.1,21.35,18.440112326555408,
389,351.1902165054098,0.03833954328661679,0.264205155562555,0.3482442303099524,80.63807828032033,151.6067350532405,0.27920093408890884,0.35843875045723433,736,2026-05-11 12:25:46,0.6666666666666666,2026-05-11 21:24:37,3,2026-05-11 12:25:46,25.1,80.4,21.51,18.61368966141941,
390,352.4274168664887,0.03847460882821929,0.26475980880716266,0.34906756327501165,80.58416127568489,152.28517640293663,0.27993494216690495,0.3595567182169893,739,2026-05-11 12:25:48,0.5,2026-05-11 21:24:39,4,2026-05-11 12:25:48,25.0,79.4,21.21,18.278962780630458,
391,351.0850989852299,0.03832806757480675,0.264586075113624,0.3483760028410117,80.8636584644528,151.64104860956024,0.27943726870172786,0.358530364509494,743,2026-05-11 12:25:50,0.6666666666666666,2026-05-11 21:24:41,3,2026-05-11 12:25:50,25.0,80.0,21.33,18.417090962851844,
392,352.43484362717743,0.03847541960995387,0.2651783554205551,0.3485886636861961,81.03105237902537,151.92168308095776,0.2800383190852056,0.35885836645877145,746,2026-05-11 12:25:52,0.5,2026-05-11 21:24:43,4,2026-05-11 12:25:52,25.0,81.1,21.55,18.670325963591054,
393,351.93765980904624,0.038421141900550904,0.26477885053526606,0.3486730586929572,80.9999047926198,151.9896422522077,0.279648667862339,0.3589169735270672,750,2026-05-11 12:25:54,0.5,2026-05-11 21:24:45,4,2026-05-11 12:25:54,25.0,80.7,21.47,18.578240508776798,
394,352.20286609874455,0.03845009455226469,0.2647464372787132,0.34872054685633697,80.79529800202145,151.93344987157118,0.2798037750857664,0.3590090495636708,754,2026-05-11 12:25:56,0.6666666666666666,2026-05-11 21:24:47,3,2026-05-11 12:25:56,25.0,81.2,21.57,18.69334732729462,
395,353.1300007408277,0.038551310124544505,0.26544669947782173,0.3495084601202393,80.99499716279195,152.67008391140428,0.28051423240360335,0.3597536812487433,757,2026-05-11 12:25:58,0.5,2026-05-11 21:24:49,4,2026-05-11 12:25:58,25.0,80.0,21.33,18.417090962851844,
396,351.1796504325057,0.03833838978520804,0.2647329523050776,0.348454821293327,80.66281750735574,151.77104827707714,0.2796767950659022,0.3590447436503513,761,2026-05-11 12:26:00,0.6666666666666666,2026-05-11 21:24:51,3,2026-05-11 12:26:00,25.0,80.8,21.49,18.60126187248036,
397,351.4280572596857,0.0383655084344635,0.2647795297448246,0.34789201738615605,80.66371312495934,151.04823308181267,0.2794602377115286,0.35812978597530704,764,2026-05-11 12:26:02,0.5,2026-05-11 21:24:53,4,2026-05-11 12:26:02,25.0,80.8,21.49,18.60126187248036,
398,353.3577261245476,0.03857617097429559,0.26498446266876324,0.34961689068058366,80.60028256158508,152.53862234925325,0.2804018793184802,0.35954781265893904,768,2026-05-11 12:26:04,0.3333333333333333,2026-05-11 21:24:55,3,2026-05-11 12:26:04,25.0,81.2,21.57,18.69334732729462,
399,351.9582843532297,0.03842339348834386,0.264932800687835,0.34876795835488494,80.61333909961502,151.9604351473192,0.27998221094458503,0.3591131058750647,771,2026-05-11 12:26:06,0.5,2026-05-11 21:24:57,4,2026-05-11 12:26:06,25.0,81.4,21.61,18.739390054701754,
400,351.38892275331455,0.03836123610844046,0.26521406067605824,0.34904997399350585,80.86961612276968,151.9506378736827,0.2798358197152032,0.35901743153133897,775,2026-05-11 12:26:08,0.5,2026-05-11 21:24:59,4,2026-05-11 12:26:08,25.0,80.7,21.47,18.578240508776798,
401,351.72528919520613,0.03839795733572119,0.264998592484527,0.3486486084624272,80.77387633345663,151.674451161434,0.2798421122994322,0.35854015218671825,779,2026-05-11 12:26:10,0.6666666666666666,2026-05-11 21:25:01,3,2026-05-11 12:26:10,25.0,80.5,21.43,18.53219778136967,
402,352.32812167930695,0.03846376874228242,0.2653728216165908,0.34925667350326633,80.98059340710986,152.2727730788469,0.28042754029798067,0.3594560098802469,782,2026-05-11 12:26:12,0.5,2026-05-11 21:25:03,4,2026-05-11 12:26:12,25.0,81.4,21.61,18.739390054701754,
403,351.87630738770685,0.03841444403795927,0.26522228116335994,0.34878317326103137,80.89507075304117,151.93654321311425,0.2801534277596429,0.35908884795468693,786,2026-05-11 12:26:14,0.3333333333333333,2026-05-11 21:25:05,3,2026-05-11 12:26:14,25.0,80.5,21.43,18.53219778136967,
404,352.25413013709203,0.03845569106300131,0.26532824884300965,0.34930037030351097,81.0867970052004,151.98118578931303,0.28053752316030983,0.35940994555017375,789,2026-05-11 12:26:16,0.5,2026-05-11 21:25:07,4,2026-05-11 12:26:16,25.0,81.0,21.53,18.647304599887494,
405,353.1079839165216,0.038548906541104974,0.26571736450355865,0.3497219245244091,81.08070775564515,152.56630421729312,0.2807107680710585,0.3599547605247051,793,2026-05-11 12:26:18,0.5,2026-05-11 21:25:09,4,2026-05-11 12:26:18,25.0,81.2,21.57,18.69334732729462,
406,353.460310376373,0.038587370128425,0.265825548406375,0.35022542514529836,81.16315263199782,152.66995537608477,0.2811587531405396,0.360233891108912,797,2026-05-11 12:26:20,0.6666666666666666,2026-05-11 21:25:11,3,2026-05-11 12:26:20,25.0,82.5,21.83,18.992625055440964,
410,352.5263146629037,0.038485405530884684,0.2661368479734123,0.34978739963096966,81.04052970229438,151.81078610809877,0.28061143458058924,0.3602971146832195,800,2026-05-11 12:26:29,1.0,2026-05-11 21:25:20,2,2026-05-11 12:26:28,25.0,81.5,21.63,18.762411418405314,
411,353.89390547104836,0.0386347058374507,0.2665343425872816,0.3501193594229499,80.81073997856893,152.30388614557214,0.2811333448429097,0.3605372327243909,802,2026-05-11 12:26:30,0.5,2026-05-11 21:25:21,4,2026-05-11 12:26:30,25.0,81.5,21.63,18.762411418405314,
412,353.69595234761977,0.03861309523445631,0.2661906155592868,0.3503814445690323,81.1194509085131,152.6335842878608,0.28109246953939143,0.3612058519643879,806,2026-05-11 12:26:32,0.6666666666666666,2026-05-11 21:25:23,3,2026-05-11 12:26:32,25.0,81.6,21.65,18.78543278210888,
413,354.9798561190177,0.038753259401639484,0.2671282245285188,0.35099103033903334,81.24734544910208,152.79570052146659,0.28165110726597353,0.3616297204314554,809,2026-05-11 12:26:34,0.5,2026-05-11 21:25:25,4,2026-05-11 12:26:34,25.0,81.2,21.57,18.69334732729462,
414,355.4650472281719,0.03880622786333754,0.2668728741869942,0.35126668986837034,81.22390557282226,153.04469341128532,0.28219722500976335,0.3620824943402135,813,2026-05-11 12:26:36,0.3333333333333333,2026-05-11 21:25:27,3,2026-05-11 12:26:36,25.0,81.4,21.61,18.739390054701754,
415,354.598962950274,0.03871167717797751,0.26673784275747625,0.35128136652275443,80.8029403102915,152.90938453058337,0.28172923709709397,0.3614526900123112,816,2026-05-11 12:26:38,0.5,2026-05-11 21:25:29,4,2026-05-11 12:26:38,25.0,81.5,21.63,18.762411418405314,
416,354.37224720115,0.038686926550343885,0.26652566454380366,0.351377682954125,81.0294249480468,153.0580471449092,0.2817450347669418,0.3619669436654672,820,2026-05-11 12:26:40,0.5,2026-05-11 21:25:31,4,2026-05-11 12:26:40,25.0,81.8,21.69,18.831475509516007,
417,355.1460146080299,0.03877139897467575,0.2670650639858596,0.3518409468482255,80.99880330793344,153.21130944377322,0.2821572999354927,0.362023148951667,824,2026-05-11 12:26:42,0.6666666666666666,2026-05-11 21:25:33,3,2026-05-11 12:26:42,25.0,81.9,21.71,18.854496873219578,
418,355.5339128812602,0.03881374594773583,0.26723236861594535,0.3519791707117087,81.09091918655304,153.22672957523798,0.28231547317613753,0.3624076167413142,827,2026-05-11 12:26:44,0.5,2026-05-11 21:25:35,4,2026-05-11 12:26:44,25.0,81.6,21.65,18.78543278210888,
419,355.7398180161128,0.03883622467424812,0.267118284103525,0.35121164851784675,81.20034983498324,152.99423599635088,0.28201676662441444,0.36167685982983144,831,2026-05-11 12:26:46,0.5,2026-05-11 21:25:37,4,2026-05-11 12:26:46,25.0,82.2,21.77,18.923560964330274,
420,356.1955280131221,0.038885974673921624,0.2673401427016131,0.3530799998693804,81.53421446429805,154.1718084169781,0.28288388576119544,0.36329735525531076,835,2026-05-11 12:26:48,0.6666666666666666,2026-05-11 21:25:39,3,2026-05-11 12:26:48,25.0,81.8,21.69,18.831475509516007,
421,355.83657917914604,0.038846788119994105,0.2672915848469285,0.352390917361668,81.44808756323076,153.59082416008306,0.28259546558730025,0.36339863032148106,838,2026-05-11 12:26:50,0.5,2026-05-11 21:25:41,4,2026-05-11 12:26:50,25.0,81.1,21.55,18.670325963591054,
422,355.94488793191914,0.038858612219641826,0.2677095455690557,0.3523422168728539,81.41622984677872,153.4731694275509,0.2826390763715503,0.36273080035779764,842,2026-05-11 12:26:52,0.3333333333333333,2026-05-11 21:25:43,3,2026-05-11 12:26:52,25.0,82.3,21.79,18.94658232803383,
423,356.0343814595944,0.03886838225541423,0.2673436527792959,0.35246378177037274,81.37673028581585,153.6492586851727,0.2825726590417434,0.36244876392873393,845,2026-05-11 12:26:54,0.5,2026-05-11 21:25:45,4,2026-05-11 12:26:54,25.0,80.7,21.47,18.578240508776798,
424,356.7320623599807,0.038944548292574314,0.2677684779511823,0.35303555667158976,81.58453864429008,153.83067501606087,0.28303736389593387,0.36322241954634416,849,2026-05-11 12:26:56,0.5,2026-05-11 21:25:47,4,2026-05-11 12:26:56,25.0,81.8,21.69,18.831475509516007,
425,355.31005912003485,0.03878930776419595,0.267269897435926,0.3521723647418579,81.44764192407833,153.48007623514033,0.28230471605094865,0.36245875707009123,853,2026-05-11 12:26:58,0.6666666666666666,2026-05-11 21:25:49,3,2026-05-11 12:26:58,25.0,82.1,21.75,18.900539600626704,
426,355.83671982702197,0.03884680347456572,0.2675845386353265,0.35221934851166337,81.43594887667498,153.0422696456408,0.28236581115431886,0.3625160847132588,856,2026-05-11 12:27:00,0.5,2026-05-11 21:25:51,4,2026-05-11 12:27:00,25.0,81.9,21.71,18.854496873219578,
427,355.3082832959378,0.03878911389693644,0.2672676970118157,0.3521457322439576,81.18811423877565,153.6849243987678,0.28233600533778686,0.3630112325922865,860,2026-05-11 12:27:02,0.3333333333333333,2026-05-11 21:25:53,3,2026-05-11 12:27:02,25.0,82.1,21.75,18.900539600626704,
428,356.3568271354243,0.03890358374840877,0.2676798568473164,0.3530719685539015,81.85986770061112,153.89537162945263,0.2830253387980112,0.3635397822735401,863,2026-05-11 12:27:04,0.5,2026-05-11 21:25:55,4,2026-05-11 12:27:04,25.0,81.9,21.71,18.854496873219578,
429,355.7286937039927,0.038835010229693524,0.2676380310652885,0.352956348818916,81.56013834571252,153.78321531679666,0.2828200217224808,0.3636545307802918,867,2026-05-11 12:27:06,0.5,2026-05-11 21:25:57,4,2026-05-11 12:27:06,25.0,82.5,21.83,18.992625055440964,
430,357.35730660248765,0.0390128063976515,0.26789736181723234,0.3538041000112057,82.20645519207237,154.32585288768925,0.28368722957295817,0.3642580246315988,871,2026-05-11 12:27:08,0.6666666666666666,2026-05-11 21:25:59,3,2026-05-11 12:27:08,25.0,81.9,21.71,18.854496873219578,
431,356.76632532376595,0.03894828879080414,0.2681819461774715,0.35388102355493445,81.70154351784794,154.173637615685,0.2835386437392068,0.3643452341932654,874,2026-05-11 12:27:10,0.5,2026-05-11 21:26:01,4,2026-05-11 12:27:10,25.0,81.9,21.71,18.854496873219578,
432,357.79735178125276,0.0390608462643289,0.2685067586836403,0.35469576262763725,81.78547705280063,154.73692309933804,0.2840933501989997,0.36493014387353906,878,2026-05-11 12:27:12,0.3333333333333333,2026-05-11 21:26:03,3,2026-05-11 12:27:12,25.0,82.6,21.85,19.015646419144527,
433,356.2903861591368,0.038896330366717996,0.26828142603990923,0.3531692757069314,81.68313096262563,153.91200958555473,0.28305658752195356,0.3632882960672818,881,2026-05-11 12:27:14,0.5,2026-05-11 21:26:05,4,2026-05-11 12:27:14,25.0,82.6,21.85,19.015646419144527,
434,356.8797083392194,0.038960666849259765,0.2681319649024973,0.3534104951254004,81.9366328605668,154.27775206485214,0.2835966213171737,0.3636440021052312,885,2026-05-11 12:27:16,0.5,2026-05-11 21:26:07,4,2026-05-11 12:27:16,25.0,81.9,21.71,18.854496873219578,
435,356.87220228111056,0.03895984741060159,0.26846474792450176,0.3532459522559714,81.81101990231654,153.83279144711705,0.2834753148999174,0.3636037288589444,889,2026-05-11 12:27:18,0.3333333333333333,2026-05-11 21:26:09,3,2026-05-11 12:27:18,25.0,81.9,21.71,18.854496873219578,
436,357.98246878425687,0.039081055544132846,0.26849875106529836,0.35384565768091325,81.86211911108717,154.66433957045746,0.28391614765866546,0.36494459298956894,892,2026-05-11 12:27:20,0.5,2026-05-11 21:26:11,4,2026-05-11 12:27:20,25.0,82.2,21.77,18.923560964330274,
437,357.4873715841487,0.039027005631457286,0.2688247549126316,0.3540176081879978,81.72479079983252,154.39549053198442,0.28407612121293124,0.36461209661632804,896,2026-05-11 12:27:22,0.5,2026-05-11 21:26:13,4,2026-05-11 12:27:22,25.0,82.1,21.75,18.900539600626704,
440,357.67479447889934,0.03904746664616805,0.26848239038034477,0.3538163361123913,81.45311917645341,154.48011333951584,0.2844937630561986,0.36422109722885354,900,2026-05-11 12:27:29,1.0,2026-05-11 21:26:20,1,2026-05-11 12:27:28,25.0,82.1,21.75,18.900539600626704,
441,357.0325492168082,0.03897735253458605,0.26823259292934676,0.3533065887090133,81.71175387159427,154.1468472222589,0.28387996650542285,0.36422420908641345,901,2026-05-11 12:27:30,0.5,2026-05-11 21:26:21,4,2026-05-11 12:27:30,25.0,82.3,21.79,18.94658232803383,
442,356.04303818713714,0.038869327313006234,0.2682635369631634,0.3529619527205147,81.79089166064813,153.68200016648586,0.28319792118674364,0.3636432094341871,905,2026-05-11 12:27:32,0.3333333333333333,2026-05-11 21:26:23,3,2026-05-11 12:27:32,25.0,82.1,21.75,18.900539600626704,
443,357.0890566722873,0.038983521470773726,0.26894010702625004,0.35318681875207786,81.70389953662689,153.83698362271005,0.28357177764739705,0.36371891031374404,908,2026-05-11 12:27:34,0.5,2026-05-11 21:26:25,4,2026-05-11 12:27:34,25.0,82.6,21.85,19.015646419144527,
444,358.9651924605597,0.039188339788270715,0.2693439896839327,0.3544099107298784,81.74969219103772,154.626511283708,0.28450157331736536,0.3649719841695438,912,2026-05-11 12:27:36,0.5,2026-05-11 21:26:27,4,2026-05-11 12:27:36,25.0,82.6,21.85,19.015646419144527,
445,357.1740024541959,0.03899279502775064,0.26858731270036706,0.3538197141137147,81.65653001681049,154.24243874617204,0.28388186828839923,0.36387499029816556,916,2026-05-11 12:27:38,0.6666666666666666,2026-05-11 21:26:29,3,2026-05-11 12:27:38,25.0,82.1,21.75,18.900539600626704,
446,357.84067798716495,0.03906557619947216,0.26879940379835154,0.3540458781945772,81.8923052729684,154.37324800460476,0.2842964228007082,0.36426762247533184,919,2026-05-11 12:27:40,0.5,2026-05-11 21:26:31,4,2026-05-11 12:27:40,25.0,82.9,21.91,19.084710510255228,
447,357.73091201467685,0.03905359301470271,0.2691910677953917,0.3538660641302551,82.10136044019255,154.30643849520825,0.28417367069223787,0.3644666768375162,923,2026-05-11 12:27:42,0.5,2026-05-11 21:26:33,4,2026-05-11 12:27:42,25.0,82.3,21.79,18.94658232803383,
448,357.5064005219394,0.03902908302641259,0.2685979042690904,0.3543770510040254,81.84057978809423,154.57578499265006,0.28414666358943025,0.3643439568260988,927,2026-05-11 12:27:44,0.6666666666666666,2026-05-11 21:26:35,3,2026-05-11 12:27:44,25.0,83.3,21.99,19.176795965069484,
449,357.8078668138412,0.039061994193650786,0.26901965916861004,0.35516967803714306,81.89694132818575,154.7117536803314,0.2845271566281887,0.3657484638660531,930,2026-05-11 12:27:46,0.5,2026-05-11 21:26:37,4,2026-05-11 12:27:46,24.9,83.0,21.83,19.000362321611952,
450,357.87817619124047,0.03906966988987341,0.26884424621364644,0.35524221376635884,82.25633630483667,155.03852324291142,0.2848218259272936,0.36567793526274284,934,2026-05-11 12:27:48,0.3333333333333333,2026-05-11 21:26:39,3,2026-05-11 12:27:48,25.0,83.7,22.07,19.268881419883744,
451,358.6889289101568,0.03915818001202585,0.26969032810739846,0.35490405032258887,82.11946482200966,154.60327325116313,0.28485088839283473,0.3654979418755979,937,2026-05-11 12:27:50,0.5,2026-05-11 21:26:41,4,2026-05-11 12:27:50,24.9,83.0,21.83,19.000362321611952,
452,358.0947898485361,0.03909331766905416,0.26934479952549506,0.3548897234923419,81.83275203294289,154.48191541694814,0.28449757599131553,0.3651968346614044,941,2026-05-11 12:27:52,0.5,2026-05-11 21:26:43,4,2026-05-11 12:27:52,25.0,82.9,21.91,19.084710510255228,
453,357.3900245209497,0.0390163782228111,0.2690891927843462,0.3549375109134691,82.21727750910613,154.63658443242514,0.28460823219091247,0.36549805521173867,945,2026-05-11 12:27:54,0.6666666666666666,2026-05-11 21:26:45,3,2026-05-11 12:27:54,25.0,83.2,21.97,19.153774601365917,
454,357.7495605903439,0.03905562888540872,0.2691642235011333,0.35513050615209685,82.21508695200936,154.51039762406464,0.28467974777488453,0.3653097940904396,948,2026-05-11 12:27:56,0.5,2026-05-11 21:26:47,4,2026-05-11 12:27:56,24.9,82.9,21.81,18.977470318814834,
455,359.56100485587234,0.03925338480959304,0.26980198660781735,0.3552142816230585,82.01071033248958,155.0332299465416,0.28516178665138564,0.3660678949902451,952,2026-05-11 12:27:58,0.3333333333333333,2026-05-11 21:26:49,3,2026-05-11 12:27:58,25.0,83.0,21.93,19.107731873958787,
456,359.4876823841977,0.03924538017294735,0.2699107990337834,0.3556727612964268,82.01895907212679,155.00244225858697,0.285324979059384,0.3662091896980024,955,2026-05-11 12:28:00,0.5,2026-05-11 21:26:51,4,2026-05-11 12:28:00,24.9,83.3,21.89,19.069038330003323,
457,360.12361806761373,0.03931480546589669,0.27013978952174666,0.35582596348869056,82.38670950282444,155.37214885076,0.28561014501834403,0.36646802303950343,959,2026-05-11 12:28:02,0.5,2026-05-11 21:26:53,4,2026-05-11 12:28:02,24.9,82.9,21.81,18.977470318814834,
458,359.63153415138385,0.03926108451434321,0.27024718111652196,0.35596274216853657,82.20991303482703,155.33316781772143,0.28571428911546654,0.3663842087801196,963,2026-05-11 12:28:04,0.6666666666666666,2026-05-11 21:26:55,3,2026-05-11 12:28:04,25.0,82.6,21.85,19.015646419144527,
459,358.163618965987,0.03910083176484574,0.26950116330676827,0.35450868811526315,82.03621606657461,154.49830933879446,0.28478879087856807,0.3653562726098311,966,2026-05-11 12:28:06,0.5,2026-05-11 21:26:57,4,2026-05-11 12:28:06,24.9,83.2,21.87,19.046146327206205,
460,359.25013560885395,0.03921944711887052,0.2697670905230265,0.3553000380352182,82.01086852088845,154.80004142874546,0.28525821235580373,0.3650252622251064,970,2026-05-11 12:28:08,0.3333333333333333,2026-05-11 21:26:59,3,2026-05-11 12:28:08,24.9,84.0,22.03,19.229282349583183,
461,358.12180411887437,0.039096266825204624,0.2691680908459234,0.35492534755394156,82.16871240662391,154.77676578386288,0.2847783012413222,0.3662619520313664,973,2026-05-11 12:28:10,0.5,2026-05-11 21:27:01,4,2026-05-11 12:28:10,24.9,83.2,21.87,19.046146327206205,
462,358.19445350144343,0.039104197980506926,0.2695950807832337,0.354644814487593,82.02946340424566,154.37469063041408,0.2844307919162527,0.365391974709957,977,2026-05-11 12:28:12,0.5,2026-05-11 21:27:03,4,2026-05-11 12:28:12,24.9,83.5,21.93,19.11482233559757,
463,359.91445158381026,0.03929197069692252,0.27002100273018587,0.35616826282607894,81.82060129170254,155.22777130663528,0.28569590671963757,0.36673011085438123,981,2026-05-11 12:28:14,0.6666666666666666,2026-05-11 21:27:05,3,2026-05-11 12:28:14,24.9,82.9,21.81,18.977470318814834,
464,360.2516490446503,0.03932878264679588,0.2699506161237871,0.35661569575048485,82.1849014513993,155.74829702378793,0.2859067827735442,0.3677296803210671,984,2026-05-11 12:28:16,0.5,2026-05-11 21:27:07,4,2026-05-11 12:28:16,24.9,82.9,21.81,18.977470318814834,
465,359.28340545902284,0.03922307919858328,0.2699345350813627,0.3559012301327042,82.18424097113514,155.56731473727575,0.28544461419683625,0.36717791959660606,988,2026-05-11 12:28:18,0.3333333333333333,2026-05-11 21:27:09,3,2026-05-11 12:28:18,24.9,83.3,21.89,19.069038330003323,
466,359.1670932766672,0.03921038136208157,0.2696120917768783,0.35578805883341025,81.89887488678168,155.3313032373811,0.28514210280441443,0.36655847445236805,991,2026-05-11 12:28:20,0.5,2026-05-11 21:27:11,4,2026-05-11 12:28:20,24.9,83.3,21.89,19.069038330003323,
467,358.77939266813326,0.039168055968136814,0.2698973025527004,0.35565957074020343,81.98733480202301,154.8498734425335,0.2850428637611531,0.36650272702957654,995,2026-05-11 12:28:22,0.5,2026-05-11 21:27:13,4,2026-05-11 12:28:22,24.9,83.2,21.87,19.046146327206205,
468,361.5744025004159,0.03947318804589693,0.270790025633767,0.3570778523442808,82.26475684560674,156.39741619810752,0.2864421542089881,0.36872479189045604,999,2026-05-11 12:28:24,0.0,2026-05-11 21:27:15,1,2026-05-11 12:28:24,24.9,82.9,21.81,18.977470318814834,
469,360.0272249427203,0.039304282198986934,0.2704920143149467,0.35630869843957647,82.49958403896028,154.8271583006931,0.2861869839199503,0.36699558010886435,1000,2026-05-11 12:28:27,1.0,2026-05-11 21:27:18,1,2026-05-11 12:28:26,24.9,83.9,22.01,19.206390346786062,
470,360.8416143049237,0.03939318933459866,0.27055797541771853,0.35725014479063805,82.21329391456132,155.9636408663251,0.2863018907450843,0.3682359713768705,1001,2026-05-11 12:28:28,0.5,2026-05-11 21:27:19,4,2026-05-11 12:28:28,24.9,83.3,21.89,19.069038330003323,
471,359.8302945455012,0.03928278324732546,0.27014680476344033,0.35648870965383955,82.24481831588383,155.79629010309995,0.28560295570526373,0.36737792711166617,1005,2026-05-11 12:28:30,0.5,2026-05-11 21:27:21,4,2026-05-11 12:28:30,24.9,83.6,21.95,19.13771433839469,
472,361.51739128490044,0.0394669641140721,0.2708636260795392,0.3573343170368563,82.64568838764045,155.98602074854935,0.286561270873817,0.3680776897519425,1009,2026-05-11 12:28:32,0.6666666666666666,2026-05-11 21:27:23,3,2026-05-11 12:28:32,24.9,84.8,22.19,19.412418371960168,
473,360.45428853527653,0.039350904861929756,0.27090990850542973,0.35654632380282425,82.3003440610954,155.36831065259588,0.2861292240855579,0.36781548595533897,1012,2026-05-11 12:28:34,0.5,2026-05-11 21:27:25,4,2026-05-11 12:28:34,24.9,83.3,21.89,19.069038330003323,
474,360.8341810634411,0.039392377845353835,0.27102885049067904,0.3571050748195878,82.39595036348497,155.8327629138158,0.2864544670000323,0.36768872065225255,1016,2026-05-11 12:28:36,0.3333333333333333,2026-05-11 21:27:27,3,2026-05-11 12:28:36,24.9,83.3,21.89,19.069038330003323,
475,362.1267968725367,0.039533493108355536,0.2712097819982979,0.3575211113485737,82.31101372125025,156.11854481609424,0.28672015038768917,0.3684577309964501,1019,2026-05-11 12:28:38,0.5,2026-05-11 21:27:29,4,2026-05-11 12:28:38,24.9,85.0,22.22,19.458202377554414,
476,361.14596130849236,0.03942641499001009,0.2707549904207153,0.3576050089480442,82.43301372970316,155.94720895327666,0.28666740371253896,0.3686162827814816,1023,2026-05-11 12:28:40,0.5,2026-05-11 21:27:31,4,2026-05-11 12:28:40,24.9,83.2,21.87,19.046146327206205,
477,361.0915698327585,0.039420477055978,0.2709610062285155,0.35707567919214417,82.42353391055435,155.87639963120202,0.2863609478734056,0.3680004070135265,1027,2026-05-11 12:28:42,0.3333333333333333,2026-05-11 21:27:33,3,2026-05-11 12:28:42,24.9,83.5,21.93,19.11482233559757,
478,361.3278992668721,0.039446277212540626,0.27112273180099933,0.35735010625266145,82.33687302066241,155.79472542651772,0.28665040824191396,0.3683357227771654,1030,2026-05-11 12:28:44,0.5,2026-05-11 21:27:35,4,2026-05-11 12:28:44,24.9,83.0,21.83,19.000362321611952,
479,361.58181965790544,0.039473997779247316,0.27099265597147154,0.3582551651908192,82.57164770984514,156.5869435832685,0.28696459589199397,0.3689560872317621,1034,2026-05-11 12:28:46,0.3333333333333333,2026-05-11 21:27:37,3,2026-05-11 12:28:46,24.9,83.5,21.93,19.11482233559757,
480,361.56886749176545,0.03947258378731063,0.27140383885165387,0.35774545686063874,82.58185649824551,155.97134986142294,0.28697497055026844,0.3685462409068421,1037,2026-05-11 12:28:48,0.5,2026-05-11 21:27:39,4,2026-05-11 12:28:48,24.9,85.2,22.26,19.50398638314866,
481,360.829343977177,0.0393918497791678,0.2708346200444149,0.356638074203578,82.55450350844211,155.5781809980659,0.28625148182465243,0.36822031871832667,1041,2026-05-11 12:28:50,0.5,2026-05-11 21:27:41,4,2026-05-11 12:28:50,24.9,85.2,22.26,19.50398638314866,
482,360.59953330731923,0.039366761278091626,0.27102177178029774,0.35691257192618814,82.62619500138452,155.7501230967847,0.286130147680552,0.3677559077708014,1045,2026-05-11 12:28:52,0.6666666666666666,2026-05-11 21:27:43,3,2026-05-11 12:28:52,24.9,84.0,22.03,19.229282349583183,
483,360.23083732193817,0.03932651062466574,0.27051756459296955,0.35732319644428745,82.69603674712516,155.8893191487916,0.28603551484063044,0.3682012919514803,1048,2026-05-11 12:28:54,0.5,2026-05-11 21:27:45,4,2026-05-11 12:28:54,24.9,83.6,21.95,19.13771433839469,
484,361.76705490800447,0.03949421996812275,0.2715204006553226,0.35766180335640274,82.50278701938946,156.14180634854912,0.28684975793993694,0.3680987530337134,1052,2026-05-11 12:28:56,0.3333333333333333,2026-05-11 21:27:47,3,2026-05-11 12:28:56,24.9,83.7,21.97,19.16060634119182,
485,361.2337815808892,0.03943600235599227,0.2711255112961113,0.3567260809655068,82.55761518220626,155.39561590631678,0.28631187456960994,0.36785126824005476,1055,2026-05-11 12:28:58,0.5,2026-05-11 21:27:49,4,2026-05-11 12:28:58,24.9,83.7,21.97,19.16060634119182,
486,362.3304704620431,0.039555728216380245,0.2715203197239713,0.35857094890664487,82.57852763443557,156.5074867052847,0.28743260640793145,0.36926619163479957,1059,2026-05-11 12:29:00,0.5,2026-05-11 21:27:51,4,2026-05-11 12:29:00,24.9,82.5,21.73,18.885902307626342,
487,361.5283148418419,0.03946815664212248,0.2711080456007417,0.3578678519053611,82.68834529564946,156.23019711088773,0.2871882045098077,0.36878370324729826,1063,2026-05-11 12:29:02,0.6666666666666666,2026-05-11 21:27:53,3,2026-05-11 12:29:02,24.9,83.3,21.89,19.069038330003323,
488,362.58975217115443,0.03958403407982035,0.271746046658176,0.35842741665576905,82.71295191094669,156.48772874087302,0.28752906921761007,0.36912184550561067,1066,2026-05-11 12:29:04,0.5,2026-05-11 21:27:55,4,2026-05-11 12:29:04,24.9,84.6,22.15,19.366634366365922,
489,361.4839588978486,0.03946331429015814,0.2712675753304939,0.3584743386720097,82.63188838714967,156.458848873642,0.2870796427642665,0.3691804741603937,1070,2026-05-11 12:29:06,0.3333333333333333,2026-05-11 21:27:57,3,2026-05-11 12:29:06,24.9,83.9,22.01,19.206390346786062,
490,360.87118035631573,0.03939641706946678,0.2711244296218619,0.3569389316342431,82.4494294946066,155.38851059322647,0.28629885010864203,0.3679517153865032,1073,2026-05-11 12:29:08,0.5,2026-05-11 21:27:59,4,2026-05-11 12:29:08,24.9,83.9,22.01,19.206390346786062,
491,361.8014696535739,0.039497977036416373,0.2716115617837235,0.3577712129686825,82.42891368412678,156.3176470581363,0.2869521789547017,0.3688492069317282,1077,2026-05-11 12:29:10,0.5,2026-05-11 21:28:01,4,2026-05-11 12:29:10,24.9,84.4,22.11,19.320850360771676,
492,359.9359244212779,0.03929431489315261,0.27073237825532165,0.3567433977002765,82.25005560530705,155.5103132472791,0.2860379727755284,0.36779972450183984,1081,2026-05-11 12:29:12,0.6666666666666666,2026-05-11 21:28:03,3,2026-05-11 12:29:12,24.9,83.9,22.01,19.206390346786062,
493,361.1351712478106,0.03942523703578718,0.2714048867212196,0.3576725809987129,82.81657051567406,155.85739123720344,0.2866338613275683,0.3685899548117146,1084,2026-05-11 12:29:14,0.5,2026-05-11 21:28:05,4,2026-05-11 12:29:14,24.9,83.7,21.97,19.16060634119182,
494,361.33186206388956,0.039446709832302355,0.2714749468057271,0.3574868211606366,82.60125196780876,155.67940604338804,0.2867024052364421,0.36795385427951,1088,2026-05-11 12:29:16,0.5,2026-05-11 21:28:07,4,2026-05-11 12:29:16,24.9,83.6,21.95,19.13771433839469,
495,361.9309317162356,0.039512110449370696,0.2715907889921222,0.3582287121570913,82.8662304674719,155.78282835080384,0.2870687650282112,0.36919732713519,1092,2026-05-11 12:29:18,0.6666666666666666,2026-05-11 21:28:09,3,2026-05-11 12:29:18,24.9,83.5,21.93,19.11482233559757,
496,361.48555834375895,0.03946348890215709,0.27155651461846747,0.35800957407179007,82.73442902513641,156.17379734781645,0.2868197145132734,0.3689028975075184,1095,2026-05-11 12:29:20,0.5,2026-05-11 21:28:11,4,2026-05-11 12:29:20,24.9,84.1,22.05,19.252174352380305,
497,360.1465996252924,0.039317314369573406,0.27108545406109336,0.3566672675686869,82.30925044193614,155.25416982342978,0.28591928144278045,0.3677456549929941,1099,2026-05-11 12:29:22,0.0,2026-05-11 21:28:13,1,2026-05-11 12:29:22,24.9,84.3,22.09,19.29795835797455,
501,363.2471790794968,0.03965580557636428,0.27248414110837577,0.3589372573596421,82.5835889535071,156.26513832742327,0.28795799063941835,0.36916531074450704,1100,2026-05-11 12:29:30,0.6666666666666666,2026-05-11 21:28:21,3,2026-05-11 12:29:30,24.9,83.2,21.87,19.046146327206205,
502,363.7782459206628,0.039713782305749214,0.2726018187747101,0.35921374685757207,83.04174633599065,156.89072642872296,0.28822425317012557,0.3701499032120749,1103,2026-05-11 12:29:32,0.3333333333333333,2026-05-11 21:28:23,3,2026-05-11 12:29:32,24.9,84.0,22.03,19.229282349583183,
503,361.2730750633731,0.03944029203748614,0.271562223977387,0.35806460647701643,82.81019381534163,156.32941479867017,0.28710614224649367,0.3688340069713095,1106,2026-05-11 12:29:34,0.5,2026-05-11 21:28:25,4,2026-05-11 12:29:34,24.9,84.4,22.11,19.320850360771676,
504,361.97375189896127,0.039516785141808,0.2720384616983649,0.3581735359760117,82.85580581050047,156.15070500888166,0.287438605347677,0.36903433915112205,1110,2026-05-11 12:29:36,0.5,2026-05-11 21:28:27,4,2026-05-11 12:29:36,24.9,84.1,22.05,19.252174352380305,
505,362.1691829548395,0.03953812040991698,0.2721569982410363,0.35803332566158974,82.76655447767561,155.895868768979,0.28727664004672704,0.3683917299743804,1114,2026-05-11 12:29:38,0.3333333333333333,2026-05-11 21:28:29,3,2026-05-11 12:29:38,24.9,85.7,22.36,19.618446397134274,
506,363.1903253577992,0.03964959883818769,0.27253057885394727,0.3594038777231491,83.00575043361908,156.84946660300753,0.28805989293784773,0.37027985098706184,1117,2026-05-11 12:29:40,0.5,2026-05-11 21:28:31,4,2026-05-11 12:29:40,24.9,84.1,22.05,19.252174352380305,
507,363.6370111927415,0.03969836366732986,0.2726315155526764,0.3592788137532803,82.91808391690086,156.67298763354432,0.28813474921686405,0.3699178643368385,1121,2026-05-11 12:29:42,0.5,2026-05-11 21:28:33,4,2026-05-11 12:29:42,24.9,83.3,21.89,19.069038330003323,
508,362.958540836109,0.0396242948511036,0.2725962890642511,0.3580486343663291,82.75907055686402,156.3454135953681,0.28775395943947585,0.3695714351484168,1125,2026-05-11 12:29:44,0.6666666666666666,2026-05-11 21:28:35,3,2026-05-11 12:29:44,24.9,84.1,22.05,19.252174352380305,
509,362.366006440375,0.03955960768999727,0.2722543348209747,0.3589576621562349,83.04555305036757,156.5504901310506,0.28777753472078094,0.3697186707696941,1128,2026-05-11 12:29:46,0.5,2026-05-11 21:28:37,4,2026-05-11 12:29:46,24.9,84.0,22.03,19.229282349583183,
510,361.80077199973226,0.03949790087333322,0.27175388201422096,0.35821450134742744,82.96944730045956,156.1638609293609,0.2872421165031773,0.3695184563667408,1132,2026-05-11 12:29:48,0.3333333333333333,2026-05-11 21:28:39,3,2026-05-11 12:29:48,24.9,84.0,22.03,19.229282349583183,
511,362.45161962624934,0.03956895410766914,0.2720311575759073,0.3589199025518629,82.86390869526312,156.6846813748893,0.2877567145926752,0.36978397580780453,1135,2026-05-11 12:29:50,0.5,2026-05-11 21:28:41,4,2026-05-11 12:29:50,24.9,84.3,22.09,19.29795835797455,
512,362.14860554852817,0.039535873968179924,0.2718562082020791,0.3585774411348356,82.84260184377614,156.33949912581326,0.2875196888701158,0.36934477525653553,1139,2026-05-11 12:29:52,0.5,2026-05-11 21:28:43,4,2026-05-11 12:29:52,24.9,84.1,22.05,19.252174352380305,
513,362.58081383560165,0.03958305827899581,0.27231082622485975,0.358808326850898,83.17915161508067,156.4505521802497,0.28759171665705696,0.36982488657649704,1143,2026-05-11 12:29:54,0.3333333333333333,2026-05-11 21:28:45,3,2026-05-11 12:29:54,24.9,84.1,22.05,19.252174352380305,
514,363.4494705537615,0.03967788979844558,0.27242121982020406,0.3596679735208239,82.94588817569223,157.00840289872036,0.2880892264388201,0.3705407064470594,1146,2026-05-11 12:29:56,0.5,2026-05-11 21:28:47,4,2026-05-11 12:29:56,24.9,84.1,22.05,19.252174352380305,
515,362.480113871609,0.039572064833145085,0.27203987143674674,0.3591177551547086,82.89199191008524,156.66465434556366,0.28772188578472324,0.3701041052078262,1150,2026-05-11 12:29:58,0.5,2026-05-11 21:28:49,4,2026-05-11 12:29:58,24.9,84.7,22.17,19.389526369163043,
516,361.1631897425516,0.03942829582342266,0.27164755414494773,0.3581191772894708,82.62499627828042,156.21671344625742,0.2869862034667563,0.3690234544345226,1154,2026-05-11 12:30:00,0.6666666666666666,2026-05-11 21:28:51,3,2026-05-11 12:30:00,24.9,85.2,22.26,19.50398638314866,
517,360.9267791724875,0.03940248680922352,0.2713138602300607,0.3581608646146199,82.88228137248353,155.7433574970002,0.28708084718541516,0.3693861239268139,1157,2026-05-11 12:30:02,0.5,2026-05-11 21:28:53,4,2026-05-11 12:30:02,24.9,84.1,22.05,19.252174352380305,
518,363.0143149019176,0.03963038372291677,0.27247171748130394,0.35943678634932136,83.21102708795267,156.8434851164598,0.2880504533554906,0.3704602321682691,1161,2026-05-11 12:30:04,0.5,2026-05-11 21:28:55,4,2026-05-11 12:30:04,24.9,84.7,22.17,19.389526369163043,
519,361.4814708867073,0.03946304267322132,0.2720925151178946,0.3578646655691807,82.60681858893264,155.62348069825396,0.2871286792552419,0.3690438549282417,1165,2026-05-11 12:30:06,0.6666666666666666,2026-05-11 21:28:57,3,2026-05-11 12:30:06,24.9,84.8,22.19,19.412418371960168,
520,363.36832478722556,0.03966903109030846,0.2725595755868262,0.35987542373572534,83.20627606360085,156.85281487670372,0.2883321657594104,0.3705992755074142,1168,2026-05-11 12:30:08,0.5,2026-05-11 21:28:59,4,2026-05-11 12:30:08,24.9,84.3,22.09,19.29795835797455,
521,363.45298049397815,0.03967827297969193,0.2726926132811096,0.35953042425232873,83.16476787199623,157.00699981904566,0.2882633702179138,0.3704463511334313,1172,2026-05-11 12:30:10,0.3333333333333333,2026-05-11 21:29:01,3,2026-05-11 12:30:10,24.9,85.0,22.22,19.458202377554414,
522,363.6195877474922,0.03969646154448605,0.27271747952128766,0.3599681299667827,83.09599366807663,157.00637385789202,0.2884818080189491,0.3707762923370254,1175,2026-05-11 12:30:12,0.5,2026-05-11 21:29:03,4,2026-05-11 12:30:12,24.9,84.7,22.17,19.389526369163043,
523,362.79977947960117,0.03960696282528397,0.27251020452907787,0.3585895697259042,82.75271456217664,156.01859715783291,0.28746092214594243,0.3698629227535376,1179,2026-05-11 12:30:14,0.5,2026-05-11 21:29:05,4,2026-05-11 12:30:14,24.9,84.8,22.19,19.412418371960168,
524,362.00853106190146,0.039520581993657364,0.2719695677840277,0.35849607290070123,82.83465666200482,156.17495199314035,0.2874370462360008,0.3694920149689164,1183,2026-05-11 12:30:16,0.6666666666666666,2026-05-11 21:29:07,3,2026-05-11 12:30:16,24.9,84.7,22.17,19.389526369163043,
525,362.72744114170035,0.03959906562682318,0.2724594305576998,0.35913871849486423,83.16322237556756,156.49055825476202,0.28806298564817895,0.37008254659949913,1186,2026-05-11 12:30:18,0.5,2026-05-11 21:29:09,4,2026-05-11 12:30:18,24.9,85.2,22.26,19.50398638314866,
526,362.89740878831424,0.0396176210467592,0.27228320051790167,0.35967955887375325,83.0175199684085,156.5178161141492,0.2879807442320702,0.37067069645845674,1190,2026-05-11 12:30:20,0.5,2026-05-11 21:29:11,4,2026-05-11 12:30:20,24.9,82.8,21.79,18.95457831601771,
527,362.807292057141,0.039607782975670414,0.27248875606985923,0.35883432052999703,82.90695368383966,155.9298111312269,0.2878677378573084,0.36921425891451104,1194,2026-05-11 12:30:22,0.6666666666666666,2026-05-11 21:29:13,3,2026-05-11 12:30:22,24.9,82.5,21.73,18.885902307626342,
528,362.042173324471,0.039524254729745745,0.2719358413458797,0.3592334314615222,82.91418855915252,156.27657198072393,0.28797903515256845,0.37038687646647944,1197,2026-05-11 12:30:24,0.3333333333333333,2026-05-11 21:29:15,3,2026-05-11 12:30:24,25.0,80.5,21.43,18.53219778136967,
