file,n,mean,std,min,max,p5,p95,range,rms
Mesures27062024_0.txt,1000,4647.269109999999,902.2579578471491,3100.29,6166.26,3225.5495,6038.398999999999,3065.9700000000003,4734.044740310203
Mesures27062024_1.txt,1000,4488.96292,861.8653585673771,3003.42,5946.89,3125.4429999999998,5822.9045,2943.4700000000003,4570.951760129766
Mesures27062024_10.txt,1000,4481.60044,868.8078973595984,2990.79,5950.91,3111.2389999999996,5824.887000000001,2960.12,4565.037750810238
Mesures27062024_100.txt,1000,19149.63839,3817.708027150126,12694.0,25720.11,13218.8855,25147.385,13026.11,19526.48317153727
Mesures27062024_101.txt,1000,19063.68142,3744.390865757605,12711.46,25432.96,13234.2145,24882.969999999998,12721.5,19427.92866568184
Mesures27062024_102.txt,1000,19531.719909999996,3857.459532247784,12955.94,26136.32,13487.1765,25569.3085,13180.38,19908.994868792844
Mesures27062024_103.txt,1000,20440.96534,4037.9061053197465,13553.18,27312.33,14136.495499999999,26736.554,13759.150000000001,20835.97249341772
Mesures27062024_104.txt,1000,20208.13797,3953.266020146833,13447.71,26979.81,14004.626,26407.806999999997,13532.100000000002,20591.1911370033
Mesures27062024_105.txt,1000,20876.86047,4136.66159188608,13852.0,27907.04,14425.255,27336.987500000003,14055.04,21282.745880398845
Mesures27062024_106.txt,1000,19742.56418,3890.2103187354446,13147.56,26382.18,13689.717,25809.190499999997,13234.62,20122.191151199582
Mesures27062024_107.txt,1000,20416.8959,4031.2853665514167,13514.21,27317.42,14083.728,26737.906499999997,13803.21,20811.076375286513
Mesures27062024_108.txt,1000,20588.453520000003,4058.709058298859,13700.61,27481.37,14263.190499999999,26905.755500000003,13780.759999999998,20984.697700112756
Mesures27062024_109.txt,1000,20157.10231,3980.9956745227396,13395.02,27011.32,13953.793,26431.124499999998,13616.3,20546.461984886257
Mesures27062024_11.txt,1000,4523.96493,880.4425465919937,3015.6,6013.98,3137.3889999999997,5887.302,2998.3799999999997,4608.843430375922
Mesures27062024_110.txt,1000,20214.53255,3999.6975320385163,13427.13,27041.87,13978.9295,26472.867,13614.74,20606.42876780944
Mesures27062024_111.txt,1000,20456.98804,4064.2096810376993,13574.06,27402.34,14127.171,26814.209,13828.28,20856.801288791714
Mesures27062024_112.txt,1000,20064.090610000003,3975.5723637106553,13310.35,26890.67,13868.2615,26295.264,13580.319999999998,20454.166021263005
Mesures27062024_113.txt,1000,20514.27616,4056.062407330052,13599.63,27493.15,14164.684,26901.559999999998,13893.520000000002,20911.41240138744
Mesures27062024_114.txt,1000,20321.687100000003,4025.5325168010736,13477.39,27215.93,14033.408500000001,26628.0005,13738.54,20716.560492372504
Mesures27062024_115.txt,1000,20515.67355,4026.9421729516425,13644.59,27347.47,14213.1405,26770.361999999997,13702.880000000001,20907.154863215277
Mesures27062024_116.txt,1000,19966.43252,3966.3620016832365,13244.42,26744.9,13782.778499999999,26160.3265,13500.480000000001,20356.582598857556
Mesures27062024_117.txt,1000,20293.19634,4001.8178547867724,13513.54,27101.88,14076.728500000001,26536.6415,13588.34,20684.012276071575
Mesures27062024_118.txt,1000,20050.65422,3943.0919298913627,13338.41,26749.12,13893.5325,26181.063000000002,13410.71,20434.693749052818
Mesures27062024_119.txt,1000,20399.96557,4019.507648469906,13571.02,27271.19,14133.6895,26699.625,13700.169999999998,20792.186921853445
Mesures27062024_12.txt,1000,4599.51325,894.3535056790114,3065.61,6112.43,3189.216,5981.5255,3046.82,4685.657939931798
Mesures27062024_120.txt,1000,20519.542579999998,4010.625630563509,13671.24,27375.34,14234.44,26785.514,13704.1,20907.815420099872
Mesures27062024_121.txt,1000,20334.45483,4007.429303655171,13509.14,27237.4,14066.637,26647.5205,13728.260000000002,20725.57702108929
Mesures27062024_122.txt,1000,20180.37043,3960.687907638964,13437.68,26922.76,13985.422,26352.639,13485.079999999998,20565.368934053575
Mesures27062024_123.txt,1000,21238.66996,4197.843525306821,14061.75,28468.35,14655.5905,27873.155000000002,14406.599999999999,21649.54946258159
Mesures27062024_124.txt,1000,21357.054159999996,4170.984258516723,14211.43,28423.56,14806.782500000001,27847.5505,14212.130000000001,21760.534737868173
Mesures27062024_125.txt,1000,20748.6893,4091.0116022891098,13739.0,27712.19,14331.1665,27143.877,13973.189999999999,21148.15556019008
Mesures27062024_126.txt,1000,20937.480840000004,4106.1335185744865,13957.31,27931.75,14528.786499999998,27344.840999999997,13974.44,21336.317311048035
Mesures27062024_127.txt,1000,20977.354549999996,4097.776756036326,13968.59,27943.28,14544.196,27373.5355,13974.689999999999,21373.843319784988
Mesures27062024_128.txt,1000,20464.64403,4060.3395465166036,13586.87,27372.72,14145.754500000001,26793.2265,13785.85,20863.55704350582
Mesures27062024_129.txt,1000,21678.23532,4250.4819336083165,14469.65,28907.14,15060.209499999999,28343.8615,14437.49,22091.004577819138
Mesures27062024_13.txt,1000,4554.19486,883.118944443488,3039.01,6044.16,3162.008,5917.202499999999,3005.1499999999996,4639.028981681985
Mesures27062024_130.txt,1000,21468.002,4240.661538543485,14297.28,28694.1,14881.567500000001,28088.746499999997,14396.819999999998,21882.83163021838
Mesures27062024_131.txt,1000,21057.201009999997,4159.714133646672,13999.89,28133.07,14589.272500000001,27560.5785,14133.18,21464.131383524582
Mesures27062024_132.txt,1000,21629.51577,4249.848903597704,14375.96,28853.01,14990.381000000001,28257.342,14477.05,22043.075287901396
Mesures27062024_133.txt,1000,21227.130009999997,4204.232788532802,14065.74,28382.67,14648.757500000002,27796.5445,14316.929999999998,21639.469073931017
Mesures27062024_134.txt,1000,21275.919,4191.397378974177,14092.79,28391.73,14680.833,27832.200999999997,14298.939999999999,21684.845890230175
Mesures27062024_135.txt,1000,21246.30625,4189.663561631606,14095.32,28297.97,14696.064499999999,27735.685,14202.650000000001,21655.45681874323
Mesures27062024_136.txt,1000,21206.85633,4182.390610920222,14079.12,28304.75,14654.426,27720.896,14225.63,21615.345165497005
Mesures27062024_137.txt,1000,20823.853649999997,4111.480909177857,13805.35,27881.98,14380.4575,27294.7745,14076.63,21225.86055035584
Mesures27062024_138.txt,1000,21690.81283,4263.635395531669,14436.44,28925.92,15052.002999999999,28365.906,14489.479999999998,22105.880394413678
Mesures27062024_139.txt,1000,21022.064979999996,4091.3927087760712,14019.48,27992.13,14619.1065,27417.0325,13972.650000000001,21416.505558114946
Mesures27062024_14.txt,1000,4678.28474,911.1994792568378,3117.58,6219.5,3244.9435,6087.137,3101.92,4766.196869571671
Mesures27062024_140.txt,1000,21301.91771,4228.182509681749,14094.8,28457.2,14702.186000000002,27934.2735,14362.400000000001,21717.486628493414
Mesures27062024_141.txt,1000,19858.14856,3932.5041407932845,13150.46,26617.41,13705.867999999999,26046.7675,13466.95,20243.780601665945
Mesures27062024_142.txt,1000,20451.08811,4039.564378206285,13546.25,27360.03,14121.764,26772.480499999998,13813.779999999999,20846.224724123465
Mesures27062024_143.txt,1000,20574.239100000003,4050.074363147446,13654.41,27557.76,14224.4475,26947.605499999998,13903.349999999999,20969.08240460209
Mesures27062024_144.txt,1000,20063.21647,3967.788041226678,13302.89,26912.15,13867.2065,26322.3255,13609.260000000002,20451.79691523903
Mesures27062024_145.txt,1000,19755.02605,3927.457641268801,13125.82,26477.54,13678.159,25906.191,13351.720000000001,20141.64784123035
Mesures27062024_146.txt,1000,19952.17211,3950.1895052492923,13255.5,26804.19,13806.7505,26194.9315,13548.689999999999,20339.44859219255
Mesures27062024_147.txt,1000,20263.73515,4023.494311038252,13483.3,27166.42,14036.5545,26574.003,13683.119999999999,20659.319173203716
Mesures27062024_148.txt,1000,19935.678490000002,3891.980509949686,13273.11,26563.42,13841.101,26001.802,13290.309999999998,20312.035573680863
Mesures27062024_149.txt,1000,19967.68548,3967.801370851617,13211.11,26853.35,13766.461,26260.491499999996,13642.239999999998,20358.09203109994
Mesures27062024_15.txt,1000,4749.9803999999995,924.6917775972921,3165.46,6311.79,3294.5494999999996,6179.196,3146.33,4839.149582720109
Mesures27062024_150.txt,1000,21006.378149999997,4130.462168068299,14023.57,28124.55,14597.83,27515.509,14100.98,21408.611367920174
Mesures27062024_151.txt,1000,20654.7428,4031.9615269413425,13769.9,27573.04,14340.347,26966.573,13803.140000000001,21044.598211628727
Mesures27062024_152.txt,1000,20787.00968,4116.122003876088,13797.3,27815.11,14383.4215,27224.175000000003,14017.810000000001,21190.61659761713
Mesures27062024_153.txt,1000,20830.430009999996,4105.658351841773,13830.94,27881.3,14414.4865,27272.329999999998,14050.359999999999,21231.18566881173
Mesures27062024_154.txt,1000,20063.53916,3951.351226348032,13339.78,26843.45,13906.7255,26258.8405,13503.67,20448.931026799804
Mesures27062024_155.txt,1000,20407.67126,4007.9338900374855,13578.38,27269.17,14157.880500000001,26664.6615,13690.789999999999,20797.513801489375
Mesures27062024_156.txt,1000,20266.482550000004,4014.224922061941,13461.64,27145.4,14027.705,26572.361,13683.760000000002,20660.210954255952
Mesures27062024_157.txt,1000,20516.05153,4012.1308042642327,13669.4,27380.3,14229.8315,26790.230499999998,13710.9,20904.678040384675
Mesures27062024_158.txt,1000,20470.4441,4042.981755368108,13606.25,27343.03,14166.346500000001,26755.82,13736.779999999999,20865.87604500382
Mesures27062024_159.txt,1000,20114.662589999996,4034.1906121128177,13318.84,27042.69,13877.677,26444.6845,13723.849999999999,20515.222275286334
Mesures27062024_16.txt,1000,4769.74069,926.6464073114533,3179.77,6334.24,3309.799,6200.333,3154.47,4858.919613867357
Mesures27062024_160.txt,1000,20493.32072,4079.6680329273463,13554.98,27501.19,14112.9615,26901.800000000003,13946.21,20895.451308638218
Mesures27062024_161.txt,1000,20040.090579999996,3943.402505293248,13329.59,26757.35,13896.861,26183.375500000002,13427.759999999998,20424.388700114327
Mesures27062024_162.txt,1000,20354.30239,4026.805489690828,13493.07,27274.53,14067.3965,26673.0575,13781.46,20748.802091575406
Mesures27062024_163.txt,1000,20371.51085,4016.918332355386,13562.81,27291.35,14132.901,26692.9135,13728.539999999999,20763.768617485614
Mesures27062024_164.txt,1000,20594.02815,4097.0938859747985,13668.35,27601.46,14244.8305,27018.004999999997,13933.109999999999,20997.62305008556
Mesures27062024_165.txt,1000,20806.17049,4121.460168576504,13828.27,27950.19,14400.706,27335.626500000002,14121.919999999998,21210.449414854687
Mesures27062024_166.txt,1000,20361.782700000003,4032.3294477603777,13542.93,27276.58,14102.755500000001,26694.9385,13733.650000000001,20757.212613867374
Mesures27062024_167.txt,1000,20367.908580000003,4030.452255255976,13543.95,27219.04,14105.496,26641.529,13675.09,20762.857349245925
Mesures27062024_168.txt,1000,20122.48271,3994.5605865684092,13373.4,26937.04,13922.321,26354.7035,13563.640000000001,20515.136477586853
Mesures27062024_169.txt,1000,19929.990100000003,3922.8095653744385,13281.86,26601.71,13831.0905,26034.097,13319.849999999999,20312.383914063146
Mesures27062024_17.txt,1000,4751.82661,924.4162805302641,3166.98,6311.5,3296.2805000000003,6177.572999999999,3144.52,4840.9091698991315
Mesures27062024_170.txt,1000,20052.6703,3959.876904943702,13313.17,26813.64,13876.954,26224.675,13500.47,20439.917105086522
Mesures27062024_171.txt,1000,20588.64418,4080.05663132015,13635.98,27575.11,14213.795999999998,26979.710499999997,13939.130000000001,20989.024067007675
Mesures27062024_172.txt,1000,20301.573119999997,4022.566612931533,13458.55,27233.57,14017.356000000002,26627.8765,13775.02,20696.25360547599
Mesures27062024_173.txt,1000,20872.803630000002,4143.303447304279,13888.89,27956.24,14451.6885,27343.858,14067.350000000002,21280.05861911533
Mesures27062024_174.txt,1000,21017.18251,4135.496598947362,13976.79,28106.29,14561.6075,27495.965500000002,14129.5,21420.18423773603
Mesures27062024_175.txt,1000,20557.18185,4062.58308769466,13632.26,27535.31,14205.976999999999,26930.136,13903.050000000001,20954.768119890807
Mesures27062024_176.txt,1000,20267.510850000002,3999.678321819091,13511.89,27162.45,14063.236,26580.5975,13650.560000000001,20658.39835836499
Mesures27062024_177.txt,1000,20622.133859999998,4062.2924343950053,13745.31,27655.0,14312.290500000001,27050.5995,13909.69,21018.435354761816
Mesures27062024_178.txt,1000,20855.38857,4148.327449177904,13863.66,27997.84,14441.6815,27381.112499999996,14134.18,21263.956664536578
Mesures27062024_179.txt,1000,21125.89865,4138.821099049858,14069.97,28226.05,14662.461000000001,27620.7515,14156.08,21527.5041251886
Mesures27062024_18.txt,1000,4762.75212,924.2821704566769,3177.3,6322.94,3307.44,6190.8675,3145.6399999999994,4851.60852575603
Mesures27062024_180.txt,1000,20288.67745,4045.9069621421595,13472.7,27158.94,14017.8515,26583.237,13686.239999999998,20688.155930784378
Mesures27062024_181.txt,1000,21212.93506,4208.371292313096,14126.24,28444.51,14702.0885,27831.597999999998,14318.269999999999,21626.349733455765
Mesures27062024_182.txt,1000,20613.236009999997,4077.2711418256426,13698.56,27608.9,14275.514500000001,27002.656499999997,13910.340000000002,21012.606662856582
Mesures27062024_183.txt,1000,20834.911490000002,4117.142327243239,13844.7,27846.1,14427.609,27257.176499999998,14001.399999999998,21237.8058598084
Mesures27062024_184.txt,1000,20627.55482,4065.6333414304795,13699.3,27605.57,14283.836500000001,27009.242,13906.27,21024.39992768061
Mesures27062024_185.txt,1000,20412.374979999997,4035.3631073503657,13572.91,27375.33,14127.1335,26772.6465,13802.420000000002,20807.431550585345
Mesures27062024_186.txt,1000,20199.763039999998,3967.328608696305,13404.93,26972.64,13972.0365,26388.2605,13567.71,20585.67762211218
Mesures27062024_187.txt,1000,20752.174030000002,4064.7859278915857,13815.47,27773.58,14407.6945,27175.364,13958.110000000002,21146.517718314568
Mesures27062024_188.txt,1000,20252.54589,3967.1818171288305,13496.75,27087.74,14057.94,26510.226,13590.990000000002,20637.445253633345
Mesures27062024_189.txt,1000,20378.43803,4006.89534238298,13580.01,27296.92,14146.0855,26699.3085,13716.909999999998,20768.628910627696
Mesures27062024_19.txt,1000,4772.293769999999,929.7352432892318,3178.34,6342.51,3307.979,6209.628,3164.17,4862.015574820272
Mesures27062024_190.txt,1000,21099.134520000003,4148.746734947551,14046.92,28206.29,14637.2995,27605.6875,14159.37,21503.152721491646
Mesures27062024_191.txt,1000,20455.971650000003,4013.615526403492,13646.65,27333.22,14200.961,26750.2695,13686.570000000002,20846.00407126965
Mesures27062024_192.txt,1000,21108.586059999998,4183.009958368265,14058.7,28264.73,14637.893,27668.416,14206.029999999999,21519.06080116496
Mesures27062024_193.txt,1000,21302.47519,4196.276304874211,14188.54,28453.19,14772.441,27855.7335,14264.649999999998,21711.844326252303
Mesures27062024_194.txt,1000,20521.134509999996,4039.6124817709383,13672.79,27406.4,14247.257000000001,26835.286999999997,13733.61,20914.95710204524
Mesures27062024_195.txt,1000,20726.71315,4090.9607302562777,13777.05,27692.98,14363.0515,27126.415999999997,13915.93,21126.585093168324
Mesures27062024_196.txt,1000,20656.18673,4068.9540193562775,13736.1,27662.71,14303.747000000001,27080.604,13926.609999999999,21053.133663097844
Mesures27062024_197.txt,1000,20823.53628,4085.0039268632977,13908.68,27844.55,14480.2475,27256.348,13935.869999999999,21220.43638304747
Mesures27062024_198.txt,1000,20576.93454,4094.833615337574,13658.25,27651.47,14233.0805,27058.463499999998,13993.220000000001,20980.416997780183
Mesures27062024_199.txt,1000,21225.40351,4204.092146021847,14117.87,28458.91,14690.972,27851.515499999998,14341.039999999999,21637.748148422535
Mesures27062024_2.txt,1000,4608.32132,893.3937697792937,3075.41,6120.79,3201.419,5992.092500000001,3045.38,4694.121623503912
Mesures27062024_20.txt,1000,4778.74874,929.8005942670785,3184.29,6348.67,3314.6465000000003,6215.8099999999995,3164.38,4868.364064565324
Mesures27062024_200.txt,1000,21216.132439999998,4162.943995896323,14135.49,28323.71,14723.587,27731.219,14188.22,21620.693291950414
Mesures27062024_201.txt,1000,20763.66669,4114.79986104845,13806.62,27829.77,14389.531,27230.947999999997,14023.15,21167.461640685684
Mesures27062024_202.txt,1000,21058.3247,4154.827632803714,14024.94,28139.83,14595.358,27548.767499999998,14114.890000000001,21464.287358981648
Mesures27062024_203.txt,1000,21044.188439999998,4156.1489928406045,14016.58,28129.24,14606.7045,27534.373499999998,14112.660000000002,21450.674617571345
Mesures27062024_204.txt,1000,21767.558350000003,4317.301711650342,14464.06,29128.58,15058.093,28526.241,14664.520000000002,22191.568006566675
Mesures27062024_205.txt,1000,22366.8791,4415.118674580015,14901.39,29891.03,15504.2305,29303.2265,14989.64,22798.47700142801
Mesures27062024_206.txt,1000,21707.675660000004,4281.69810300009,14421.06,29017.71,15016.7075,28431.722999999998,14596.65,22125.915149547847
Mesures27062024_207.txt,1000,21624.36882,4306.711835388851,14345.28,29007.41,14947.2515,28407.1525,14662.13,22049.06106156148
Mesures27062024_208.txt,1000,21544.597550000002,4240.610862613534,14365.37,28786.27,14950.997,28183.91,14420.9,21957.970399824797
Mesures27062024_209.txt,1000,21313.050369999997,4230.661428055685,14114.83,28537.55,14709.569,27931.941,14422.72,21728.88888537551
Mesures27062024_21.txt,1000,14957.722699999998,2933.594580311586,9926.99,19914.45,10339.3875,19497.451,9987.460000000001,15242.684984336873
Mesures27062024_210.txt,1000,21699.00864,4297.049761713,14418.78,29050.66,15007.6865,28456.514,14631.88,22120.389070118825
Mesures27062024_211.txt,1000,21739.79154,4272.276937304326,14460.4,29005.27,15065.197,28429.869,14544.87,22155.60620772264
Mesures27062024_212.txt,1000,21883.088060000002,4324.4207642881875,14570.47,29263.47,15176.9765,28687.328999999998,14693.000000000002,22306.28068478296
Mesures27062024_213.txt,1000,21854.6283,4304.515887685479,14548.89,29233.5,15149.5835,28622.588499999998,14684.61,22274.506395395107
Mesures27062024_214.txt,1000,22330.83882,4443.456984870744,14851.08,29896.98,15461.026,29329.362,15045.9,22768.63352028873
Mesures27062024_215.txt,1000,21852.41493,4336.797389250804,14493.19,29283.73,15100.3785,28677.065,14790.539999999999,22278.59622750723
Mesures27062024_216.txt,1000,21298.079990000002,4241.545419281573,14184.14,28579.66,14767.076,27977.563000000002,14395.52,21716.328391426276
Mesures27062024_217.txt,1000,21565.932780000003,4299.287521842901,14328.59,28956.12,14928.6855,28372.61,14627.529999999999,21990.30081347121
Mesures27062024_218.txt,1000,21103.64525,4168.360470532405,14010.15,28293.54,14595.8935,27674.295499999997,14283.390000000001,21511.37075711691
Mesures27062024_219.txt,1000,21596.322509999998,4280.697512733012,14335.57,28953.41,14942.791,28353.1485,14617.84,22016.482851524022
Mesures27062024_22.txt,1000,14831.65138,2909.3533151948554,9840.99,19749.24,10250.188,19332.126,9908.250000000002,15114.305123640028
Mesures27062024_220.txt,1000,21318.49592,4230.992311354719,14144.95,28548.23,14749.7545,27948.319,14403.279999999999,21734.29465682748
Mesures27062024_221.txt,1000,21536.21476,4265.732181562099,14327.8,28798.85,14913.573,28226.183,14471.05,21954.61266416824
Mesures27062024_222.txt,1000,21376.87035,4244.142155184411,14160.98,28736.9,14770.978,28116.9295,14575.920000000002,21794.112246065964
Mesures27062024_223.txt,1000,21534.21054,4256.953687012663,14309.33,28824.03,14901.2735,28205.103499999997,14514.699999999999,21950.942537267456
Mesures27062024_224.txt,1000,21981.8988,4371.197121351765,14577.39,29530.98,15183.0055,28911.796000000002,14953.59,22412.301067207613
Mesures27062024_225.txt,1000,21697.00641,4295.072983966816,14445.73,29035.85,15040.062,28433.6745,14590.119999999999,22118.041031998804
Mesures27062024_226.txt,1000,22009.349309999998,4391.791532194262,14543.4,29518.22,15156.738000000001,28916.8235,14974.820000000002,22443.245975389804
Mesures27062024_227.txt,1000,21824.382329999997,4328.528153071466,14471.0,29173.82,15076.439999999999,28604.1885,14702.82,22249.49033254354
Mesures27062024_228.txt,1000,21707.06296,4295.022182056693,14418.37,29010.3,15013.7505,28407.085,14591.929999999998,22127.896372989526
Mesures27062024_229.txt,1000,21671.783660000005,4308.097456948322,14382.66,29024.77,14981.175500000001,28432.7425,14642.11,22095.83469128079
Mesures27062024_23.txt,1000,14682.537380000002,2892.520827937862,9730.83,19572.16,10134.0425,19156.35,9841.33,14964.74459037479
Mesures27062024_230.txt,1000,21951.88658,4348.764486211262,14575.98,29388.79,15176.95,28789.0215,14812.810000000001,22378.495860484378
Mesures27062024_231.txt,1000,21669.346759999997,4308.643604155245,14382.89,28989.05,14971.8955,28423.9995,14606.16,22093.55106615391
Mesures27062024_232.txt,1000,21855.44893,4342.376033627621,14511.33,29233.16,15113.5475,28648.075,14721.83,22282.658673265665
Mesures27062024_233.txt,1000,21848.61708,4322.769704656874,14521.07,29266.84,15126.271999999999,28662.666999999998,14745.77,22272.14417670573
Mesures27062024_234.txt,1000,22140.704869999998,4373.589383048411,14709.16,29624.67,15331.075499999999,29065.147999999997,14915.509999999998,22568.542182249068
Mesures27062024_235.txt,1000,22531.811510000003,4481.462210970681,14936.73,30110.86,15560.3135,29552.9175,15174.130000000001,22973.15897891552
Mesures27062024_236.txt,1000,22324.24747,4460.129588289302,14803.5,29912.44,15416.711000000001,29336.692499999997,15108.939999999999,22765.42951595983
Mesures27062024_237.txt,1000,21964.39647,4329.097905582252,14577.77,29336.86,15186.2525,28763.386000000002,14759.09,22386.95604514971
Mesures27062024_238.txt,1000,22019.5185,4349.129926437626,14603.12,29410.32,15228.4015,28838.4335,14807.199999999999,22444.913145050876
Mesures27062024_239.txt,1000,21933.49411,4340.020900029608,14601.01,29310.36,15225.247,28776.285499999998,14709.35,22358.755450295048
Mesures27062024_24.txt,1000,15055.45236,2960.143327046653,9982.81,20066.4,10393.7025,19642.692499999997,10083.590000000002,15343.698846135127
Mesures27062024_240.txt,1000,7065.87464,1395.523617221246,4716.38,9462.59,4907.625,9260.0625,4746.21,7202.365624877523
Mesures27062024_241.txt,1000,21993.8998,4366.866398535037,14623.35,29340.2,15235.209,28804.4315,14716.85,22423.227924522696
Mesures27062024_242.txt,1000,22189.534159999996,4419.983316828684,14710.75,29755.31,15319.210500000001,29138.438000000002,15044.560000000001,22625.465271654655
Mesures27062024_243.txt,1000,7182.865859999999,1418.841875602937,4742.47,9720.33,4977.2095,9415.717499999999,4977.86,7321.657888123291
Mesures27062024_244.txt,1000,7045.78242,1403.1361417972753,4675.62,9467.73,4868.673000000001,9260.4975,4792.11,7184.138148894326
Mesures27062024_245.txt,1000,7162.171189999999,1425.0836279544733,4714.66,9682.58,4957.236,9408.529999999999,4967.92,7302.5721154624625
Mesures27062024_246.txt,1000,7084.69248,1386.4425516479396,4736.52,9477.45,4933.9645,9268.7485,4740.93,7219.078229607198
Mesures27062024_247.txt,1000,22545.248,4489.17017152999,14935.81,30063.3,15547.4565,29548.189499999997,15127.49,22987.84148654368
Mesures27062024_248.txt,1000,7088.38242,1399.0517853391787,4729.42,9502.57,4925.642,9296.8835,4773.15,7225.130533784549
Mesures27062024_249.txt,1000,7113.7554900000005,1395.4100807404106,4756.24,9523.43,4951.2415,9318.11,4767.1900000000005,7249.323172885666
Mesures27062024_25.txt,1000,15256.748260000002,2996.011472468951,10122.27,20326.95,10537.93,19903.278000000002,10204.68,15548.133399613556
Mesures27062024_250.txt,1000,7056.35558,1391.9042955437935,4694.35,9446.49,4887.119,9237.413499999999,4752.139999999999,7192.325885230062
Mesures27062024_251.txt,1000,7149.386310000001,1417.185589526539,4757.27,9590.48,4950.012500000001,9379.002999999999,4833.209999999999,7288.493644421808
Mesures27062024_252.txt,1000,7049.11098,1392.5663766297243,4705.86,9442.74,4898.0019999999995,9238.719000000001,4736.88,7185.346666770935
Mesures27062024_253.txt,1000,7212.42258,1425.099147334228,4812.11,9651.95,5006.2115,9444.831,4839.840000000001,7351.866909311308
Mesures27062024_254.txt,1000,7201.609300000001,1427.6528573033117,4781.0,9657.2,4974.6115,9446.965,4876.200000000001,7341.755184614426
Mesures27062024_255.txt,1000,22293.26566,4392.4896403727535,14855.0,29673.1,15482.9025,29169.2255,14818.099999999999,22721.87622156492
Mesures27062024_256.txt,1000,7197.58131,1420.8818380526875,4783.82,9636.58,4983.5615,9428.1145,4852.76,7336.4897540833035
Mesures27062024_257.txt,1000,7197.85192,1431.7335358481737,4772.26,9669.06,4970.913,9457.16,4896.799999999999,7338.8645702124795
Mesures27062024_258.txt,1000,7134.06757,1407.4801026832297,4754.92,9541.51,4955.804499999999,9339.936,4786.59,7271.583069234299
Mesures27062024_259.txt,1000,22716.488940000003,4510.233774132187,15065.36,30296.52,15683.164,29780.9415,15231.16,23159.90238447617
Mesures27062024_26.txt,1000,14939.486560000001,2917.532842924029,9923.07,19864.32,10333.293000000001,19444.005999999998,9941.25,15221.703471226898
Mesures27062024_260.txt,1000,7070.8202200000005,1390.0870978750763,4720.42,9457.57,4912.798000000001,9255.311,4737.15,7206.16685369133
Mesures27062024_261.txt,1000,7160.56198,1411.5711663641616,4770.06,9590.0,4963.4775,9384.3675,4819.94,7298.368381161107
Mesures27062024_262.txt,1000,7200.807569999999,1435.6486662973623,4786.91,9684.67,4981.4105,9473.675,4897.76,7342.527953859672
Mesures27062024_263.txt,1000,7123.56249,1421.1804021585367,4731.14,9574.6,4925.4025,9362.5635,4843.46,7263.944953289122
Mesures27062024_264.txt,1000,7212.58653,1448.463823594935,4780.18,9714.14,4983.0505,9504.6795,4933.959999999999,7356.5924109604375
Mesures27062024_265.txt,1000,23027.09647,4580.429769087661,15297.18,30681.43,15920.6585,30159.2995,15384.25,23478.234786887853
Mesures27062024_266.txt,1000,22018.52332,4398.044074173266,14593.67,29501.48,15196.124000000002,28941.996499999997,14907.81,22453.466566919113
Mesures27062024_267.txt,1000,7176.4604899999995,1418.1369558303104,4781.86,9626.98,4978.153,9413.950499999999,4845.12,7315.237357052928
Mesures27062024_268.txt,1000,7217.350200000001,1429.5196236309455,4808.01,9697.43,5009.3135,9482.1675,4889.42,7357.558716298906
Mesures27062024_269.txt,1000,22275.8559,4468.229792149324,14706.19,29871.44,15367.3225,29327.920499999997,15165.249999999998,22719.56939629393
Mesures27062024_27.txt,1000,15025.693190000002,2924.3317102006613,10002.66,19972.24,10414.522,19547.8145,9969.580000000002,15307.618096598095
Mesures27062024_270.txt,1000,22070.767979999997,4389.759223000792,14664.33,29521.84,15279.7315,28951.48,14857.51,22503.08390560978
Mesures27062024_271.txt,1000,7114.98143,1414.8964590777146,4725.17,9550.66,4919.295999999999,9342.663,4825.49,7254.301671364067
Mesures27062024_272.txt,1000,7106.83475,1409.536223326076,4726.95,9538.21,4922.2185,9333.1845,4811.259999999999,7245.266905275188
Mesures27062024_273.txt,1000,7176.6831600000005,1417.6327738229015,4772.8,9618.88,4968.1485,9409.5535,4846.079999999999,7315.358081491596
Mesures27062024_274.txt,1000,7273.21399,1429.7304947588477,4850.62,9739.23,5052.1455,9525.7135,4888.61,7412.4065614330075
Mesures27062024_275.txt,1000,7201.313859999999,1417.970371920408,4806.82,9637.97,5001.9565,9432.6155,4831.15,7339.5886319242845
Mesures27062024_276.txt,1000,7289.579839999999,1447.4656535300498,4850.05,9783.77,5048.442,9568.456,4933.72,7431.89955945878
Mesures27062024_277.txt,1000,7350.44354,1456.425947795791,4893.85,9850.64,5092.8435,9637.55,4956.789999999999,7493.343497807944
Mesures27062024_278.txt,1000,7541.809550000001,1489.9822480501898,5030.18,10108.17,5238.009,9887.7615,5077.99,7687.583390635571
Mesures27062024_279.txt,1000,8227.40042,1638.4455620297624,5466.65,11046.93,5688.891,10808.962,5580.280000000001,8388.958310228463
Mesures27062024_28.txt,1000,15465.526109999999,3033.3310903253814,10259.01,20590.53,10681.1245,20156.339,10331.519999999999,15760.190207057347
Mesures27062024_280.txt,1000,7934.51914,1556.7456115270925,5307.4,10613.23,5524.978,10384.894,5305.83,8085.793151078947
Mesures27062024_281.txt,1000,8097.50826,1592.2482398402494,5412.2,10838.39,5632.716,10604.9785,5426.19,8252.568962331827
Mesures27062024_282.txt,1000,7843.89255,1555.8674073842533,5214.11,10527.66,5432.125,10298.999,5313.55,7996.71018139998
Mesures27062024_283.txt,1000,7231.08217,1434.9942837402493,4800.03,9705.54,4995.487499999999,9493.779,4905.510000000001,7372.093186040116
Mesures27062024_284.txt,1000,7327.7244500000015,1457.655130655224,4875.17,9837.02,5075.4795,9624.364,4961.85,7471.298688652014
Mesures27062024_285.txt,1000,21646.404150000002,4314.251503216784,14348.25,28967.66,14956.0965,28404.1555,14619.41,22072.144858580134
Mesures27062024_286.txt,1000,22095.560630000004,4377.793999880728,14746.6,29469.97,15347.863500000001,28934.7345,14723.37,22525.072249815265
Mesures27062024_287.txt,1000,22289.987370000003,4436.502895258019,14851.13,29856.68,15454.0655,29270.3795,15005.550000000001,22727.21045122767
Mesures27062024_288.txt,1000,21794.51484,4332.750905670135,14482.55,29197.44,15107.008,28635.0385,14714.89,22221.017247677155
Mesures27062024_289.txt,1000,21968.169020000005,4336.813998530009,14635.89,29304.15,15243.5865,28764.4045,14668.260000000002,22392.15053872972
Mesures27062024_29.txt,1000,15859.66894,3104.2778715630916,10538.02,21112.38,10970.798,20668.242000000002,10574.36,16160.62003730912
Mesures27062024_290.txt,1000,22345.90464,4419.929808292985,14864.72,29861.67,15475.298,29281.1365,14996.949999999999,22778.833018620826
Mesures27062024_291.txt,1000,7150.87505,1413.156332940343,4770.2,9568.28,4963.7285,9364.1795,4798.080000000001,7289.171750071602
Mesures27062024_292.txt,1000,22281.164780000003,4401.068338009687,14826.55,29704.3,15457.176,29171.5415,14877.75,22711.66454642512
Mesures27062024_293.txt,1000,21956.44725,4375.756318816387,14581.07,29385.71,15186.401000000002,28821.2775,14804.64,22388.229478985024
Mesures27062024_294.txt,1000,22087.478059999998,4350.568607128571,14721.5,29373.3,15341.4995,28831.53,14651.8,22511.86652093322
Mesures27062024_295.txt,1000,21747.125740000003,4342.479703637134,14429.16,29162.88,15039.962,28595.4505,14733.720000000001,22176.442634648844
Mesures27062024_296.txt,1000,22145.86476,4391.695550056099,14732.45,29635.97,15345.317000000001,29051.3565,14903.52,22577.11929747886
Mesures27062024_297.txt,1000,7089.015939999999,1401.247294892631,4709.73,9516.58,4908.8275,9309.440499999999,4806.85,7226.177480453825
Mesures27062024_298.txt,1000,7212.4901899999995,1431.3724747400531,4802.13,9687.75,5001.7185,9475.753,4885.62,7353.151834573369
Mesures27062024_299.txt,1000,7258.99833,1438.048815580094,4835.47,9748.87,5034.1025,9539.194500000001,4913.400000000001,7400.07034770171
Mesures27062024_3.txt,1000,4436.14447,855.0686771274686,2970.32,5877.47,3088.9855000000002,5754.3665,2907.15,4517.800372008052
Mesures27062024_30.txt,1000,15671.57583,3049.527256941461,10435.76,20824.16,10863.867499999998,20380.262,10388.4,15965.522399416472
Mesures27062024_300.txt,1000,7400.8627400000005,1458.899335564141,4926.21,9916.64,5132.3234999999995,9701.2435,4990.429999999999,7543.285528708946
Mesures27062024_301.txt,1000,7409.709339999999,1450.735369558337,4960.97,9889.18,5161.272,9680.0435,4928.21,7550.392414687517
Mesures27062024_302.txt,1000,7427.30291,1467.0036717817143,4951.1,9947.73,5155.438,9729.661,4996.629999999999,7570.794429246874
Mesures27062024_303.txt,1000,7408.84367,1460.596877463262,4938.18,9924.4,5143.601,9708.6135,4986.219999999999,7551.444084739985
Mesures27062024_304.txt,1000,7553.35062,1484.635839447511,5025.92,10090.27,5241.3555,9870.884999999998,5064.35,7697.87302859864
Mesures27062024_305.txt,1000,7599.24208,1498.1424130471953,5060.78,10179.6,5273.6195,9958.7475,5118.820000000001,7745.509078182893
Mesures27062024_306.txt,1000,7758.2698900000005,1551.1416764787436,5135.78,10411.41,5348.9395,10188.1595,5275.63,7911.813457519705
Mesures27062024_307.txt,1000,7699.80791,1522.3777952791258,5124.08,10336.13,5342.6865,10111.3085,5212.049999999999,7848.864631426478
Mesures27062024_308.txt,1000,7677.77093,1521.9245446451132,5115.92,10303.03,5328.1875,10079.505500000001,5187.110000000001,7827.159176428336
Mesures27062024_309.txt,1000,7712.61381,1519.5229202229837,5127.99,10314.32,5345.5705,10090.8135,5186.33,7860.875376654034
Mesures27062024_31.txt,1000,15791.98826,3073.2028644240477,10519.63,20993.3,10948.663999999999,20549.451,10473.67,16088.240085537074
Mesures27062024_310.txt,1000,7591.73272,1490.849437252133,5069.16,10151.85,5280.946,9936.3185,5082.6900000000005,7736.7330144236985
Mesures27062024_311.txt,1000,7720.322480000001,1512.061123263557,5148.03,10324.94,5358.617,10098.975,5176.910000000001,7867.001209843455
Mesures27062024_312.txt,1000,7711.231710000001,1535.8934267136426,5131.04,10351.88,5346.3775,10129.2575,5220.839999999999,7862.700751238833
Mesures27062024_313.txt,1000,7545.37451,1494.9911557030564,5026.05,10116.98,5232.015,9897.367499999998,5090.929999999999,7692.052720294375
Mesures27062024_314.txt,1000,7557.305359999999,1485.814352313865,5033.09,10100.2,5247.3035,9884.742,5067.110000000001,7701.980822738174
Mesures27062024_315.txt,1000,7632.21407,1513.8615754884377,5079.51,10240.23,5284.9975,10019.056,5160.719999999999,7780.904091430912
Mesures27062024_316.txt,1000,7735.95031,1533.9982024395608,5143.08,10379.46,5357.413,10157.606500000002,5236.379999999999,7886.575789522149
Mesures27062024_317.txt,1000,7735.36584,1527.3136377122726,5143.55,10371.96,5358.723,10146.992999999999,5228.409999999999,7884.7049168996045
Mesures27062024_318.txt,1000,7654.224990000001,1513.3406374127405,5094.75,10264.13,5304.0255,10044.8555,5169.379999999999,7802.3945095326535
Mesures27062024_319.txt,1000,7669.155100000001,1513.7435715487582,5115.44,10260.53,5325.767,10042.1415,5145.090000000001,7817.11964525689
Mesures27062024_32.txt,1000,15836.800650000001,3095.5705668974947,10528.46,21079.01,10958.9695,20637.444,10550.55,16136.505568507777
Mesures27062024_320.txt,1000,7765.701760000001,1543.7189163566995,5158.98,10411.72,5370.468000000001,10187.2195,5252.74,7917.6506564753545
Mesures27062024_321.txt,1000,7888.52972,1554.2943684402649,5248.75,10558.51,5471.423500000001,10328.7435,5309.76,8040.194781663464
Mesures27062024_322.txt,1000,7910.32895,1563.614431325382,5274.94,10601.08,5494.0705,10366.0365,5326.14,8063.386024931282
Mesures27062024_323.txt,1000,7838.688099999999,1526.5040583037405,5241.53,10471.08,5460.327499999999,10249.8925,5229.55,7985.940506233402
Mesures27062024_324.txt,1000,7850.28776,1547.3698391004598,5224.46,10509.47,5440.66,10280.425500000001,5285.009999999999,8001.335596871538
Mesures27062024_325.txt,1000,7965.65535,1569.802177760267,5303.61,10684.37,5521.2995,10453.348,5380.760000000001,8118.863469247681
Mesures27062024_326.txt,1000,7922.73645,1560.3116155148937,5267.49,10611.76,5490.9935000000005,10383.5985,5344.27,8074.919516234778
Mesures27062024_327.txt,1000,8083.37747,1606.8673248962714,5357.51,10808.99,5577.965,10579.4255,5451.48,8241.54196266226
Mesures27062024_328.txt,1000,7999.19294,1573.274737171533,5330.63,10724.58,5555.2615,10489.999499999998,5393.95,8152.440192357623
Mesures27062024_329.txt,1000,8040.88772,1573.0419577091393,5376.99,10748.42,5599.792,10512.3575,5371.43,8193.310461978124
Mesures27062024_33.txt,1000,15469.48045,3024.64418047768,10281.18,20590.76,10703.0445,20154.724,10309.579999999998,15762.40139735788
Mesures27062024_330.txt,1000,8088.210359999999,1588.2168431134553,5405.11,10823.88,5629.1095,10588.950499999999,5418.7699999999995,8242.66823112277
Mesures27062024_331.txt,1000,8099.19879,1608.814717426788,5378.23,10866.56,5605.342,10630.438,5488.33,8257.439423631668
Mesures27062024_332.txt,1000,8345.343280000001,1640.4243826769466,5576.78,11184.76,5813.803,10944.228000000001,5607.9800000000005,8505.042422958406
Mesures27062024_333.txt,1000,8080.984560000001,1604.001393084684,5379.34,10836.51,5600.7609999999995,10598.6135,5457.17,8238.636533309138
Mesures27062024_334.txt,1000,8009.94443,1588.9615931175538,5328.88,10739.99,5547.8305,10506.089999999998,5411.11,8166.027719527451
Mesures27062024_335.txt,1000,7942.15166,1568.0427621836861,5299.67,10654.3,5514.034500000001,10423.133,5354.629999999999,8095.463612077902
Mesures27062024_336.txt,1000,8617.105670000003,1696.6902325121553,5750.13,11538.05,5987.5115000000005,11285.829,5787.919999999999,8782.554746373535
Mesures27062024_337.txt,1000,7890.873070000001,1548.5886256907854,5278.33,10545.66,5497.4245,10317.4655,5267.33,8041.393196360324
Mesures27062024_338.txt,1000,7900.39475,1566.5375414374012,5267.88,10591.15,5486.393499999999,10363.996,5323.2699999999995,8054.208656010862
Mesures27062024_339.txt,1000,8022.5372,1586.98080741859,5351.59,10764.78,5570.077,10531.711,5413.1900000000005,8177.995549552396
Mesures27062024_34.txt,1000,15819.500719999998,3089.252883349384,10518.88,21056.77,10954.5985,20613.094,10537.890000000001,16118.315247176517
Mesures27062024_340.txt,1000,7865.54924,1551.1991584652249,5257.49,10573.77,5476.1955,10340.2115,5316.280000000001,8017.049561783175
Mesures27062024_341.txt,1000,8255.088109999999,1630.8304839315851,5516.71,11090.27,5747.7699999999995,10849.303,5573.56,8414.635332038097
Mesures27062024_342.txt,1000,8141.932110000001,1622.7003909578157,5420.7,10955.55,5650.6455000000005,10719.2795,5534.849999999999,8302.060891288602
Mesures27062024_343.txt,1000,7726.386669999999,1539.9937508852468,5154.95,10394.37,5365.3324999999995,10167.9945,5239.420000000001,7878.364787639584
Mesures27062024_344.txt,1000,8577.486010000002,1713.9347813864972,5707.24,11561.1,5939.336,11309.2215,5853.860000000001,8747.04742679449
Mesures27062024_345.txt,1000,8954.375820000001,1782.8894495291984,5968.59,12052.82,6209.9145,11792.335000000001,6084.23,9130.144638232365
Mesures27062024_346.txt,1000,8810.757280000002,1752.9319493043652,5875.58,11859.95,6114.47,11603.4125,5984.370000000001,8983.441114960626
Mesures27062024_347.txt,1000,8973.578150000001,1785.101714019422,5986.24,12072.68,6227.6735,11813.2865,6086.4400000000005,9149.40943140881
Mesures27062024_348.txt,1000,8985.17168,1787.8088477630313,5990.82,12089.68,6233.8735,11828.968499999999,6098.860000000001,9161.308345166306
Mesures27062024_349.txt,1000,9292.91589,1849.4343135229237,6192.23,12496.86,6443.777,12225.002499999999,6304.630000000001,9475.161899337156
Mesures27062024_35.txt,1000,15625.44909,3083.3438685753936,10344.87,20852.91,10777.354,20408.3035,10508.039999999999,15926.759515860824
Mesures27062024_350.txt,1000,9255.82691,1840.9451206282472,6168.3,12440.5,6419.9805,12173.7185,6272.2,9437.129368883585
Mesures27062024_351.txt,1000,9308.616320000001,1852.1927692968293,6208.09,12523.39,6458.7515,12253.471,6315.299999999999,9491.098769247204
Mesures27062024_352.txt,1000,9304.76992,1854.7146527411146,6195.08,12514.51,6450.1140000000005,12246.899,6319.43,9487.819017415404
Mesures27062024_353.txt,1000,9272.330759999999,1849.034715485413,6173.36,12476.8,6425.479,12205.135,6303.44,9454.895404070443
Mesures27062024_354.txt,1000,8784.96445,1741.4591815584706,5854.12,11794.74,6096.021,11540.458499999999,5940.62,8955.907573707877
Mesures27062024_355.txt,1000,8667.74409,1737.463125876337,5756.76,11676.25,5993.9619999999995,11424.581,5919.49,8840.167742950916
Mesures27062024_356.txt,1000,8637.88141,1716.851295614012,5751.84,11620.2,5988.8955,11365.8735,5868.360000000001,8806.848109538116
Mesures27062024_357.txt,1000,8575.39697,1699.2940417157706,5726.55,11535.26,5962.874000000001,11283.7675,5808.71,8742.14123846646
Mesures27062024_358.txt,1000,8860.45657,1767.1582123670578,5898.88,11913.27,6144.1555,11656.666,6014.39,9034.9620240703
Mesures27062024_359.txt,1000,8810.564600000002,1756.6116772306964,5860.27,11844.39,6098.1555,11591.4755,5984.119999999999,8983.970901297287
Mesures27062024_36.txt,1000,15723.36337,3076.373857031382,10443.74,20938.37,10876.573999999999,20494.406499999997,10494.63,16021.49280726624
Mesures27062024_360.txt,1000,8745.78391,1740.2814521533037,5821.98,11762.9,6059.909000000001,11504.000999999998,5940.92,8917.248215291738
Mesures27062024_361.txt,1000,8912.79151,1764.848693594162,5950.6,11968.85,6192.263,11713.0055,6018.25,9085.843021536806
Mesures27062024_362.txt,1000,8726.22138,1735.0397662342195,5814.01,11725.78,6052.275000000001,11472.3505,5911.77,8897.038977276834
Mesures27062024_363.txt,1000,8548.366039999999,1697.704722631447,5701.58,11503.6,5937.0509999999995,11249.6225,5802.02,8715.317738273827
Mesures27062024_364.txt,1000,8793.93276,1761.669947256007,5844.92,11854.8,6089.515,11601.26,6009.879999999999,8968.65287490079
Mesures27062024_365.txt,1000,8742.36109,1763.433623312687,5792.75,11811.44,6036.585,11553.971,6018.6900000000005,8918.440198362923
Mesures27062024_366.txt,1000,8651.75851,1727.148226479673,5766.33,11655.04,6004.6065,11405.394999999999,5888.710000000001,8822.469399866985
Mesures27062024_367.txt,1000,9052.543310000001,1807.7724023374578,6034.38,12203.36,6287.6615,11934.9155,6168.9800000000005,9231.282762329334
Mesures27062024_368.txt,1000,9161.854620000002,1817.212900053446,6109.18,12334.58,6364.049,12060.256,6225.4,9340.334191137701
Mesures27062024_369.txt,1000,9369.01271,1877.2892760987997,6236.31,12652.93,6496.9995,12373.3085,6416.62,9555.240142785377
Mesures27062024_37.txt,1000,15706.23816,3086.398167288889,10416.06,20923.84,10850.339,20480.815499999997,10507.78,16006.616469000699
Mesures27062024_370.txt,1000,9143.263369999999,1836.370849448973,6083.72,12336.99,6334.236,12071.848,6253.2699999999995,9325.852398032563
Mesures27062024_371.txt,1000,9086.127349999999,1811.2238680001092,6045.75,12233.6,6302.8085,11965.6495,6187.85,9264.892990230988
Mesures27062024_372.txt,1000,9068.775919999998,1828.1881371138893,6016.63,12252.91,6270.8195,11982.806999999999,6236.28,9251.214436594571
Mesures27062024_373.txt,1000,9074.10389,1810.9393980314105,6034.92,12223.44,6281.345,11954.6015,6188.52,9253.04614220936
Mesures27062024_374.txt,1000,9154.284959999999,1827.312866470654,6094.45,12329.39,6341.7405,12061.763,6234.94,9334.88111551783
Mesures27062024_375.txt,1000,9043.578899999999,1806.2959454770942,6023.51,12188.62,6271.0,11916.5325,6165.110000000001,9222.202793431306
Mesures27062024_376.txt,1000,8980.23687,1791.959848093897,5980.53,12101.33,6224.1495,11839.809500000001,6120.8,9157.279854765175
Mesures27062024_377.txt,1000,9075.222780000002,1814.68595097837,6054.51,12254.78,6302.11,11980.6325,6200.27,9254.877287533813
Mesures27062024_378.txt,1000,8914.93204,1772.0097659227044,5937.86,11987.4,6183.5554999999995,11729.4845,6049.54,9089.336163237886
Mesures27062024_379.txt,1000,9149.09,1813.8311310730116,6103.44,12325.66,6360.28,12054.267,6222.22,9327.155579282979
Mesures27062024_38.txt,1000,15899.819690000002,3121.489233679848,10547.69,21180.68,10981.947,20729.2245,10632.99,16203.331793507497
Mesures27062024_380.txt,1000,8868.747739999999,1784.749479922012,5891.73,11974.33,6133.6755,11710.282,6082.6,9046.547251954029
Mesures27062024_381.txt,1000,8863.3624,1777.8350948696677,5883.9,11947.78,6128.55,11690.546,6063.880000000001,9039.905456269109
Mesures27062024_382.txt,1000,8875.017300000001,1771.973328467195,5915.32,11956.83,6156.721500000001,11691.609,6041.51,9050.183509305123
Mesures27062024_383.txt,1000,8863.416809999999,1779.5988181240523,5889.41,11965.2,6132.205,11698.449499999999,6075.790000000001,9040.3058300734
Mesures27062024_384.txt,1000,8922.032260000002,1787.0316796492143,5931.31,12012.58,6177.962,11749.2465,6081.2699999999995,9099.23853256692
Mesures27062024_385.txt,1000,8935.59363,1789.1695280351505,5929.4,12048.64,6174.6205,11782.473,6119.24,9112.955674233586
Mesures27062024_386.txt,1000,9152.71726,1827.816331616033,6090.74,12344.14,6339.8135,12067.2165,6253.4,9333.442333010056
Mesures27062024_387.txt,1000,9163.21449,1832.6958320323479,6079.52,12343.07,6338.2225,12074.387,6263.549999999999,9344.692279711233
Mesures27062024_388.txt,1000,9200.09606,1839.7847588757431,6101.8,12395.17,6358.2705000000005,12122.2165,6293.37,9382.247890149727
Mesures27062024_389.txt,1000,9052.65341,1804.1754524534115,6021.23,12188.9,6275.4095,11921.157,6167.67,9230.687018029595
Mesures27062024_39.txt,1000,15651.905829999998,3055.034672153806,10415.38,20830.12,10842.971,20387.941,10414.74,15947.269137982525
Mesures27062024_390.txt,1000,9152.18239,1835.205405892863,6091.87,12354.15,6339.3695,12081.3135,6262.28,9334.367754788993
Mesures27062024_391.txt,1000,9423.05943,1888.36653701038,6267.47,12717.31,6526.1185000000005,12442.3195,6449.839999999999,9610.409835142958
Mesures27062024_392.txt,1000,9492.607099999997,1908.6969410986621,6307.7,12817.99,6572.648,12538.1775,6510.29,9682.59849254991
Mesures27062024_393.txt,1000,9477.76197,1904.621871550891,6307.8,12814.23,6564.825,12530.464499999998,6506.429999999999,9667.241407638909
Mesures27062024_394.txt,1000,9729.08225,1954.8292518361898,6464.96,13127.55,6727.5795,12843.069,6662.589999999999,9923.527539695726
Mesures27062024_395.txt,1000,9437.37632,1903.807969396929,6263.1,12758.58,6520.863,12483.347999999998,6495.48,9627.489630720771
Mesures27062024_396.txt,1000,9831.57428,1964.4385430910995,6548.49,13247.45,6815.148,12959.7335,6698.960000000001,10025.910014195191
Mesures27062024_397.txt,1000,9300.90616,1858.0765336551276,6206.9,12529.54,6459.211,12259.432499999999,6322.640000000001,9484.687860021848
Mesures27062024_398.txt,1000,9862.001980000001,1973.1907667314074,6570.62,13297.7,6837.5745,13011.1105,6727.080000000001,10057.463142136688
Mesures27062024_399.txt,1000,9856.056690000001,1965.4910136674612,6571.2,13273.43,6838.280500000001,12989.611,6702.2300000000005,10050.124795309823
Mesures27062024_4.txt,1000,4417.97434,860.2234245764087,2944.61,5872.12,3063.4534999999996,5748.045999999999,2927.5099999999998,4500.942302350521
Mesures27062024_40.txt,1000,15757.355129999998,3084.5825905008905,10458.34,20964.32,10887.3955,20524.725000000002,10505.98,16056.428321720821
Mesures27062024_400.txt,1000,9734.9013,1942.4544330262447,6481.35,13110.15,6747.0945,12827.181999999999,6628.799999999999,9926.80374265176
Mesures27062024_401.txt,1000,9408.43277,1867.1648287136911,6263.61,12639.22,6529.955,12365.617999999999,6375.61,9591.919082498314
Mesures27062024_402.txt,1000,9243.65343,1839.1510975319932,6157.89,12445.39,6411.2365,12174.152,6287.499999999999,9424.839812617714
Mesures27062024_403.txt,1000,9122.44764,1807.6424579411246,6089.52,12267.64,6337.9710000000005,12002.243999999999,6178.119999999999,9299.818396092098
Mesures27062024_404.txt,1000,9151.324980000001,1820.1923932196837,6100.96,12328.51,6356.5065,12056.511,6227.55,9330.586757428859
Mesures27062024_405.txt,1000,9755.70282,1947.0446071571776,6498.74,13147.15,6764.2855,12863.796,6648.41,9948.101337160564
Mesures27062024_406.txt,1000,9758.36106,1947.7051136176842,6503.05,13151.53,6769.281999999999,12867.618499999999,6648.4800000000005,9950.837441488873
Mesures27062024_407.txt,1000,9755.984559999999,1948.9519763447242,6496.1,13144.26,6761.601500000001,12860.116,6648.16,9948.751104588777
Mesures27062024_408.txt,1000,9722.00572,1939.4333713380518,6474.26,13093.47,6739.9800000000005,12810.499,6619.209999999999,9913.566311957185
Mesures27062024_409.txt,1000,9685.74081,1933.3719314829323,6448.58,13049.04,6711.8465,12766.977499999999,6600.460000000001,9876.816393147414
Mesures27062024_41.txt,1000,16260.68267,3194.2336823158025,10794.94,21661.24,11233.9855,21202.535,10866.300000000001,16571.449233898617
Mesures27062024_410.txt,1000,9706.25308,1940.1909272593546,6463.25,13080.51,6726.572999999999,12797.803,6617.26,9898.267004240137
Mesures27062024_411.txt,1000,9713.79171,1944.23172378551,6461.14,13096.66,6725.75,12813.0235,6635.5199999999995,9906.451755348062
Mesures27062024_412.txt,1000,9722.01428,1944.1561797495287,6470.26,13107.25,6734.9555,12821.1425,6636.99,9914.499730787338
Mesures27062024_413.txt,1000,9724.062,1942.7120811883576,6475.66,13101.06,6739.513000000001,12817.663999999999,6625.4,9916.22468534468
Mesures27062024_414.txt,1000,9732.3963,1945.2145570388655,6481.11,13125.62,6746.1115,12840.8965,6644.510000000001,9924.887778366545
Mesures27062024_415.txt,1000,9727.625320000001,1947.2468163386216,6473.4,13116.69,6737.694,12829.392,6643.290000000001,9920.608072595449
Mesures27062024_416.txt,1000,9740.3666,1952.5215873075615,6475.77,13135.5,6740.6849999999995,12851.717,6659.73,9934.13720719105
Mesures27062024_417.txt,1000,9748.91577,1953.8201727093533,6483.88,13150.19,6749.275500000001,12864.341,6666.31,9942.774862071488
Mesures27062024_418.txt,1000,9754.424710000001,1953.7753164194485,6487.94,13154.28,6752.9130000000005,12868.945,6666.340000000001,9948.167640832582
Mesures27062024_419.txt,1000,9713.38684,1943.8484203041694,6463.74,13098.85,6728.9285,12814.9835,6635.110000000001,9905.979536855717
Mesures27062024_42.txt,1000,15811.65778,3105.591437158544,10499.14,21071.19,10927.6755,20622.868,10572.05,16113.758715035638
Mesures27062024_420.txt,1000,9707.308640000001,1946.6739027821147,6454.72,13105.46,6718.0914999999995,12818.603000000001,6650.739999999999,9900.574746750393
Mesures27062024_421.txt,1000,9712.679390000001,1946.959623014388,6461.91,13103.34,6725.168,12816.983,6641.43,9905.896865331231
Mesures27062024_422.txt,1000,9706.455609999999,1948.2395012112418,6455.58,13094.75,6719.368,12809.439,6639.17,9900.046346506682
Mesures27062024_423.txt,1000,9193.819230000001,1830.7720492534584,6124.74,12354.66,6377.263,12088.039999999999,6229.92,9374.32868691116
Mesures27062024_424.txt,1000,9200.05085,1843.4506167589025,6121.12,12411.38,6371.768,12140.148,6290.259999999999,9382.92309565705
Mesures27062024_425.txt,1000,9329.486789999999,1862.0272432814177,6223.71,12573.85,6477.906,12294.3915,6350.14,9513.488803772605
Mesures27062024_426.txt,1000,9244.366100000001,1853.8371994218883,6155.32,12467.36,6406.683,12196.373,6312.040000000001,9428.41539988505
Mesures27062024_427.txt,1000,9200.54545,1839.443932323896,6121.44,12420.64,6374.6435,12150.613,6299.2,9382.621731567297
Mesures27062024_428.txt,1000,9160.03449,1833.9994078107932,6088.26,12334.78,6340.6035,12067.8755,6246.52,9341.829889579445
Mesures27062024_429.txt,1000,9111.921339999999,1816.6754392727403,6065.46,12275.0,6315.1900000000005,12008.805,6209.54,9291.255036753873
Mesures27062024_43.txt,1000,15517.576070000001,3024.283566628509,10335.57,20639.31,10757.869,20204.892499999998,10303.740000000002,15809.53693754551
Mesures27062024_430.txt,1000,9052.735789999999,1808.9654372918174,6031.29,12201.42,6279.253,11936.428,6170.13,9231.705218260779
Mesures27062024_431.txt,1000,8941.1769,1782.9628718612146,5976.32,12056.82,6218.8705,11791.607,6080.5,9117.214539514205
Mesures27062024_432.txt,1000,9100.702019999999,1816.8165743093384,6056.77,12251.5,6307.1925,11982.757000000001,6194.73,9280.28015318057
Mesures27062024_433.txt,1000,9280.49964,1855.8844045240185,6184.23,12521.79,6442.169,12246.273,6337.560000000001,9464.24748677863
Mesures27062024_434.txt,1000,9451.039620000001,1885.7562251009158,6295.81,12729.53,6552.013,12451.188,6433.72,9637.33502786515
Mesures27062024_435.txt,1000,9484.858809999998,1898.0787746318865,6315.25,12782.73,6571.372,12507.912999999999,6467.48,9672.913195120833
Mesures27062024_436.txt,1000,9241.909,1844.09312708838,6159.91,12454.78,6410.472,12180.5895,6294.870000000001,9424.094727116
Mesures27062024_437.txt,1000,9145.30929,1826.478333863338,6096.07,12344.6,6347.601,12071.9675,6248.530000000001,9325.915778830115
Mesures27062024_438.txt,1000,8997.67606,1794.506592628424,5987.57,12114.67,6237.532999999999,11851.3825,6127.1,9174.880293043829
Mesures27062024_439.txt,1000,9166.674,1825.5576958046,6103.55,12352.87,6356.2315,12086.441,6249.320000000001,9346.687815637548
Mesures27062024_44.txt,1000,16180.486190000001,3167.542575001666,10761.44,21562.14,11206.9375,21107.3495,10800.699999999999,16487.6153311881
Mesures27062024_440.txt,1000,9209.40305,1840.4721051378633,6149.52,12426.75,6398.064,12159.747,6277.23,9391.509043127196
Mesures27062024_441.txt,1000,9344.02634,1870.9562937087023,6222.93,12612.74,6476.173,12336.599999999999,6389.8099999999995,9529.496612916235
Mesures27062024_442.txt,1000,9276.90039,1862.9693186359104,6176.12,12520.42,6433.900500000001,12249.7765,6344.3,9462.110521874118
Mesures27062024_443.txt,1000,8926.929789999998,1790.8504688867956,5960.08,12068.47,6205.689,11802.387999999999,6108.389999999999,9104.791094665572
Mesures27062024_444.txt,1000,8862.492350000002,1773.5720233863574,5906.95,11955.55,6147.536,11693.036,6048.599999999999,9038.214888790115
Mesures27062024_445.txt,1000,8983.72175,1777.3056350811014,6014.45,12088.15,6259.204,11828.48,6073.7,9157.84209308689
Mesures27062024_446.txt,1000,9022.597109999999,1789.859492519943,6007.62,12133.9,6257.8369999999995,11868.848499999998,6126.28,9198.41592951439
Mesures27062024_447.txt,1000,8649.051109999999,1714.883828142323,5779.43,11630.73,6018.7815,11376.4815,5851.299999999999,8817.420918126587
Mesures27062024_448.txt,1000,8751.90926,1738.3443426747913,5839.67,11756.61,6083.828,11505.4955,5916.9400000000005,8922.878277158285
Mesures27062024_449.txt,1000,9081.85018,1809.625948519187,6066.85,12240.84,6312.3994999999995,11969.166500000001,6173.99,9260.385994412976
Mesures27062024_45.txt,1000,16430.87875,3217.8705384975538,10918.58,21894.34,11370.664999999999,21431.222,10975.76,16743.012491774953
Mesures27062024_450.txt,1000,8804.39083,1743.1267976215647,5894.43,11848.97,6136.7545,11592.8875,5954.539999999999,8975.287678953498
Mesures27062024_451.txt,1000,9251.91265,1831.2041860544873,6176.91,12419.59,6428.916,12153.574999999999,6242.68,9431.394194616907
Mesures27062024_452.txt,1000,9243.01943,1827.3153881226347,6184.01,12420.74,6438.2675,12152.697,6236.73,9421.915395025966
Mesures27062024_453.txt,1000,9179.64856,1831.2532942326484,6115.72,12364.35,6366.794,12099.797999999999,6248.63,9360.525429309404
Mesures27062024_454.txt,1000,9267.5317,1837.6213263120642,6197.46,12470.85,6448.0575,12199.774,6273.39,9447.962529001785
Mesures27062024_455.txt,1000,9176.50406,1813.0402387354,6145.66,12337.78,6403.1985,12068.6865,6192.120000000001,9353.894465433646
Mesures27062024_456.txt,1000,9241.16369,1841.2909409953886,6163.35,12445.39,6416.6785,12171.213,6282.039999999999,9422.815856991268
Mesures27062024_457.txt,1000,9679.52291,1916.9253019834216,6477.59,13019.49,6740.307500000001,12735.515,6541.9,9867.51064750371
Mesures27062024_458.txt,1000,9386.024730000001,1858.841030721973,6275.5,12631.21,6535.487,12354.0955,6355.709999999999,9568.320135199652
Mesures27062024_459.txt,1000,9563.04783,1894.9939888618094,6394.58,12865.17,6658.2545,12587.226499999999,6470.59,9748.994102813382
Mesures27062024_46.txt,1000,16529.59163,3234.6538300259335,10995.11,22024.66,11446.7915,21559.207000000002,11029.55,16843.11090192864
Mesures27062024_460.txt,1000,9553.7513,1889.8098085262734,6401.66,12860.32,6661.4225,12587.2585,6458.66,9738.867748083132
Mesures27062024_461.txt,1000,9460.28873,1871.1033389500665,6322.75,12696.45,6581.39,12426.736,6373.700000000001,9643.55176063234
Mesures27062024_462.txt,1000,9441.258969999999,1877.7719661776396,6297.42,12700.51,6553.977,12430.936,6403.09,9626.182966034257
Mesures27062024_463.txt,1000,9559.12222,1894.3248296234917,6397.67,12858.46,6659.7555,12580.699,6460.789999999999,9745.013297939915
Mesures27062024_464.txt,1000,9709.13168,1923.2849609248178,6489.1,13050.99,6752.9505,12775.018,6561.889999999999,9897.790815151591
Mesures27062024_465.txt,1000,9617.898570000001,1920.025200521976,6421.77,12975.29,6685.2695,12694.563999999998,6553.52,9807.67401953427
Mesures27062024_466.txt,1000,9916.80425,1968.347403589884,6620.28,13351.33,6895.513,13063.352,6731.05,10110.26201609222
Mesures27062024_467.txt,1000,6675.014359999999,1289.2838349956112,4489.82,8900.8,4680.135499999999,8712.608,4410.98,6798.3872729778495
Mesures27062024_468.txt,1000,10941.36651,2147.6171126268573,7324.51,14651.15,7623.3905,14345.8745,7326.639999999999,11150.146203911288
Mesures27062024_469.txt,1000,10015.747000000001,1965.5773495470994,6715.16,13429.98,6989.009,13143.774000000001,6714.82,10206.795887302811
Mesures27062024_47.txt,1000,16279.380369999999,3196.372591281806,10816.19,21713.06,11263.571,21244.6605,10896.87,16590.208647676463
Mesures27062024_470.txt,1000,9915.46352,1955.035011868946,6636.95,13314.86,6908.6775,13033.7535,6677.910000000001,10106.363278355087
Mesures27062024_471.txt,1000,9892.03882,1951.4846022398965,6622.45,13285.96,6892.1939999999995,13006.3735,6663.509999999999,10082.694291168726
Mesures27062024_472.txt,1000,9812.942439999999,1930.2978029615656,6574.94,13170.07,6842.242,12889.994,6595.13,10000.99439750225
Mesures27062024_473.txt,1000,9723.08563,1913.6653109413369,6516.83,13059.69,6781.232,12780.7295,6542.860000000001,9909.617000197974
Mesures27062024_474.txt,1000,9724.42473,1917.028236746326,6516.09,13060.44,6781.2215,12783.9075,6544.35,9911.580781586674
Mesures27062024_475.txt,1000,9719.46673,1914.475293977336,6507.73,13053.12,6775.2365,12775.314,6545.390000000001,9906.222749707706
Mesures27062024_476.txt,1000,9632.13096,1894.9056244464732,6453.51,12927.76,6717.309,12650.943,6474.25,9816.751711037079
Mesures27062024_477.txt,1000,9583.5275,1892.571901295417,6410.72,12876.11,6676.4155,12602.274,6465.39,9768.614422978788
Mesures27062024_478.txt,1000,9571.41518,1887.5093627320018,6404.31,12853.97,6668.472000000001,12580.275,6449.659999999999,9755.751131631812
Mesures27062024_479.txt,1000,9565.07794,1885.6037214352746,6405.36,12845.47,6666.2535,12570.577,6440.11,9749.16495873186
Mesures27062024_48.txt,1000,16723.18262,3274.7189209937296,11114.17,22299.25,11574.100999999999,21818.2195,11185.08,17040.792849905323
Mesures27062024_480.txt,1000,9593.780429999999,1892.363344100946,6425.31,12887.42,6688.9145,12613.085500000001,6462.11,9778.632929256926
Mesures27062024_481.txt,1000,9554.5718,1884.3553107306382,6398.55,12838.36,6660.146,12562.630000000001,6439.81,9738.615775274944
Mesures27062024_482.txt,1000,9519.387190000001,1879.4039574946637,6371.92,12796.26,6632.254,12520.525,6424.34,9703.138240207789
Mesures27062024_483.txt,1000,9469.466,1866.6503656645505,6339.94,12720.29,6600.0805,12444.915500000001,6380.350000000001,9651.692593156477
Mesures27062024_484.txt,1000,9488.02714,1872.8332723955489,6352.53,12750.07,6611.7185,12476.5965,6397.54,9671.099393324856
Mesures27062024_485.txt,1000,9517.97615,1878.0104381785202,6373.89,12790.11,6634.209,12516.66,6416.22,9701.484071928186
Mesures27062024_486.txt,1000,9460.713109999999,1866.0904128956956,6335.28,12710.61,6593.9545,12439.216,6375.330000000001,9642.996732283336
Mesures27062024_487.txt,1000,9464.62248,1867.1521560916374,6335.17,12714.38,6594.5695000000005,12439.6335,6379.209999999999,9647.037672929395
Mesures27062024_488.txt,1000,9472.554039999999,1869.803666363364,6340.74,12730.54,6599.3635,12457.2675,6389.800000000001,9655.332505484532
Mesures27062024_489.txt,1000,9450.27873,1864.0119866063326,6327.31,12699.1,6584.97,12426.5365,6371.79,9632.357383366883
Mesures27062024_49.txt,1000,16388.52533,3204.3021754716096,10899.13,21838.78,11346.92,21367.819,10939.65,16698.84172401738
Mesures27062024_490.txt,1000,9455.216189999997,1865.2468848087601,6325.22,12697.87,6583.7,12425.338,6372.650000000001,9637.44048702387
Mesures27062024_491.txt,1000,9479.72402,1873.1628186824655,6342.06,12740.64,6601.182000000001,12467.314499999999,6398.579999999999,9663.017460434365
Mesures27062024_492.txt,1000,9449.23608,1867.1942232969857,6324.32,12702.36,6581.7535,12428.5235,6378.040000000001,9631.95082852313
Mesures27062024_493.txt,1000,9421.487070000001,1860.4905398604196,6304.89,12661.88,6564.370000000001,12389.677,6356.989999999999,9603.428744937264
Mesures27062024_494.txt,1000,9437.40625,1861.1193057754888,6320.11,12679.22,6578.837,12407.9215,6359.11,9619.168456673857
Mesures27062024_495.txt,1000,9415.90109,1858.4260159225366,6300.13,12650.3,6556.903,12378.986,6350.169999999999,9597.548676267335
Mesures27062024_496.txt,1000,9364.523469999998,1849.090422584969,6267.25,12587.6,6523.0545,12318.754500000001,6320.35,9545.335783044842
Mesures27062024_497.txt,1000,9381.321069999998,1852.4513530799545,6281.33,12609.93,6538.187,12339.478,6328.6,9562.466263153754
Mesures27062024_498.txt,1000,9364.682120000001,1848.610676316002,6263.64,12579.63,6519.931500000001,12309.557499999999,6315.989999999999,9545.39850615139
Mesures27062024_499.txt,1000,9365.19805,1850.3200879509193,6266.35,12586.43,6521.424,12318.0785,6320.08,9546.235852083191
Mesures27062024_5.txt,1000,4514.76768,873.1950880400196,3015.62,5986.74,3137.5350000000003,5862.5565,2971.12,4598.434175472103
Mesures27062024_50.txt,1000,16780.40452,3321.4000278738736,11110.35,22430.35,11568.4005,21946.642499999998,11319.999999999998,17105.954343444188
Mesures27062024_500.txt,1000,9364.36401,1846.1460131025444,6272.09,12579.16,6526.7985,12310.467999999999,6307.07,9544.609390303916
Mesures27062024_501.txt,1000,9262.41498,1822.0686880280336,6200.4,12425.83,6455.1065,12159.046999999999,6225.43,9439.929319948355
Mesures27062024_502.txt,1000,9017.520480000001,1761.7616238977876,6043.43,12062.08,6288.077,11803.755000000001,6018.65,9188.007380638002
Mesures27062024_503.txt,1000,8736.480919999998,1704.8956672220015,5856.52,11676.91,6093.059,11430.6185,5820.389999999999,8901.27901493018
Mesures27062024_504.txt,1000,8463.372370000001,1648.5266669826374,5672.05,11303.92,5902.5545,11064.077500000001,5631.87,8622.430750376156
Mesures27062024_505.txt,1000,8309.914560000001,1617.0232964003972,5563.65,11090.23,5789.9135,10853.094500000001,5526.58,8465.78078712186
Mesures27062024_506.txt,1000,8293.34079,1617.3106236546755,5545.61,11073.27,5772.295,10835.556,5527.660000000001,8449.567747078196
Mesures27062024_507.txt,1000,8265.63855,1613.3551081719727,5526.23,11031.84,5750.9155,10796.030499999999,5505.610000000001,8421.620707696988
Mesures27062024_508.txt,1000,8196.03173,1601.8484891830772,5475.66,10943.16,5698.701999999999,10712.376,5467.5,8351.099011595115
Mesures27062024_509.txt,1000,8126.86684,1592.519946039237,5423.98,10861.87,5645.073,10631.472,5437.890000000001,8281.430094713376
Mesures27062024_51.txt,1000,16799.92111,3295.886305196808,11159.2,22412.2,11618.253499999999,21923.664,11253.0,17120.169854268606
Mesures27062024_510.txt,1000,8074.00784,1580.363794167322,5388.57,10779.27,5607.3835,10551.15,5390.700000000001,8227.220206260215
Mesures27062024_511.txt,1000,8041.115789999999,1574.651470573719,5364.47,10732.21,5582.000999999999,10504.9985,5367.739999999999,8193.843445048686
Mesures27062024_512.txt,1000,8025.908590000001,1570.986600739711,5356.41,10713.99,5574.7300000000005,10485.2575,5357.58,8178.215428486798
Mesures27062024_513.txt,1000,8023.66659,1570.552631875631,5351.72,10705.32,5567.5975,10478.438,5353.599999999999,8175.931819491507
Mesures27062024_514.txt,1000,8020.089910000001,1567.208597331029,5348.67,10698.16,5568.6035,10467.1695,5349.49,8171.779790965497
Mesures27062024_515.txt,1000,8069.05168,1576.8617499343363,5386.18,10768.47,5603.327,10536.8335,5382.289999999999,8221.684011984213
Mesures27062024_516.txt,1000,8061.501790000001,1574.8441966713076,5378.87,10755.14,5598.211499999999,10523.02,5376.2699999999995,8213.887347289497
Mesures27062024_517.txt,1000,8050.71536,1571.9783274368226,5370.51,10738.18,5588.651,10507.393999999998,5367.67,8202.751591366827
Mesures27062024_518.txt,1000,8032.57459,1568.7853406096808,5358.52,10714.08,5577.0065,10482.753499999999,5355.5599999999995,8184.335158632343
Mesures27062024_519.txt,1000,8070.16873,1577.468451077386,5383.46,10769.47,5603.9974999999995,10538.2435,5386.009999999999,8222.896694280811
Mesures27062024_52.txt,1000,16875.56606,3315.755830455475,11199.2,22508.59,11661.867,22024.4415,11309.39,17198.225680942305
Mesures27062024_520.txt,1000,8067.93026,1574.6502384130047,5381.25,10758.08,5601.1415,10527.961,5376.83,8220.159490761587
Mesures27062024_521.txt,1000,8116.6355,1587.2670901192873,5410.65,10826.61,5633.706,10597.236499999999,5415.960000000001,8270.380200162264
Mesures27062024_522.txt,1000,8109.23459,1584.5713258268408,5408.71,10813.41,5630.3355,10586.492999999999,5404.7,8262.599586224973
Mesures27062024_523.txt,1000,8107.55975,1591.116324874469,5400.74,10826.35,5621.303,10596.1145,5425.610000000001,8262.21376261242
Mesures27062024_524.txt,1000,8088.635730000001,1586.1045213777898,5384.48,10795.34,5603.879,10564.653,5410.860000000001,8242.678904662469
Mesures27062024_525.txt,1000,8066.331230000001,1583.370616345266,5369.85,10771.4,5589.7775,10539.699499999999,5401.549999999999,8220.265325448985
Mesures27062024_526.txt,1000,8040.34338,1581.3532208203123,5350.67,10743.95,5567.8005,10513.462500000001,5393.280000000001,8194.37610055266
Mesures27062024_527.txt,1000,8021.176100000001,1575.8602376330173,5338.73,10713.12,5555.452,10484.5725,5374.390000000001,8174.509252289338
Mesures27062024_528.txt,1000,8003.79944,1572.1493374278687,5327.67,10689.35,5543.809,10458.2665,5361.68,8156.743162250434
Mesures27062024_529.txt,1000,8013.862969999999,1572.7018454911533,5335.99,10695.6,5554.4884999999995,10467.459499999999,5359.610000000001,8166.724606398117
Mesures27062024_53.txt,1000,16604.455530000003,3264.1361741342716,11013.13,22160.34,11471.7025,21681.968,11147.210000000001,16922.249508000983
Mesures27062024_530.txt,1000,8044.87549,1577.7086832740574,5357.08,10733.65,5573.9155,10504.957,5376.57,8198.120902919223
Mesures27062024_531.txt,1000,8067.4741699999995,1580.0195872772942,5372.25,10764.3,5590.9235,10532.793,5392.049999999999,8220.742142884492
Mesures27062024_532.txt,1000,8080.16905,1582.6772505360016,5379.5,10782.6,5598.093,10549.4005,5403.1,8233.7111411527
Mesures27062024_533.txt,1000,8113.64917,1592.8883824456161,5400.06,10835.7,5621.454,10601.589,5435.64,8268.53047722338
Mesures27062024_534.txt,1000,8107.80146,1586.785935375994,5398.78,10814.69,5619.9365,10584.315,5415.910000000001,8261.618129609065
Mesures27062024_535.txt,1000,8143.52626,1599.5086707324883,5420.13,10878.54,5643.442,10645.717,5458.410000000001,8299.123323282887
Mesures27062024_536.txt,1000,8170.00104,1598.7386991231929,5443.34,10903.49,5668.009,10667.3395,5460.15,8324.955400581748
Mesures27062024_537.txt,1000,8193.96121,1605.1793965440859,5454.36,10932.99,5679.0935,10699.9215,5478.63,8349.706653893556
Mesures27062024_538.txt,1000,8209.28849,1609.7117183852579,5465.92,10957.09,5690.8369999999995,10724.975,5491.17,8365.619482641636
Mesures27062024_539.txt,1000,8223.69426,1611.8487103046157,5477.58,10976.89,5702.181,10745.011499999999,5499.3099999999995,8380.16727439659
Mesures27062024_54.txt,1000,16579.544899999997,3272.7386293842947,10986.14,22154.69,11440.088000000002,21675.952999999998,11168.55,16899.471211472275
Mesures27062024_540.txt,1000,8235.89833,1613.3248154846285,5487.48,10989.43,5714.499000000001,10753.773000000001,5501.950000000001,8392.427435632393
Mesures27062024_541.txt,1000,8259.94248,1618.9937606017047,5505.59,11026.88,5728.2505,10789.550500000001,5521.289999999999,8417.112959309492
Mesures27062024_542.txt,1000,8272.9564,1619.0610186392112,5519.58,11038.86,5741.844,10804.437,5519.280000000001,8429.897162977613
Mesures27062024_543.txt,1000,8294.50057,1622.9807317734783,5526.19,11064.83,5748.809,10828.529499999999,5538.64,8451.79307374703
Mesures27062024_544.txt,1000,8312.793310000001,1629.8673733047558,5540.91,11097.8,5763.433999999999,10858.319,5556.889999999999,8471.068425490617
Mesures27062024_545.txt,1000,8322.55095,1630.3579967223143,5544.77,11111.26,5769.5644999999995,10872.803,5566.49,8480.738264610121
Mesures27062024_546.txt,1000,8327.98135,1633.043623510247,5546.67,11117.36,5772.480500000001,10881.316499999999,5570.6900000000005,8486.583814600272
Mesures27062024_547.txt,1000,8346.946899999999,1635.5814577625872,5559.03,11135.62,5788.0625,10897.654,5576.590000000001,8505.683350348541
Mesures27062024_548.txt,1000,8355.674359999999,1638.5915438810218,5561.05,11151.49,5788.5225,10912.3295,5590.44,8514.826848388628
Mesures27062024_549.txt,1000,8363.206610000001,1638.8450557959432,5570.35,11164.41,5796.568,10925.381,5594.0599999999995,8522.267181827527
Mesures27062024_55.txt,1000,17209.414350000003,3384.0084185718533,11413.1,22956.71,11885.5505,22464.1695,11543.609999999999,17538.96961759587
Mesures27062024_550.txt,1000,8364.65848,1637.995587292374,5569.9,11155.56,5797.306,10917.1495,5585.66,8523.528672505607
Mesures27062024_551.txt,1000,8384.719560000001,1640.5924992613511,5587.77,11181.61,5814.6435,10941.0045,5593.84,8543.714991060924
Mesures27062024_552.txt,1000,8391.28485,1645.2621283424041,5587.12,11200.96,5814.7,10960.174,5613.839999999999,8551.055426366813
Mesures27062024_553.txt,1000,8415.71941,1647.6200184777895,5605.7,11230.77,5837.7715,10990.647500000001,5625.070000000001,8575.487444637738
Mesures27062024_554.txt,1000,8409.815859999999,1648.8748047230451,5601.65,11224.09,5830.6365,10980.821999999998,5622.4400000000005,8569.935292682087
Mesures27062024_555.txt,1000,8425.80118,1654.8941291580581,5600.78,11245.76,5832.515,11005.628,5644.9800000000005,8586.780543580417
Mesures27062024_556.txt,1000,8435.17135,1654.6118766692318,5612.6,11257.82,5842.0525,11017.3725,5645.219999999999,8595.920902746586
Mesures27062024_557.txt,1000,8449.851239999998,1657.5020106667932,5624.73,11279.84,5858.0905,11036.809,5655.110000000001,8610.882585048643
Mesures27062024_558.txt,1000,8458.934019999999,1655.769560346318,5635.96,11288.13,5867.5945,11042.7575,5652.169999999999,8619.462720592439
Mesures27062024_559.txt,1000,8467.72843,1657.8955224088866,5637.03,11298.58,5868.561000000001,11053.9085,5661.55,8628.501742913058
Mesures27062024_56.txt,1000,16897.37791,3339.8406829994947,11187.14,22550.82,11646.6,22069.748499999998,11363.68,17224.28274330094
Mesures27062024_560.txt,1000,8487.161619999999,1661.718485890548,5652.05,11325.77,5886.3175,11083.32,5673.72,8648.307388752519
Mesures27062024_561.txt,1000,8469.85335,1659.421232141941,5640.25,11305.87,5872.28,11062.465499999998,5665.620000000001,8630.880290919908
Mesures27062024_562.txt,1000,8490.229720000001,1666.8051662406501,5654.26,11341.87,5885.6410000000005,11099.896999999999,5687.610000000001,8652.296814174708
Mesures27062024_563.txt,1000,8488.88135,1664.003383602893,5652.9,11331.92,5888.938999999999,11089.244999999999,5679.02,8650.434314820252
Mesures27062024_564.txt,1000,8499.61215,1667.1257996252345,5658.37,11347.42,5890.2365,11106.4035,5689.05,8661.565397328804
Mesures27062024_565.txt,1000,8519.744460000002,1671.671437224405,5668.08,11372.08,5900.777999999999,11128.347,5704.0,8682.196211658234
Mesures27062024_566.txt,1000,8527.281790000001,1669.558534967042,5680.65,11379.65,5914.6785,11137.001499999998,5699.0,8689.186407699335
Mesures27062024_567.txt,1000,8532.04987,1675.1718297946284,5680.76,11392.68,5912.3685,11147.6925,5711.92,8694.94540773572
Mesures27062024_568.txt,1000,8526.189,1669.9272227638544,5678.47,11376.23,5912.459,11134.707499999999,5697.759999999999,8688.184838793935
Mesures27062024_569.txt,1000,8521.05424,1665.82330286601,5675.8,11366.12,5910.027,11123.1855,5690.320000000001,8682.357550653705
Mesures27062024_57.txt,1000,17251.62937,3425.208012507022,11401.75,23066.0,11876.2575,22575.481499999998,11664.25,17588.370187393397
Mesures27062024_570.txt,1000,8542.334359999999,1675.1437986907843,5688.24,11403.9,5920.6815,11159.831,5715.66,8705.03205418158
Mesures27062024_571.txt,1000,8546.947789999998,1673.9687798239893,5694.57,11409.56,5927.494000000001,11163.8215,5714.99,8709.333384410733
Mesures27062024_572.txt,1000,8559.337800000001,1679.0146160637673,5698.02,11428.98,5933.8655,11183.111499999999,5730.959999999999,8722.462591233316
Mesures27062024_573.txt,1000,8550.90901,1674.835993260988,5695.86,11414.23,5930.4385,11169.594000000001,5718.37,8713.387429789962
Mesures27062024_574.txt,1000,8543.07171,1670.7903438979936,5691.2,11399.7,5928.994,11156.9805,5708.500000000001,8704.91898959807
Mesures27062024_575.txt,1000,8556.09578,1673.6831482561422,5700.75,11410.35,5933.7525000000005,11167.940999999999,5709.6,8718.2561488689
Mesures27062024_576.txt,1000,8564.94735,1678.0207407149883,5706.16,11429.6,5939.8795,11185.58,5723.4400000000005,8727.776160886671
Mesures27062024_577.txt,1000,8562.909210000002,1678.6259984847356,5701.28,11430.08,5936.1335,11185.620499999999,5728.8,8725.892469053908
Mesures27062024_578.txt,1000,8580.512530000002,1680.484525721287,5717.23,11448.73,5951.5035,11204.689,5731.5,8743.524662210068
Mesures27062024_58.txt,1000,16669.09934,3287.278415107635,11049.68,22264.0,11505.3415,21778.6265,11214.32,16990.146326186277
Mesures27062024_59.txt,1000,17208.6761,3392.3263042590393,11401.74,22966.89,11874.690999999999,22473.3225,11565.15,17539.852076607687
Mesures27062024_6.txt,1000,4488.980280000001,873.8925364414789,2992.12,5964.69,3114.0995,5839.576499999999,2972.5699999999997,4573.25181019775
Mesures27062024_60.txt,1000,17191.7692,3405.132833767775,11377.21,22977.74,11847.325,22486.945499999998,11600.530000000002,17525.748424580102
Mesures27062024_61.txt,1000,17422.52397,3452.0499701104472,11524.75,23278.85,12001.97,22783.5675,11754.099999999999,17761.22153685844
Mesures27062024_62.txt,1000,17460.65723,3462.3112227380752,11547.93,23339.5,12025.3005,22840.293999999998,11791.57,17800.62217751529
Mesures27062024_63.txt,1000,16674.24457,3298.5405979406733,11041.65,22292.42,11501.702000000001,21812.411999999997,11250.769999999999,16997.376328611343
Mesures27062024_64.txt,1000,15673.03834,3093.7018588810793,10388.22,20923.34,10815.742,20480.18,10535.12,15975.45373373646
Mesures27062024_65.txt,1000,16832.257899999997,3313.301502459592,11123.49,22518.87,11600.6545,22019.990999999998,11395.38,17155.257877930995
Mesures27062024_66.txt,1000,17112.93884,3381.4442661273383,11320.61,22904.39,11792.1495,22405.444,11583.779999999999,17443.819566439743
Mesures27062024_67.txt,1000,17595.80606,3448.9106937121287,11673.23,23543.02,12160.5165,23019.509000000002,11869.79,17930.62675631654
Mesures27062024_68.txt,1000,17713.661989999997,3490.3874882349583,11772.62,23588.25,12262.27,23076.2375,11815.63,18054.2689110913
Mesures27062024_69.txt,1000,17461.86145,3450.8852323441006,11564.54,23400.13,12042.8305,22887.3485,11835.59,17799.584663295
Mesures27062024_7.txt,1000,4397.8672799999995,858.2708256431658,2928.18,5846.77,3046.8540000000003,5723.357,2918.5900000000006,4480.8331170268775
Mesures27062024_70.txt,1000,17511.10898,3438.806109537605,11604.29,23321.73,12088.8155,22828.521,11717.439999999999,17845.56878242971
Mesures27062024_71.txt,1000,18110.168329999997,3581.682010866893,12004.28,24221.95,12516.719,23690.474,12217.67,18460.949135077062
Mesures27062024_72.txt,1000,18240.434310000004,3568.6596422767084,12156.44,24325.62,12645.626,23792.464999999997,12169.179999999998,18586.252324227164
Mesures27062024_73.txt,1000,17716.94913,3497.036863412415,11747.68,23671.14,12235.768,23161.177499999998,11923.46,18058.78050420551
Mesures27062024_74.txt,1000,18059.16882,3549.028865081715,11988.27,24110.68,12494.034,23586.557999999997,12122.41,18404.596826729005
Mesures27062024_75.txt,1000,18085.5014,3583.621910328354,11948.43,24199.46,12474.6275,23674.1,12251.029999999999,18437.128488069593
Mesures27062024_76.txt,1000,18160.50229,3600.2980357806014,12013.51,24247.27,12512.9135,23736.1175,12233.76,18513.94040639488
Mesures27062024_77.txt,1000,18558.98082,3657.692731491251,12324.23,24704.87,12833.1605,24189.6105,12380.64,18915.984912108906
Mesures27062024_78.txt,1000,18996.84677,3770.410575198683,12576.79,25435.62,13098.053,24892.935999999998,12858.829999999998,19367.400008995257
Mesures27062024_79.txt,1000,18699.69768,3708.604512601879,12394.21,25077.7,12914.515,24532.3995,12683.490000000002,19063.90413200529
Mesures27062024_8.txt,1000,4624.21071,903.9278109978673,3076.58,6153.1,3201.5735,6021.799,3076.5200000000004,4711.731123268188
Mesures27062024_80.txt,1000,18980.95887,3729.2564591977343,12619.57,25369.71,13138.99,24820.3965,12750.14,19343.840191727697
Mesures27062024_81.txt,1000,19343.173990000003,3840.3116153051146,12821.75,25929.18,13360.505000000001,25361.602,13107.43,19720.709249671017
Mesures27062024_82.txt,1000,18863.39582,3700.0922059021623,12554.61,25215.95,13070.802,24662.511,12661.34,19222.86097838122
Mesures27062024_83.txt,1000,18861.71107,3705.459959666,12544.71,25177.64,13066.968,24632.435999999998,12632.93,19222.241752741756
Mesures27062024_84.txt,1000,19733.06329,3860.8824740711643,13139.5,26372.65,13693.935500000001,25802.568499999998,13233.150000000001,20107.217616710062
Mesures27062024_85.txt,1000,19299.14012,3815.0026293660644,12766.36,25804.48,13312.571,25250.910499999998,13038.119999999999,19672.59653511614
Mesures27062024_86.txt,1000,19579.762549999996,3862.188987028858,13032.78,26152.8,13577.514000000001,25597.708,13120.019999999999,19957.044001702994
Mesures27062024_87.txt,1000,18733.39701,3683.220007639044,12447.2,25057.78,12966.849,24513.249,12610.579999999998,19092.047379968168
Mesures27062024_88.txt,1000,18887.46699,3693.4660125086084,12590.57,25228.08,13128.4005,24687.983,12637.510000000002,19245.209806180235
Mesures27062024_89.txt,1000,19580.75889,3877.6971523814063,12989.47,26213.9,13541.662999999999,25641.161,13224.430000000002,19961.02837816481
Mesures27062024_9.txt,1000,4462.808660000001,866.9657161919406,2976.67,5929.22,3096.6815,5802.306,2952.55,4546.2391807760405
Mesures27062024_90.txt,1000,19629.006049999996,3858.8439126698427,13058.99,26179.12,13586.3185,25615.094999999998,13120.13,20004.713315948462
Mesures27062024_91.txt,1000,19508.764340000005,3872.0263564569086,12984.67,26181.1,13519.665,25613.5705,13196.429999999998,19889.305522786675
Mesures27062024_92.txt,1000,18993.20103,3717.65659633383,12669.26,25385.73,13184.934000000001,24836.558,12716.47,19353.621261517375
Mesures27062024_93.txt,1000,18728.5312,3717.2731236864693,12447.47,25133.38,12955.2815,24591.5225,12685.910000000002,19093.87337303396
Mesures27062024_94.txt,1000,18978.914149999997,3728.3581042440487,12649.72,25371.26,13174.379500000001,24824.405499999997,12721.539999999999,19341.66064397141
Mesures27062024_95.txt,1000,19305.74122,3838.748417324807,12760.5,25878.59,13292.368999999999,25309.8065,13118.09,19683.689528772822
Mesures27062024_96.txt,1000,19810.54334,3917.63923950323,13146.55,26508.84,13693.4215,25943.586,13362.29,20194.19532036159
Mesures27062024_97.txt,1000,19474.051829999997,3817.062443153236,12963.85,26055.5,13505.8745,25477.600499999997,13091.65,19844.612880387896
Mesures27062024_98.txt,1000,19440.56916,3880.964070442845,12864.21,26081.04,13402.487500000001,25517.554500000002,13216.830000000002,19824.167356557788
Mesures27062024_99.txt,1000,19419.628510000002,3823.2271473636615,12902.8,26015.4,13464.2145,25447.343,13112.600000000002,19792.398472311113
