scan_id,F_area_total,F_mean,F_p95,F_p99,F_top10_area,F_main_roi_area,F_main_roi_mean,F_main_roi_peak
0,0.9739622995564622,0.0010145440620379813,0.004599477553204646,0.006787533304525914,0.16279544421845427,0.3035116264288873,0.004817644863950592,0.007639971154325714
1,1.0093023939959718,0.0010513566604124706,0.005656899863624924,0.008146640298477302,0.25049518771072243,0.35000583999615664,0.005555648253907248,0.009382073388844009
2,0.907631913870818,0.0009454499102821021,0.004354075870918016,0.007256781778435663,0.17002404719277148,0.31163251476932224,0.0049465478534813055,0.00840748753780552
3,1.005283320765495,0.0010471701257973906,0.004285828426278594,0.006858767350712438,0.12964072401492066,0.2855739682378541,0.005010069618207966,0.007740199553822631
4,0.9479375040436677,0.0009874349000454873,0.004210790073154995,0.006198993767713952,0.123341818398364,0.25183212845917674,0.0046635579344291985,0.006884314027629285
5,0.9899588411248057,0.0010312071261716726,0.004845110365451005,0.00701459097522206,0.18454606795043904,0.2946893415421629,0.004911489025702715,0.007991856857831322
6,0.8979722282323586,0.0009353877377420402,0.004306123861878392,0.0056708723507728565,0.14850785175093947,0.22969761002573297,0.003960303621133327,0.005896164724670379
7,0.9669486932510796,0.0010072382221365413,0.004306133426816357,0.006563941039873396,0.1420149548770963,0.31707631107649903,0.00473248225487312,0.007283272484970253
8,0.8544551831124364,0.0008900574824087879,0.0039943192302894235,0.00571378036566455,0.12803992575445652,0.23554587659349505,0.004132383799885878,0.006618621240420996
9,0.8940465446279198,0.0009312984839874164,0.004423480091847809,0.006533023054805275,0.15972074412411918,0.30156328320757936,0.0046394351262704515,0.007583677606533854
10,0.9274230679056877,0.0009660656957350914,0.004689882003451931,0.006774707491546166,0.1907182445505922,0.2968708598779427,0.004712235871078455,0.007831732060369027
11,0.867506083097751,0.0009036521698934907,0.004165700912300875,0.005553010465029795,0.13228292440858097,0.22658308124583498,0.004119692386287909,0.0063648991962482835
12,0.930521734492794,0.0009692934734299938,0.004643371723375863,0.0066080203571351305,0.17963688416601392,0.30399221886525996,0.0046059427100796965,0.007518947155640458
13,0.9546372392797523,0.0009944137909164087,0.0047206700413986846,0.006369201136576314,0.15381205859722336,0.29541013646306813,0.0046157833822354395,0.007168751763772889
14,0.8856387319180955,0.0009225403457480162,0.0042671731088026795,0.005907447059543607,0.13946638895512786,0.25143040269580635,0.004261532249081464,0.0067602362309208495
15,0.8818817201083763,0.0009186267917795587,0.004375207754953667,0.005795798967175244,0.1468905694105215,0.2349433109331079,0.004121812472510665,0.00639426576798082
16,0.9615635147420503,0.0010016286611896357,0.0047635119976630735,0.006523110663995594,0.18258280479287664,0.25693362984987345,0.004429890169825404,0.0069641574670396495
17,0.9704839685660122,0.001010920800589596,0.004355205164763249,0.00602701572532233,0.15504831971788016,0.24263607662197914,0.004332787082535342,0.006864666975703027
18,0.9851876325737644,0.001026237117264338,0.004448115585590339,0.006790681851015429,0.14780826931903707,0.2831948428261792,0.004882669703899641,0.007854285726223634
19,0.9539828668705097,0.0009937321529901143,0.004214960424624472,0.006934459128768627,0.14513412316716015,0.2832183491738364,0.004968742967962043,0.008054340624296417
20,0.9789451619449571,0.0010197345436926636,0.004381987285726792,0.006329213331243322,0.11676141109329818,0.2392112688502415,0.00478422537700483,0.007331173367077443
21,1.0122654138655733,0.0010544431394433056,0.004397893752423923,0.006196177390022196,0.10772536216447043,0.23457412927359675,0.004787227128032587,0.007207409740781514
22,1.0365587471467472,0.0010797486949445283,0.004618963268093263,0.0065566264153438724,0.11781758603401926,0.25564492262390465,0.005012645541645189,0.007518984254918193
23,0.9361123597437596,0.0009751170413997496,0.004102294910958049,0.005498907736260346,0.09011377824234158,0.19008482417299097,0.004320109640295249,0.006203575858841147
24,0.9856470151351134,0.001026715640765743,0.004712776621779552,0.006604448742267222,0.13369133349901602,0.2788572127553335,0.004979593084916669,0.007456561221334685
25,0.8938593248930666,0.0009311034634302777,0.00435779784755053,0.0059084059789370705,0.12702348806894542,0.24036420163534927,0.004451188919173134,0.00689264962067467
26,1.1488038035225039,0.0011966706286692748,0.005593225139898998,0.007922157249962265,0.21336574840409592,0.3677173681610428,0.0055714752751673145,0.008994102531770347
27,0.9964277037957371,0.0010379455247872262,0.004827635159640565,0.007307163187300904,0.18536924779934733,0.33858933522775536,0.005053572167578438,0.008394845674719115
28,1.0014888554878927,0.0010432175577998882,0.0048615111100438965,0.006922724628067959,0.18382896740061688,0.3079229414285167,0.004887665736960583,0.007872012826674494
29,0.8530469448904183,0.0008885905675941857,0.004241615684822323,0.006687265309989176,0.1741498541533428,0.31089731039097235,0.004505758121608295,0.007633696907871628
30,0.8926709810066955,0.0009298656052153079,0.00447536473758241,0.007187532167944275,0.1825876533368116,0.3207891657161413,0.00486044190479002,0.008379867923721545
31,0.9146858808737266,0.0009527977925767986,0.004649151350041502,0.0066424821389152585,0.1759291971650506,0.2962004121062782,0.004701593842956797,0.0076026688958585695
32,0.9177144319690195,0.000955952533301062,0.0046343355461510565,0.006564750485614343,0.15258795391581065,0.2785970491911248,0.004721983884595336,0.0075134117641618425
33,0.9393667696181557,0.0009785070516855788,0.004590692297536854,0.006366484507797252,0.15390141185907222,0.2647615477699267,0.004644939434560118,0.007386103985599707
34,0.9056926092362529,0.0009434298012877634,0.004199629076310498,0.006313675553548503,0.13454388816151042,0.24905582778166904,0.004612144958919797,0.007398824829793239
35,0.8297045840410773,0.0008642756083761221,0.0038681370279480074,0.006038655936909144,0.12746790609825004,0.24993172298457897,0.004384767069904894,0.006995070944319222
36,0.8954258348511173,0.0009327352446365805,0.004322567380234615,0.006514934625355262,0.1480892041666217,0.2163908650514088,0.00450814302190435,0.007258847200426491
37,0.9491275856516515,0.000988674568387137,0.005005818302376298,0.006389686773575339,0.16425743057630587,0.3297152098598842,0.004848753086174767,0.007017243487582871
38,0.9888124476281368,0.0010300129662793092,0.004605310851824982,0.006758159998312829,0.16627692114050324,0.28933015451554916,0.00474311728714015,0.0076439879075558695
39,0.9475996171232358,0.0009870829345033705,0.004415740273732584,0.006060043020355472,0.12209087174169528,0.2203729475578741,0.004497407093017838,0.006592723587230874
40,1.105378948907675,0.0011514364051121615,0.005756030926088703,0.007737398193356362,0.2098332006860378,0.36155525255071214,0.005649300821104877,0.008448615946596329
41,0.9529314505705547,0.0009926369276776611,0.00445510346021274,0.005753733435182654,0.11158892589005848,0.2512307804721685,0.004486263937003009,0.006352461734276744
42,0.8991749359625354,0.0009366405582943077,0.003862883914229544,0.005175179321244195,0.08047524948078424,0.2158614508404318,0.004151181746931381,0.005816184955760837
43,0.9817619417652657,0.0010226686893388185,0.00421631808351659,0.005703466396587759,0.10918152476978793,0.2346330257880748,0.004427038222416506,0.006461314181220374
44,0.8666704746624954,0.0009027817444400994,0.004012136691856269,0.004679956678190194,0.07113672056932602,0.15047461176403268,0.003761865294100817,0.004906344667871782
45,0.9168098768598465,0.0009550102883956734,0.004161306766105709,0.00568221929419915,0.08939874936628331,0.19333370703678332,0.004496132721785659,0.006853553917446303
46,0.8782178935144382,0.0009148103057442065,0.0041340184060006755,0.00526201268116649,0.08313178937089598,0.18347291284568845,0.0042668119266439175,0.00614905789410444
47,0.8177145052556404,0.0008517859429746254,0.003988566202146665,0.004507929573354453,0.08370645954015171,0.13384074429390186,0.003717798452608385,0.00533724065829293
48,0.8757805304878992,0.000912271385924895,0.004107342219964871,0.005775635523456346,0.10028580067481226,0.19514598286155707,0.004435135974126297,0.006952224058925314
49,0.9008249006615856,0.000938359271522485,0.004098768374540404,0.00623270200404164,0.10077062795999482,0.22218909287624206,0.00472742750800515,0.007292564080401812
50,0.8087887836089396,0.0008424883162593121,0.004145744562511103,0.004732856467952134,0.08391227255328827,0.19669757667879284,0.003450834678575313,0.004755393297097013
51,0.8434776361269101,0.000878622537632198,0.0038729860354944313,0.005380261123367458,0.08213877130925895,0.19554761423319506,0.004251035092025979,0.006262998106517907
52,0.8939880371397116,0.0009312375386871997,0.0039605353795167325,0.005990675683052986,0.09539688222866591,0.22848702828228842,0.004569740565645768,0.00688601920433025
53,0.8715331048023472,0.0009078469841691117,0.003989804597394752,0.005960401878841453,0.09449263095194958,0.22839570164073364,0.004567914032814673,0.006880483337087599
54,0.85936491582535,0.000895171787318073,0.00438207300378956,0.0049071723877231205,0.08481947218626537,0.19960935343629943,0.0036292609715690804,0.0049187340815680155
55,0.9340571292803012,0.0009729761763336471,0.0042599512488875595,0.005734062713726897,0.08696673962717,0.20179338526876986,0.004586213301562951,0.006612921243633384
56,0.986279726678031,0.0010273747152896157,0.004580303003247733,0.007025639897319094,0.14254692653553777,0.3018391579405054,0.005115917931195007,0.008095458200812014
57,0.8078181672961744,0.0008414772576001816,0.004031003552349543,0.004640077036500121,0.07602032890972696,0.19044869998831188,0.003400869642648426,0.004653667560528823
58,0.8427323408965639,0.0008778461884339208,0.004193260615578536,0.0057484917272940875,0.10393502272600126,0.21939058952817042,0.004477358969962661,0.006652156210856008
59,0.8347774188053272,0.0008695598112555492,0.0040293071578298995,0.005261182002736059,0.0805383758410389,0.182823328378989,0.004155075644977023,0.005876666268085323
60,0.8328855080190107,0.0008675890708531362,0.004156009782326126,0.005172423543357775,0.08596526770011004,0.23769031330797957,0.0037728621159996757,0.0053567249194395525
61,0.8930168790858866,0.0009302259157144652,0.00433684664207397,0.00510203090692256,0.07875270673416108,0.16885851333332108,0.004221462833333027,0.00571583337167848
62,0.7797861232065051,0.0008122772116734428,0.004061497089998087,0.00484246553434019,0.08401829717036144,0.16121335952077626,0.003932033159043323,0.005615250664666007
63,0.7880896499300918,0.0008209267186771789,0.004310789373856528,0.004827966878177862,0.08969644608019306,0.15581619020601556,0.0039952869283593736,0.005589252840565737
64,0.8015344914711435,0.0008349317619491079,0.003923319991333232,0.004781501874904702,0.07613268651724536,0.15126920568695085,0.0038786975817166882,0.00559071270454089
65,1.5610330249934803,0.001626076067701542,0.007047230719493031,0.00862978659799162,0.14834623533234934,0.34725838893253114,0.006945167778650623,0.009325842672263378
66,1.2211875652013444,0.0012720703804180672,0.005335955138425035,0.006814857403482101,0.13117406694655917,0.27736408418324365,0.005333924695831609,0.0075065131868160915
67,1.781502592137647,0.001855731866810049,0.006187505562980742,0.00828013522973669,0.14665726158314796,0.3746936473258536,0.006460235298721613,0.009193397710842046
68,1.5193746507555033,0.0015826819278703158,0.005517036813339766,0.007760140132473255,0.1194890854987739,0.46637737899997644,0.005757745419752796,0.007912077484128359
69,1.2607871640694361,0.0013133199625723292,0.00489581481213114,0.006361959995586685,0.10532865606193305,0.3562436065184704,0.004814102790790141,0.006525475380879237
70,1.2593882382981654,0.0013118627482272556,0.005487518654078658,0.007599283583820494,0.1275372205233959,0.3159821293242279,0.005745129624076872,0.008343336478913393
71,0.8733864201987678,0.0009097775210403831,0.004511459477713074,0.006597611670086588,0.1454976495386368,0.3912026839285043,0.004548868417773306,0.006795315966732995
72,0.9520784906090012,0.0009917484277177095,0.0049163536743481034,0.006305961182631651,0.1363237873820738,0.32721035967469164,0.0043628047956625554,0.006388175343361725
73,1.1982779870884617,0.001248206236550481,0.005796320799031947,0.007219287216082545,0.15955571667647597,0.3930049122626643,0.0052400654968355245,0.007436046503230453
74,0.8415962112713262,0.0008766627200742981,0.004165845688193575,0.005559150355224149,0.10795022910623187,0.27193944835243744,0.003941151425397644,0.00577228398477003
75,1.1694499903276125,0.0012181770732579296,0.004930524419898629,0.0073451797373474854,0.2065283014223524,0.4750715285470422,0.004798702308555982,0.0074959288907644585
76,0.9825949876684915,0.001023536445488012,0.004270609006921379,0.005064092580555435,0.10680480239375148,0.2330999343702765,0.0036421864745355705,0.005178946444353523
77,1.066166766094791,0.0011105903813487408,0.0045818376651007645,0.005983153426330896,0.1280927937755399,0.3164347366963338,0.004276145090490998,0.006032267151676154
78,0.9341233777360571,0.0009730451851417261,0.004403082291061629,0.005871563728781612,0.11053387132166193,0.2965659692141955,0.004118971794641604,0.0061071097882752666
79,1.2828510020180337,0.0013363031271021184,0.005635819533750409,0.007525017591925113,0.1578309155645762,0.42891819018990074,0.005361477377373759,0.007765876563738361
80,1.1674524764730605,0.001216096329659438,0.005593296191758698,0.009020944885826096,0.20101112938671845,0.5258980683285225,0.006044805383086466,0.009256966267099234
81,1.1655955501703308,0.001214162031427428,0.0072725512280014,0.009409146260015636,0.22930777337714037,0.5195900048039133,0.006577088668403965,0.009689294452152688
82,1.2068898719484649,0.0012571769499463176,0.006583217822191792,0.007775501219237156,0.16930514092442983,0.366233670627634,0.005548995009509606,0.00802089573331194
83,0.974175944650463,0.0010147666090108988,0.005387537640273507,0.006419957653609195,0.16139162624381875,0.30364024860687955,0.004400583313143182,0.006644207076121142
84,1.3612124492680877,0.001417929634654258,0.007246421204220592,0.009111857600293054,0.2052251995098182,0.48443184380915116,0.0064590912507886825,0.009382373052211911
85,1.3818544788552556,0.001439431748807558,0.006903272184913301,0.00928384164891914,0.19909998078725571,0.5004066609129527,0.006498787804064321,0.009571517678760928
86,1.1751834521498954,0.0012241494293228077,0.0065234639845342555,0.009912786599847552,0.2564211453997832,0.5693237656353025,0.006543951329141408,0.010166936252818377
87,1.570890819539755,0.0016363446036872448,0.007598305271311069,0.010230280274039438,0.22545950270076534,0.612182695862881,0.007287889236462869,0.010492449110199894
88,1.2731294284125714,0.0013261764879297618,0.008157095481241975,0.009969465438825082,0.25224309190936445,0.5521646467779434,0.007079033933050556,0.010216911756552689
89,1.4390295593598352,0.0014989891243331617,0.007265439284507423,0.011417530630962926,0.2813241391695943,0.6926398036896272,0.007695997818773635,0.01171169209740568
90,1.1669447787831169,0.00121556747789908,0.006222237707575236,0.007555837016104296,0.17575511401110389,0.34652283253780874,0.005250345947542557,0.007840014052711007
91,1.8900673423575731,0.001968820148289139,0.011116006276544724,0.013475408696426184,0.2899385811609748,0.7878044125333604,0.00997220775358684,0.013813638465590805
92,1.6368856083958336,0.0017050891754123267,0.008793841562428397,0.013540598604349498,0.3221281878065395,0.8322632644520521,0.00935127263429272,0.013810198952094984
93,1.7867062103525373,0.0018611523024505596,0.010240493774810644,0.013515916458858204,0.2876990534913404,0.8119724220421483,0.009782800265568051,0.013858409342835621
94,1.3869423737291569,0.001444731639301205,0.009352925169653234,0.01179323395966501,0.29390326790009874,0.6461371480501893,0.008283809590387043,0.012101135396535422
95,1.7023571629974081,0.0017732887114556334,0.007723110066046403,0.011340399049570137,0.16889228491658348,0.5944117117642924,0.008255718218948506,0.011687140615691179
96,1.600604194191137,0.001667296035615768,0.00876163021936376,0.011986342385479389,0.29695613156314815,0.7076755839191736,0.008325595104931454,0.012283739971279123
97,1.7187344997170513,0.0017903484372052618,0.008733479426851248,0.013120766238090996,0.3108556586117656,0.82576158214102,0.00907430310045077,0.013414372035338845
98,1.3787207065329423,0.0014361674026384815,0.009107993006781213,0.01201472034525997,0.2979762404834174,0.6727833453059457,0.00830596722599933,0.012378393589571896
99,1.6722497515645451,0.0017419268245464012,0.009920276478372184,0.011536393711886108,0.2847782205300007,0.6222039326163502,0.0084081612515723,0.011886100310237513
100,1.4510680426572464,0.0015115292111012983,0.009118875717726616,0.011398372300133143,0.2615848723943789,0.6640949076222353,0.008198702563237473,0.011690605985491572
101,1.5800890698204377,0.0016459261143962893,0.008235172365562971,0.012453553627308598,0.36865252474416366,0.8595252957888883,0.00781386632535353,0.012815859367731903
102,1.3855129684843792,0.0014432426755045618,0.007374642094443292,0.010314096060537981,0.2482277981268345,0.5544117770122904,0.00693014721265363,0.010638678917098897
103,0.9398044082528461,0.0009789629252633812,0.006130862102758043,0.007569247766238741,0.2175355072332732,0.37574359071784846,0.005077616090781736,0.007793654127472358
104,1.4745473357490275,0.0015359868080719037,0.007498296614982785,0.008997308346047107,0.2020773027454565,0.4692321399496773,0.0065171130548566285,0.00925196085548283
105,1.0749992003900575,0.0011197908337396431,0.006850231686902795,0.008978542206390308,0.2285950256211967,0.48580412506588294,0.00614941930463143,0.0092420482570564
106,1.3512451675869068,0.0014075470495696946,0.008081228223595638,0.00984235668357309,0.22333150527776663,0.5375470201132277,0.007072987106752996,0.010166854184635754
107,1.6322215634861388,0.0017002307952980612,0.007444168792025197,0.008558619814965817,0.14270516444295323,0.4264537942809593,0.006560827604322451,0.008833898850554255
108,1.03075248296457,0.0010737005030880937,0.007249827527740181,0.008713861796073854,0.26610355553878057,0.4206330556779294,0.0057620966531223205,0.00901169759428784
109,1.5885580763582077,0.0016547479962064663,0.009687755051951043,0.011138219079132703,0.27035273884609423,0.5856914317038183,0.00802317029731258,0.011193286002130142
110,1.3805044575883159,0.0014380254766544957,0.009023809899831505,0.010952052433744931,0.2802294729017263,0.5819022691759539,0.007758696922346052,0.01119578824886475
111,1.1662815599479837,0.0012148766249458164,0.007348293651208762,0.00954626218064587,0.26564935862193556,0.5051403744873318,0.006394181955535846,0.009854741641378652
112,1.3617787905422816,0.0014185195734815433,0.008831932059000824,0.01106926963605129,0.26407730608883473,0.647941652312168,0.007999279658174914,0.011296186540420151
113,1.72145400162775,0.0017931812516955728,0.008315395633273577,0.012361612949332633,0.2724050622450665,0.781737278372007,0.008685969759688966,0.012618096034517566
114,1.4958270250038452,0.0015581531510456721,0.007138620015577323,0.011233384586787692,0.24152180123698475,0.6720570555250744,0.007724793741667522,0.011518893971680884
115,1.1022343880288066,0.0011481608208633403,0.006064038947711399,0.007980504593537923,0.19609060418900798,0.37166339485599803,0.0053094770693714,0.00826599858158668
116,1.499306389029642,0.0015617774885725438,0.008537424661989573,0.013111068023589545,0.34423681012205776,0.8449412352170799,0.008534759951687676,0.013473633164138204
117,1.2876785529781198,0.001341331826018875,0.008186085614103495,0.009833135921426532,0.24603094258608782,0.5479047222520079,0.0070244195160513835,0.010077366279640714
118,1.083197374881806,0.0011283305988352146,0.006489079039710386,0.009711221246206138,0.2681488862848484,0.5293664923743575,0.006227841086757147,0.010040303680686792
119,1.2499870041753856,0.0013020697960160266,0.00809648145022303,0.010232846311656222,0.2481816894925965,0.5582180548376657,0.007156641728688022,0.010535450258938438
120,1.2108465905984276,0.001261298531873362,0.00702201821395248,0.008716540917362433,0.21506793055603007,0.4307223255024823,0.006066511626795525,0.00900462475430023
121,1.8169923596598263,0.0018927003746456524,0.009898684919977026,0.011333383517393967,0.2642711869379101,0.6322628060066795,0.008430170746755727,0.011648110708274546
122,1.0295268118106489,0.0010724237623027592,0.006830210584335274,0.008830032927445162,0.25239884552110015,0.4395676989873587,0.005708671415420243,0.009170688070867235
123,1.9651689303485431,0.0020470509691130657,0.008597868105634298,0.012013908874753707,0.22741226699849182,0.7284381553565206,0.008776363317548441,0.01228633450357935
124,1.5515415795600709,0.0016161891453750738,0.008313389347850132,0.009648291464334291,0.1962416198630847,0.4646173214754511,0.007147958791930017,0.009923627059053256
125,1.7664423687509734,0.0018400441341155972,0.008903831501516137,0.010147265735511475,0.16828567524321292,0.4827348672401127,0.007913686348198569,0.010201295150576248
126,1.167281429457459,0.001215918155684853,0.007890957993606602,0.009514200093523249,0.2572641668172755,0.49992389089671946,0.006577945932851572,0.009818951055749429
127,1.3444595719537598,0.0014004787207851665,0.007587279838112031,0.0100027574236036,0.2451100569448832,0.512492364875091,0.006833231531667879,0.01030877135138073
128,1.1948102987649585,0.0012445940612134984,0.007734546454413252,0.009958745391074263,0.25761622482309704,0.527440494378602,0.006762057620238487,0.010274204384450968
129,1.5024815874435538,0.0015650849869203686,0.008508993662079857,0.010039396700160854,0.24499289810856734,0.5065958421696081,0.007135152706614198,0.01032993658575566
130,1.4056577354451534,0.0014642268077553681,0.009147089017039594,0.011586892451945156,0.2758393246820523,0.6812163826438887,0.008307516861510838,0.011847894308028992
131,1.1724181527806077,0.0012212689091464664,0.0077143957964856775,0.010780975597110975,0.2722453210700958,0.5971956308298457,0.007195128082287298,0.011073642950838129
132,1.1561523263285993,0.0012043253399256243,0.007276914482840115,0.008773651288181292,0.2508004016505182,0.4616603753940893,0.005995589290832328,0.009028394474232131
133,1.2975612531786676,0.0013516263053944453,0.007647214406338861,0.009616307309395722,0.2170362018783075,0.47628528430180467,0.006708243440870489,0.009925337851024035
134,1.613679859359919,0.0016809165201665823,0.007013749090281557,0.010844139198691129,0.2035783234907216,0.5775846022820523,0.007599797398448057,0.011091949835004177
135,1.2869189220030843,0.001340540543753213,0.005861354834922609,0.009681945739176415,0.2176105179313612,0.5128356763545401,0.006254093614079757,0.009993563627212966
136,1.4024070233529278,0.0014608406493259664,0.007914757247319867,0.010559469051033167,0.1900483226453995,0.5454594298032363,0.007682527180327271,0.010877594582276807
137,1.8445848973730312,0.0019214426014302409,0.009569662554852074,0.01185986169731374,0.2790976015174808,0.6320419616498578,0.008427226155331438,0.012204670317928304
138,1.7002531111443693,0.0017710969907753847,0.010444070225310645,0.012813343692356927,0.3005715352045118,0.7298141007952688,0.009238153174623655,0.013191607520197077
139,1.8197733288914841,0.001895597217595296,0.010026299087058859,0.015558299767170545,0.39239947856802865,0.9602010189766002,0.010324742139533334,0.01596295622785736
140,2.1124609637689193,0.002200480170592624,0.011142325461838206,0.0157296506799136,0.3773713705724206,0.9416280706067586,0.010949163611706496,0.016158654657656958
141,1.814068229080956,0.0018896544052926624,0.010373080470252871,0.012878817285242785,0.3436017132759003,0.6707886785717999,0.008826166823313157,0.013261613491749888
142,1.5931084067785082,0.0016594879237276127,0.009905663306878693,0.012124277776053806,0.33618797632107833,0.6299761004081609,0.008289159215896853,0.012531519506176269
143,1.9726416864223122,0.002054835090023242,0.010556505081575983,0.014870368065711842,0.3349241490688958,0.8662648396232997,0.010436925778593972,0.015210083101460757
144,1.8628261124953103,0.0019404438671826148,0.01109946175027484,0.013868506311126514,0.33565904250385453,0.7715012663023891,0.009765838813954293,0.01424069106821935
145,1.762941560255625,0.0018363974585996095,0.010911238346992334,0.01514569666088932,0.3663639038713606,0.886143055751527,0.010425212420606199,0.015542264402130744
146,1.9014187079293248,0.00198064448742638,0.011392972694179253,0.014708659916397011,0.3371194996206495,0.8835727903236675,0.010518723694329376,0.015011007367214158
147,1.6245358524059086,0.0016922248462561548,0.011293800913306137,0.013161105004341827,0.3203516650665975,0.6666938607514205,0.00939005437678057,0.013286800477365131
148,1.5622949886715323,0.0016273906131995127,0.009696594173828118,0.011417618161506247,0.33657948859003317,0.5587614692111139,0.0076542667015221085,0.011617919856443275
149,2.4331044060119296,0.0025344837562624265,0.012117966815411057,0.017548089595767556,0.3756758083629806,1.1592046677938324,0.01246456632036379,0.017908896592786196
150,2.0653344252944024,0.002151390026348336,0.012166705952587856,0.016698429293210262,0.3733403427656865,1.052200523336288,0.012094258888922852,0.01700419787852181
151,1.870028901227072,0.0019479467721115334,0.010195922947237987,0.01544752821342068,0.404592246419914,0.9899242662587423,0.010311711106861899,0.015771897372124744
152,1.282381471832398,0.001335814033158748,0.009245612449518017,0.012132432063351224,0.321849441315109,0.6525627946080163,0.008157034932600202,0.01248070917144273
153,1.6719349981354534,0.0017415989563910974,0.00932471368085042,0.014857713837917667,0.3789177704900103,0.8747071988225146,0.009939854532074029,0.015247183034924802
154,1.5998270917268094,0.0016664865538820932,0.010271400892642425,0.013298740709275114,0.31951565917867175,0.7590212437382166,0.009370632638743414,0.01360723323802171
155,1.277724847891381,0.0013309633832201885,0.008970188683469682,0.011388443293863636,0.3105923408867717,0.5877756479573714,0.007733890104702255,0.011724596043787549
156,1.555361435813455,0.0016201681623056823,0.010655777499001186,0.013119118211663606,0.3162266184042233,0.74198161816298,0.009392172381809874,0.013448936007851301
157,1.5892756589080892,0.0016554954780292595,0.009695899817357292,0.012053886647137585,0.298206586238451,0.6570437984112366,0.0084236384411697,0.012401844837419065
158,1.3091111960666133,0.0013636574959027222,0.008976257226460334,0.011413853913166416,0.31215701016352004,0.5827550930647245,0.00766783017190427,0.011783476050557634
159,1.7162424418994826,0.0017877525436452945,0.010431023426696684,0.014992985071079398,0.35110491338945365,0.9066433902378471,0.010421188393538472,0.015375665818329871
160,1.5779881215078744,0.0016437376265707024,0.010132382910708896,0.012211979937122013,0.33589195228619484,0.6554560765481519,0.008512416578547427,0.01252230934427013
161,1.518675804240602,0.001581953962750627,0.010289995853927654,0.012343497248831945,0.31823867065412514,0.6386644443872189,0.008630600599827282,0.0127100981067341
162,1.7012057046735807,0.0017720892757016465,0.010764023881275103,0.013909699472332716,0.3432701041665326,0.7626550895323602,0.009653861892814686,0.01431025404412768
163,1.8016949397589501,0.0018767655622489064,0.011659152833781593,0.015562021437269815,0.360877966850395,0.8971135013963932,0.010940408553614552,0.015967488200103935
164,1.7247339800677794,0.001796597895903937,0.01180715266457505,0.014450496817825858,0.33523749246806445,0.8298788577852838,0.010373485722316047,0.014826245757804862
165,2.4504084682509415,0.0025525088210947306,0.013397177302945682,0.01704366396766182,0.35345392781274854,1.0568860748031457,0.012581977080989829,0.017460251799442515
166,1.6412944066223472,0.001709681673564945,0.011543899369229865,0.013716351501527635,0.33011610159510574,0.755727138523794,0.009943778138470975,0.0141002266928035
167,1.4505510123247136,0.0015109906378382434,0.009716641731445897,0.011357951102811447,0.3126592895833491,0.5894302240505181,0.007965273297979974,0.011694522846267895
168,1.5315577544970622,0.0015953726609344398,0.010812598113453219,0.012980850763147051,0.34316657235003234,0.6813640509450128,0.00908485401260017,0.013388238799122218
169,1.6529776851060771,0.0017218517553188304,0.010366658500667883,0.013556207142298578,0.33666965976325886,0.766148933120743,0.009343279672204182,0.013930643784467645
170,1.292539475483213,0.0013463952869616801,0.008613230774930888,0.011701028920138114,0.32730809203821654,0.618689915506043,0.0076381471050128765,0.01207470706391654
171,1.7077126462420364,0.0017788673398354546,0.010618630023190271,0.01248859108988334,0.3312915581229116,0.6272061241681859,0.008711196169002582,0.012621715303237843
172,2.241626288517383,0.0023350273838722737,0.011042781131429848,0.01663554418815542,0.40154035613296024,1.05648325162091,0.011483513604575108,0.017047793812897158
173,1.7204220512428197,0.001792106303377937,0.009827517058482902,0.01455440438489437,0.3608353637218261,0.8652196423420128,0.009832041390250144,0.01494197593405667
174,1.5989781581309264,0.0016656022480530483,0.009999280263084623,0.01280856775386496,0.3352093771297738,0.6991777003720583,0.008739721254650728,0.013199095504622614
175,1.6787730907450062,0.0017487219695260482,0.010955329031159944,0.01335116874981469,0.3437349268645834,0.7042512080421898,0.009390016107229197,0.013732490058177848
176,2.0508159650838835,0.002136266630295712,0.012751430692526138,0.016486844333693466,0.35504848425227303,0.9817114774742999,0.011827849126196385,0.01697443782806997
177,1.9985762815682473,0.0020818502933002575,0.0121840177664793,0.014741112355933122,0.3278064101035791,0.8636079971043721,0.010795099963804651,0.015125046837573807
178,2.0330348365932105,0.002117744621451261,0.012833871458361975,0.016432130328931996,0.35227182144301594,0.9523515643572249,0.011904394554465311,0.016836231777939505
179,1.7555354967450776,0.0018286828091094557,0.011010451462789813,0.013491486921962089,0.3233931200117094,0.7342597188115901,0.009535840504046626,0.013929525543240208
180,1.6104169429012416,0.00167751764885546,0.009232885870149655,0.013824747058306403,0.3478557977119403,0.8298623585333958,0.009220692872593287,0.014215842864100969
181,1.9898355499329616,0.002072745364513502,0.012347011107533484,0.015231104770630817,0.3371337807058552,0.8853805339243573,0.011207348530688067,0.015600016752159515
182,1.5183078320994432,0.00158157065843692,0.010455215484603994,0.012925623524710729,0.3092043098089187,0.6970256775375682,0.00917139049391537,0.013341580148740189
183,1.4862168548689125,0.0015481425571551171,0.00968109828232674,0.013118115373510654,0.33687368730162365,0.727437388025818,0.008980708494145902,0.013482711836995622
184,1.5712637709894177,0.0016367330947806434,0.01048114112319246,0.01235418002052646,0.31918905625145044,0.6566864641873514,0.008755819522498019,0.012667533778883765
185,1.840913491700579,0.0019176182205214365,0.01125449000952613,0.013284094181140085,0.31395692066626535,0.7437320969665591,0.009658858402163104,0.013626129032774624
186,1.816535489244072,0.001892224467962575,0.010563297994239303,0.012575507218422252,0.33681584807592796,0.6286292437067322,0.008611359502831949,0.012942015716143987
187,2.047830040330192,0.0021331562920106164,0.011886394681803815,0.014750966541542012,0.3340382830115962,0.8366593858399,0.01072640238256282,0.015069916737261844
188,2.1952727157227567,0.002286742412211205,0.012874861785405613,0.014796647403171517,0.35324985478227167,0.771256967757871,0.01071190232997043,0.014991151537413604
189,2.190054720045603,0.002281307000047503,0.014217040890299537,0.016940307636449697,0.3991419232342266,0.9416028912338216,0.01238951172676081,0.017347708983815702
190,1.9699808008470758,0.002052063334215704,0.013383384716975491,0.015621145469281226,0.4059377736698097,0.8061451423351622,0.011043084141577564,0.015857294238146354
191,2.0901938095993104,0.002177285218332615,0.014377680141327984,0.01709893420016596,0.4152132408450132,0.9293380414984509,0.012391173886646012,0.017585278539075322
192,2.0505550741508185,0.0021359948689071025,0.013879695745570516,0.01848995585678253,0.45726285370602127,1.0734492195924537,0.012933123127619923,0.018960577898988935
193,2.0735298469501275,0.0021599269239063828,0.013990523369625439,0.017225054958259982,0.41565639656695613,0.9718513625998327,0.012301915982276364,0.017631004646320194
194,2.012314860118599,0.0020961613126235404,0.014002822687459103,0.016369398123352887,0.4184682973177395,0.8614833001491915,0.011641666218232318,0.016576720036051176
195,2.4139101481903973,0.0025144897376983303,0.014906895994163272,0.01815024505118626,0.4323687669352687,1.0057844996440506,0.013062136359013644,0.018617093568980857
196,2.3398754377629474,0.002437370247669737,0.014605801197974147,0.017293957204868312,0.4026265991769954,0.9681442214072999,0.01257330157671818,0.017680176626777407
197,2.1429940689242035,0.002232285488462712,0.01495915540407409,0.017710283667418374,0.4327058111950612,0.9757692414798323,0.0128390689668399,0.01814143213285841
198,2.2993767392663567,0.002395184103402455,0.01509134963390662,0.01804016011353042,0.4287184968580411,1.0311946643020116,0.013220444414128353,0.018469004018120277
199,2.3913799254795607,0.0024910207557078757,0.015556885060633265,0.018588380138328562,0.4319186206262002,1.018499019930942,0.01357998693241256,0.019088075797392138
200,1.9336661902766727,0.002014235614871534,0.013553057748752605,0.015921088173188408,0.4036679348329667,0.8522502031299621,0.011363336041732829,0.01635779940444533
201,2.2973750555003924,0.002393099016146242,0.014464466293503312,0.018384078169507424,0.4303027024480548,1.0518117617136915,0.013147647021421145,0.01879328576817663
202,2.1514921482948295,0.0022411376544737805,0.01383472590853021,0.01800165352563669,0.4175278378434896,1.0380809724942706,0.012815814475237908,0.01844261796262462
203,2.3056173062675014,0.0024016846940286473,0.013962770605955055,0.017660007695843898,0.4153048713098998,1.0078066146659412,0.012597582683324265,0.018106481769918244
204,1.852013665807979,0.0019291809018833115,0.013008065534393574,0.015822675315469617,0.39515242493069824,0.8645977307134174,0.01122854195731711,0.016212036543721324
205,2.0050441146160254,0.002088587619391693,0.013622219009702584,0.016503467293104417,0.3913373389487925,0.9173258516369845,0.011913322748532266,0.01688706082791315
206,2.0865067584630004,0.0021734445400656255,0.012801638624839186,0.016430199131673436,0.3935836046151474,0.9160769644248773,0.011595910942087055,0.01683386943011242
207,2.137841219331889,0.002226917936804051,0.014277518604520716,0.01672762226958133,0.40963804442566165,0.9126389496226417,0.01216851932830189,0.017131420025606327
208,2.1388789647351656,0.002227998921599131,0.014292877126203437,0.017211765594728735,0.40645425572849647,0.9290397077517127,0.01238719610335617,0.017706476592021934
209,1.8769437130251831,0.0019551497010678993,0.012436794125214317,0.014715690022094705,0.39717468948717227,0.7367294848352925,0.01009218472377113,0.01480217893903636
210,2.215884190772496,0.00230821269872135,0.01407823773861719,0.018623896783009866,0.4255695382623491,1.0814141887430377,0.01318797791150046,0.01909735997295985
211,1.9644721800194178,0.002046325187520227,0.013151811428538003,0.015315024697064729,0.402538186888848,0.7942312529407848,0.010879880177271024,0.01579613445844656
212,2.0450486641079624,0.002130259025112461,0.01375220158970434,0.01612349721430336,0.38064783064984287,0.8763887334339766,0.011843090992351035,0.016592084198822257
213,1.9270831804858062,0.002007378313006048,0.012689477288507235,0.017262944163743486,0.4212801835207189,0.9918250376267984,0.011949699248515643,0.017696573395680704
214,2.411945896916504,0.002512443642621358,0.015087702783352057,0.01713369078420982,0.3886137523395061,0.946698569361831,0.012793223910295014,0.01743661736367601
215,2.468701193090174,0.0025715637428022644,0.015676618760502695,0.018150818617278377,0.42315106837926053,1.0057902162032786,0.013410536216043715,0.01863405844423182
216,2.258923830237653,0.0023530456564975553,0.014195094801995269,0.01882293354993569,0.40542479447006263,1.1518535602390187,0.013551218355753162,0.019290640317539662
217,2.3543188236122794,0.002452415441262791,0.015371651157437206,0.017861441327607714,0.4128329030123329,0.99709531776817,0.01311967523379171,0.01827168822387549
218,2.319479568710226,0.0024161245507398187,0.01442988881619299,0.017393309218605737,0.4053279679227966,0.9624872262280361,0.012664305608263633,0.017804395017233892
219,2.3635656579938917,0.002462047560410304,0.01515211292308147,0.01740163269177478,0.4077239578489465,0.9170689084336403,0.012737068172689449,0.01753667526099086
220,2.049073257696298,0.0021344513101003103,0.013601863722314365,0.017706891302870138,0.40930688685534117,1.0215523137836156,0.01261175696029155,0.018157560841300217
221,2.273645142019175,0.002368380356269974,0.014927923599936006,0.017186296519379373,0.40163909918998997,0.9344136155677301,0.012627211021185542,0.017614639498280432
222,2.9095798618678756,0.0030308123561123704,0.01671550872355884,0.019687146678674935,0.4282216950149736,1.1229878380309566,0.014776155763565219,0.020110689701334075
223,1.9830061323472863,0.0020656313878617567,0.013304565010824887,0.017169399022294324,0.40322923849272846,0.9702087143644536,0.01212760892955567,0.017635107882851782
224,2.2955677089749544,0.0023912163635155777,0.014853531533668954,0.01760644218680961,0.40172476077175057,0.9923575472984393,0.012887760354525185,0.018020867940387913
225,2.0166555070703103,0.0021006828198649064,0.014002508374677711,0.016444016292367362,0.4109924680845646,0.8762565229188141,0.011841304363767758,0.016882615360033035
226,2.3457583296751006,0.00244349826007823,0.014184630305546921,0.018451306017083818,0.41564578965450666,1.0722105512568059,0.013237167299466739,0.018895661399369393
227,2.1323516258953283,0.0022211996103076335,0.01384277350530264,0.016187389899723088,0.42357796699278505,0.8377375268842341,0.011475856532660741,0.016636460826865786
228,1.7412905216590684,0.0018138442933948629,0.012029750163411242,0.01471499388362325,0.40018762841843697,0.76219161678998,0.010028837063026054,0.015190504374090497
229,2.1800500519132244,0.0022708854707429423,0.014171510996789234,0.0182350522010308,0.43010731735928465,1.0686019844507997,0.013031731517692678,0.01866105068157851
230,1.9962634622573359,0.0020794411065180583,0.013899530593104425,0.017096944157949354,0.4295860764726378,0.9393744692356323,0.01204326242609785,0.0175714287531281
231,2.2143667369023294,0.002306632017606593,0.014806569870061695,0.01698093373115084,0.3997068355949479,0.9038710289509952,0.012381794917136922,0.01722787813143944
232,1.8640515100807726,0.0019417203230008048,0.012682415313474856,0.017200533907936664,0.4377629421167595,0.9758268181869126,0.01175694961670979,0.01764200787441182
233,2.16383084294569,0.0022539904614017605,0.01401851691336885,0.01676383997698091,0.3918854699208348,0.930639448372493,0.012245255899638065,0.017228055777229332
234,2.554562444709137,0.0026610025465720177,0.014924393615397595,0.019107483212953198,0.41302213238486735,1.1265639609817912,0.013908197049157916,0.019537151445771766
235,2.2320210094736987,0.0023250218848684364,0.013722265070594162,0.017552827837800485,0.41395911621174725,0.9971813658928154,0.012464767073660192,0.01803393882632853
236,2.1676267826946596,0.002257944565306937,0.014489176228964274,0.017459678301712786,0.41274157399203204,0.9843132703851462,0.012619400902373668,0.01791941089491885
237,2.231737536835694,0.0023247266008705144,0.01358567111692625,0.015958262176294733,0.4059861136259165,0.8168469829804899,0.011345096985840138,0.01645458909400174
238,2.105615340277076,0.0021933493127886208,0.013180559432861703,0.017078463073247334,0.4227413257658348,0.9259439181545949,0.011871075873776856,0.017559743220585605
239,2.7368580547327546,0.002850893807013286,0.016986469116001712,0.02209981042555133,0.4777375336234783,1.3157425716705753,0.016045641117933846,0.02267379540615245
240,2.6619100133706537,0.002772822930594431,0.018221737161917606,0.02090276278708409,0.49286943419858553,1.1664112057943277,0.015552149410591036,0.021390711697971177
241,2.637447422460669,0.002747341065063197,0.016935663010709878,0.02090376184044685,0.4837470786831193,1.2122529987903043,0.015153162484878805,0.02142276847168881
242,2.225901083438505,0.0023186469619151094,0.015417769035884644,0.017994755886285973,0.451185391827961,0.9329535481882691,0.012957688169281516,0.018506452301941284
243,2.5915025001118113,0.0026994817709498032,0.015626556999402453,0.017900462807365496,0.4104192667992642,0.9602869748645536,0.01315461609403498,0.01793999080132301
244,2.339781154037321,0.002437272035455543,0.015532096830021491,0.019416640375342638,0.4436991173670478,1.1100222293798923,0.014050914295948003,0.019859816518105818
245,2.3338623479957366,0.0024311066124955588,0.015298971933211699,0.01813718892511679,0.4102050776001406,0.997059742744799,0.013294129903263986,0.018603229453939836
246,2.0940990077469426,0.002181353133069732,0.014549175260917665,0.017240260083494413,0.42224094272033696,0.9538055051392615,0.012387084482328071,0.017627359157456477
247,2.392145616775064,0.0024918183508073582,0.014989786423664659,0.018726339120503845,0.4506891147849923,1.0353425341028917,0.013273622232088354,0.01918854340713048
248,2.6686507719189976,0.0027798445540822892,0.016831256397501052,0.02059106852596262,0.44426694169113057,1.201547082484075,0.015209456740304748,0.021089346271408953
249,2.5409418501745558,0.0026468144272651624,0.016838259861584735,0.019248538154435554,0.44208842507509455,1.0337354981310094,0.014160760248369993,0.019429177644316557
250,2.2134231964489173,0.0023056491629676224,0.01500295616836998,0.017341462301063554,0.42906028792817413,0.9139848621722434,0.012520340577701964,0.017709587133697812
251,2.281920907883647,0.002377000945712132,0.015749384226875836,0.019190678505934693,0.46144331022441704,1.0777368808792924,0.013817139498452468,0.019646741125294884
252,2.2947244284587045,0.0023903379463111507,0.01596882093481489,0.018424587227555602,0.45663691272742335,1.0123647554061745,0.013498196738748995,0.018904376536763905
253,2.2429425749732115,0.0023363985155970953,0.015438612871275757,0.01923591416529806,0.4471471972933657,1.1071034348384718,0.013838792935480898,0.01973265766631853
254,2.3728670521680524,0.0024717365126750547,0.015819010784878292,0.019278592797476388,0.45445712064499455,1.0675764136744084,0.01386462874901829,0.019770016866813993
255,2.6447431972722484,0.0027549408304919252,0.01663963908965163,0.020126083461667565,0.46224441356938983,1.1449509973755403,0.014678858940712055,0.020642623021171598
256,2.352998227643596,0.0024510398204620793,0.015517768498257088,0.019519564149105457,0.4705316914962834,1.1146162740372452,0.013932703425465565,0.019985398125780797
257,2.439703434246562,0.0025413577440068355,0.016131904049716022,0.018666638841492132,0.4452724436539355,1.0105912545214821,0.013656638574614624,0.0191776944482309
258,2.2704349678063043,0.0023650364247982335,0.015515420104948274,0.018991265184498257,0.44406535455252427,1.0814347195279275,0.013689047082631993,0.019523053349535423
259,2.74011141710699,0.0028542827261531147,0.01675364830275107,0.020187282583696717,0.4744932084182085,1.1376440611232832,0.014774598196406275,0.02068013786038056
260,2.69947725818853,0.002811955477279719,0.01766698513120539,0.020249960979736126,0.4681249086759844,1.1187964102799641,0.015118870409188705,0.020762962798908345
261,2.453068322347974,0.0025552795024458065,0.01623347373567793,0.018986142956709154,0.4472514831758701,1.0482662176409594,0.013976882901879458,0.01946652206510991
262,2.6719884083079326,0.0027833212586540965,0.01784072618402153,0.0203526294551388,0.47606589370017793,1.1031743605492128,0.015111977541770039,0.020817855343315768
263,2.3792295510759107,0.0024783641157040738,0.016315007368982726,0.019422361778932598,0.4496494777823523,1.0792101607910665,0.014200133694619296,0.019940755012730866
264,2.868605358349218,0.0029881305816137687,0.01816679439776089,0.02122761460587957,0.4579825080568991,1.1924815454855704,0.015899753939807606,0.021748624158311712
265,2.6453933867914547,0.002755618111241099,0.016862239305636118,0.01968552814524305,0.46996785503581795,1.07941627762688,0.014392217035025068,0.02018869153509829
266,2.7575369608599254,0.002872434334229089,0.016825165845380557,0.022592279293110765,0.4825082993370167,1.3884196623240803,0.01633434896851859,0.023070633898912788
267,2.5776346604229436,0.002685036104607233,0.0172282718994923,0.019704282863057584,0.4511653016884202,1.0427354797211552,0.014482437218349378,0.019928425049712158
268,2.7309090738857815,0.0028446969519643557,0.017399397383260958,0.021429023876727526,0.45057621830014305,1.2608425525697717,0.015760531907122146,0.021913521425802555
269,3.1459766206536575,0.0032770589798475597,0.01808717651827764,0.022737499273703308,0.4752334035354587,1.35569829672492,0.01673701600894963,0.023262791089908686
270,2.506954989355631,0.002611411447245449,0.01674449977852903,0.019643889539064506,0.46626010804727364,1.0808731819610138,0.014411642426146851,0.020146130413903472
271,2.4112790074683548,0.0025117489661128697,0.0166667622289679,0.019071854628084025,0.46351373387541983,1.0001606554521878,0.013891120214613719,0.019246909797925177
272,2.5979215992006117,0.0027061683325006374,0.0170694166675877,0.02039701071917759,0.4575471069041456,1.1636472610385755,0.014918554628699687,0.02092834360077854
273,2.430189864492517,0.002531447775513039,0.016487278511772143,0.01896766666332654,0.4623657126475906,1.0296035789645988,0.013913561877899983,0.019456602262245916
274,2.4585703065853632,0.00256101073602642,0.016104093524866765,0.019686597211616662,0.4588587156598998,1.1282192490718,0.014281256317364556,0.020196638223731026
275,2.3483824229915204,0.0024462316906161672,0.016202648322933503,0.018674175214775667,0.4560711052451075,0.9887209518024234,0.013544122627430457,0.018886689139730305
276,2.5203509751629767,0.0026253655991281006,0.016702321348751346,0.020565961252817844,0.46219325403021316,1.184202479573431,0.014989904804726974,0.021083997204054166
277,2.2717050113691615,0.0023663593868428765,0.016038245664216622,0.018490503468930438,0.4571883488622943,0.9856700138829388,0.013502328957300531,0.0189985225102636
278,2.564881248226854,0.0026717513002363063,0.0167575646217078,0.021116831607922684,0.47179102307103427,1.2504306571130643,0.015437415519914375,0.021591325178370972
279,2.5206271327467062,0.002625653263277819,0.017084636836080472,0.02034730738863354,0.46747539736761484,1.14612393795921,0.014884726467002729,0.020840591773247676
280,2.532601818484768,0.0026381268942549667,0.016900874179626352,0.02006332721405495,0.4439245572684321,1.142411241861327,0.014836509634562688,0.020561747880883406
281,2.532913149859912,0.0026384511977707416,0.016963470700646202,0.020258805828375904,0.45498901408554654,1.1581954185131658,0.014848659211707253,0.02071873305895184
282,2.5694228352982718,0.0026764821201023664,0.017093481428611782,0.019602342263391886,0.45379757241824314,1.080783966643859,0.014605188738430527,0.02009831341837051
283,2.614717587308601,0.0027236641534464593,0.017054758001192362,0.019878839336134362,0.46270017257740614,1.102121888732606,0.014694958516434748,0.020359179395437098
284,2.5557838127605796,0.0026622748049589372,0.017288818693953937,0.01965653866926316,0.45833698819166324,1.049461193873223,0.014575849914905875,0.01997467729108551
285,2.643729576908881,0.002753884975946751,0.017977671471821603,0.02094227280456711,0.49867661314681416,1.1279977498186062,0.015243212835386571,0.02148530355290722
286,3.3354341961687073,0.00347441062100907,0.020817358722292508,0.02509582846102379,0.5321084724328582,1.472688215197913,0.018641622977188774,0.025663584449108864
287,3.0486467142949047,0.0031756736607238593,0.01994787355201058,0.02285062097687713,0.5209761314354289,1.2821965410740042,0.01709595388098672,0.023398717284847905
288,3.0982340212910815,0.0032273271055115434,0.019650018451205363,0.0246412338470442,0.5352672119922086,1.4686084171447733,0.018130968112898434,0.0251951080551171
289,3.049770363883598,0.0031768441290454144,0.019256660463088934,0.023855560535937844,0.5379390181176007,1.3924672538767284,0.017405840673459107,0.02441955983159434
290,2.946326436855056,0.0030690900383906834,0.018996466280720308,0.023481214951064075,0.5190078763520989,1.3755092970898168,0.017193866213622712,0.024000485296011963
291,2.8000129315223226,0.0029166801370024194,0.01844137934539832,0.02158541186319482,0.5026503732234519,1.1977917731272119,0.01597055697502949,0.02211698057523129
292,2.8676414276070568,0.0029871264870906843,0.018200404482201425,0.021822130237332812,0.48989503794138384,1.2369266560730237,0.016063982546402903,0.022342127668060235
293,2.827381012408864,0.002945188554592567,0.018616662674923828,0.021230080745833067,0.49068743505674783,1.1552045211336306,0.01582471946758398,0.021594527857505246
294,2.5654120515349623,0.002672304220348919,0.01635423964228016,0.018987107644843397,0.47352689733480874,0.9918489684673323,0.013586972170785373,0.019232014969740426
295,2.847843655251829,0.0029665038075539886,0.019049106096731525,0.02224658202767583,0.5154028663949757,1.2363975151619657,0.016485300202159544,0.02276871058172677
296,2.7872527652767403,0.0029033882971632712,0.018522584527099192,0.022013850902587794,0.4988745629074173,1.2326614708284667,0.01621922987932193,0.02254176455111492
297,2.9716807273169903,0.0030955007576218647,0.018691142230019976,0.021637309561891357,0.4798869473380775,1.1952789691112036,0.01615241850150275,0.02215181221745872
298,3.1170227970244473,0.0032468987469004658,0.019943690721640043,0.024630511998401893,0.5185320800829285,1.4412178424996511,0.01824326382910951,0.025171928378432663
299,3.147978365070762,0.0032791441302820437,0.020328799307596287,0.023333342721144238,0.5082064329063758,1.3098747336055532,0.017701009913588556,0.02384056292945088
300,2.6984574939117945,0.002810893222824786,0.018374721714792965,0.021874573704369515,0.5238381008318684,1.2092472160311123,0.01591114757935674,0.022352277338594226
301,2.6699741098594076,0.0027812230311035496,0.018095817036023542,0.022196891622826686,0.49994762739700643,1.2535888945849625,0.016071652494679005,0.022741814901042746
302,2.4708885924060606,0.002573842283756313,0.017323626706726488,0.021565678971309427,0.5014361877203741,1.1918863443700904,0.015479043433377799,0.022064907557262935
303,2.7862784213672196,0.002902373355590854,0.01899350182553062,0.02221479438275507,0.5197839316872102,1.211384701296507,0.01637006353103388,0.02284395397762443
304,2.3540395955357942,0.002452124578683119,0.016347933015280484,0.018925344624404167,0.4908788147179478,0.9836187443038031,0.0134742293740247,0.019196662227544486
305,2.7300738562394553,0.002843826933582766,0.01814724700760981,0.022054775186394714,0.5058270371472651,1.2409010270935026,0.016115597754461072,0.02262223938126951
306,2.6075860816284866,0.0027162355016963403,0.017368436181141672,0.02224054096770109,0.5316823763076117,1.2649057494128888,0.01581132186766111,0.02276860698668235
307,3.461561394645675,0.003605793119422578,0.021551156143930963,0.025343920271948647,0.5327945936046268,1.481999481056398,0.019246746507225947,0.025899952638398623
308,3.038365446826247,0.0031649640071106737,0.019876738709903603,0.024018530107623847,0.5243186483149398,1.3841148705424156,0.01774506244285148,0.024537434204505153
309,2.5358439501555234,0.0026415041147453367,0.017288236924026767,0.021177225019988595,0.5160450666509634,1.1774966612008073,0.015096111041035991,0.021701754731075606
310,3.0017108467432143,0.0031267821320241818,0.019582010510694373,0.022787487891953683,0.5214460280233132,1.2859559505307068,0.016920473033298772,0.023343465478926708
311,2.517476848289963,0.0026223717169687115,0.016671904577775464,0.021276701662917362,0.516905840421912,1.1671730004942715,0.014963756416593225,0.021848225894412057
312,2.8672305514868652,0.0029866984911321513,0.019318559954562567,0.02201494028960797,0.5193746148042618,1.1970752008743164,0.016398290422935842,0.022547645216415595
313,2.768273855990305,0.002883618599989901,0.01874152073243583,0.02247589196472229,0.5052949853310917,1.2693120436057277,0.01648457199487958,0.02301046546926864
314,2.5858673480075183,0.002693611820841165,0.01763810606048139,0.02031979818426975,0.4897306219444631,1.1109679947575268,0.014812906596767024,0.020864020308677535
315,2.7487995686402567,0.002863332884000267,0.01824325288372658,0.02094466694097464,0.48890349067981603,1.1548706005487346,0.015606359466874793,0.021533958402530213
316,3.0896031736866325,0.0032183366392569087,0.01927548708784588,0.022988978972517775,0.5017965476572485,1.3362254279290835,0.017131095229860043,0.023534681266178834
317,3.0172182841086292,0.0031429357126131555,0.018449902944471942,0.021638686859177858,0.484434928827543,1.2108624158004146,0.016144832210672196,0.02214030892935928
318,2.742089926663632,0.00285634367360795,0.01835168059451875,0.021626985710592107,0.49059524628468343,1.2009733427728124,0.0160129779036375,0.02216685436018688
319,2.5629012133301257,0.0026696887638855476,0.01735162948986506,0.020579537224166868,0.48228596931501655,1.125813083560986,0.015010841114146481,0.02111918649410145
320,2.4944358543295237,0.002598370681593254,0.01767508306194836,0.020208333697430428,0.49306725614466596,1.079817534622308,0.014792021022223397,0.02073896880213401
321,2.6354620977470273,0.002745273018486487,0.017624755099990237,0.021247092537576406,0.4921567431729674,1.1890637083890014,0.015442385823233784,0.021750514254337522
322,2.4374692338100834,0.0025390304518855037,0.016810082281840322,0.02036452954882301,0.46851984570850697,1.1613352670568335,0.01470044641844093,0.020861199607915618
323,2.880976790987241,0.0030010174906117096,0.018686868966101756,0.02145589900489855,0.5003594720724076,1.1547759284105876,0.01581884833439161,0.02201706768515939
324,2.6685776034136204,0.0027797683368891877,0.017444105839671376,0.020696373356997422,0.4828467275604239,1.1512151109960096,0.015147567249947494,0.021254268325774057
325,2.8679064586021092,0.002987402561043864,0.018356690148221444,0.021852496680128834,0.48845224593391506,1.203737862493796,0.01604983816658395,0.022350301240517713
326,2.705976411328127,0.0028187254284667987,0.017766483650111232,0.020526516002608564,0.4959866047320972,1.0873061836017486,0.014894605254818474,0.020731295905279272
327,2.3477771563976617,0.0024456012045808977,0.015405415204572802,0.018600451362385067,0.49701372520483594,0.9799227301692183,0.012893720133805504,0.019158104656632313
328,2.8738773946473106,0.0029936222860909487,0.019026279809862583,0.022254600175218384,0.5139800150443268,1.2397415748074145,0.016312389142202822,0.02280885815841328
329,2.428971481839733,0.0025301786269163887,0.01701113648379383,0.020113466194761155,0.49759840723755344,1.0854457532059854,0.014472610042746472,0.020683723421476275
330,2.6193060316461363,0.0027284437829647253,0.018106129997812682,0.021122431308361358,0.5134095518380128,1.1240856926144331,0.015398434145403194,0.021687474158789976
331,2.736267672391528,0.002850278825407842,0.01857008455946552,0.021154771966067968,0.4886444820352781,1.1567828594026175,0.015846340539761885,0.02164163738916036
332,3.1953043481093673,0.003328442029280591,0.02061605185932087,0.023603131339361445,0.5172410062733547,1.3212660969634873,0.017854947256263343,0.024145198503847942
333,2.763745162490106,0.002878901210927194,0.018904675006633814,0.022243822902601275,0.49997982478346603,1.2591329124125843,0.01635237548587772,0.02278115593397727
334,2.7648047509121922,0.002880004948866867,0.019249231909447103,0.0219184100037723,0.5162392377588316,1.1577459839854598,0.016079805333131386,0.0221866307435403
335,3.104061711464997,0.0032333976161093717,0.02058860866757648,0.02333833476116893,0.5220761330119048,1.2745474971141026,0.017459554754987706,0.023606247700275376
336,2.919682583616374,0.0030413360246003894,0.019828185725326394,0.0225727487931136,0.5298430401163002,1.2134262555765827,0.016622277473651817,0.023065496556596392
337,2.8747682349012464,0.002994550244688798,0.01993468082590699,0.02297006598177823,0.5451239792230875,1.2535139180626504,0.0169393772711169,0.023545329715670457
338,3.3168617647487455,0.0034550643382799434,0.022110639005793128,0.02516800111739509,0.5626712564594011,1.4115817731820868,0.019075429367325498,0.025774653850639224
339,3.4994860705395294,0.0036452979901453434,0.023294037168295957,0.026253025710216458,0.5763362602872053,1.449557702573139,0.019856954829769027,0.026889305920329974
340,4.083560036922893,0.004253708371794679,0.025695395995481343,0.02960464422036636,0.598349537247056,1.706318712628433,0.022750916168379105,0.03019509153535476
341,3.9233433834925644,0.0040868160244714215,0.025156570834068307,0.02869926353601521,0.5993794108183796,1.628779579685577,0.022010534860615907,0.029309263331212518
342,4.100299137000128,0.004271144934375134,0.02613527005649543,0.02962443413989761,0.6438871848195487,1.651439643409849,0.02262246086862807,0.030255393284234215
343,3.99777687495636,0.004164350911412875,0.025680952262279733,0.028705033123862,0.624354656442502,1.5976215555382896,0.02188522678819575,0.02923252195495816
344,3.895133516831049,0.00405743074669901,0.025138323547100553,0.028250403361429012,0.612766228397029,1.5689770866724513,0.02149283680373221,0.028869187394473327
345,3.8362799752132957,0.003996124974180516,0.024842694351811967,0.028049904572395944,0.6153657139249759,1.5251111217263618,0.021182098912866137,0.02834456412523508
346,4.02383442291948,0.004191494190541125,0.0261026554829667,0.029317635365893692,0.6208397135252867,1.6157466268440397,0.022133515436219723,0.02958503959531165
347,3.9459017160321324,0.004110314287533471,0.025871175242135877,0.02902302375122984,0.62900806058748,1.609273292271782,0.022044839620161398,0.029468108660418966
348,3.831819638211989,0.003991478789804155,0.024995083596279524,0.028085653682256802,0.6181257185044392,1.5553513109289372,0.02130618234149229,0.028738734995766176
349,3.5915983601552433,0.0037412482918283783,0.023467758274810603,0.026583664994026732,0.586190587145923,1.464488221910145,0.020061482491919795,0.027137567435620635
350,3.510474417552074,0.0036567441849500774,0.02336446805074702,0.02651559321032323,0.5987230349985593,1.4327120090142555,0.01989877790297577,0.026995680947301252
351,3.8355296286190805,0.0039953433631448754,0.024801377506977782,0.027833510092167606,0.627005826056226,1.5437271389857128,0.021146947109393327,0.02842984230598188
352,3.590918159551701,0.0037405397495330218,0.02380351335815073,0.027450008080819367,0.5955913145590999,1.5439346905309637,0.020585795873746184,0.02807552308539803
353,3.614102468918816,0.0037646900717904336,0.02383045911289693,0.026862598253526514,0.5916894792088683,1.4693037485874685,0.020406996508159286,0.02740744094690508
354,3.390496975947855,0.0035317676832790157,0.02268177295870469,0.02573111233090772,0.592188674705068,1.4315509553349348,0.019345283180201824,0.026283427213044545
355,3.5771119000928886,0.0037261582292634258,0.023391958637041146,0.026740341300062732,0.5880281633193405,1.4737087264595519,0.020187790773418517,0.027324353003392792
356,3.6550074345059276,0.0038072994109436746,0.023925274547880314,0.02815286579236694,0.6182390230525249,1.6166227999824456,0.02099510129847332,0.028758440929756615
357,3.8221166826233386,0.003981371544399311,0.02439799656941289,0.02784808437678548,0.6025409874066674,1.5440377243016705,0.02115120170276261,0.028506695405639777
358,3.5496922537926583,0.0036975960977006857,0.023506905521330567,0.027757093332118295,0.6196997411906137,1.5672136968125012,0.02062123285279607,0.0283644821732158
359,3.6317515272814997,0.0037830745075848955,0.02407274744502894,0.027326162766078552,0.6179023928717933,1.4943009931116835,0.02046987661796827,0.027843794096547875
360,3.505145783285079,0.0036511935242552907,0.023265401934101315,0.026608022970905715,0.5937109638546367,1.4988512942736674,0.019984683923648897,0.027249643673274038
361,3.6176112279126844,0.003768345029075713,0.024043909054624564,0.027055598257073023,0.6033825744881507,1.4668051744609578,0.020372294089735524,0.027536393499560018
362,3.5940037555433175,0.0037437539120242893,0.023955506272160094,0.027886314058831355,0.606001219678163,1.5905311671021933,0.02092804167239728,0.028488006795085206
363,3.890730498456554,0.004052844269225577,0.02501797067913107,0.028472921638825453,0.621249372748722,1.6229605472393194,0.021639473963190926,0.02910247995722918
364,3.937211472410463,0.004101261950427566,0.025267873135304757,0.028456117990983555,0.6070648388407096,1.5548353131770356,0.021594934905236604,0.028666026761653977
365,4.123212228781934,0.004295012738314515,0.026084068882704092,0.029490202744091937,0.6134145838125966,1.6499016213774509,0.022601392073663712,0.030096815343013426
366,4.179091279610127,0.004353220082927215,0.02584063486733185,0.029982111388832486,0.6135396761284624,1.7642477233238614,0.022912308095115082,0.030560273911984633
367,3.95305065770704,0.004117761101778167,0.025036129958134035,0.028270181906575202,0.6048993160568414,1.5986384995209408,0.021603222966499202,0.028929475977133946
368,3.9154814049592432,0.004078626463499211,0.025017706143968633,0.028667898598119978,0.6143320232591011,1.6252919680272717,0.021670559573696957,0.029261774291874217
369,4.480792768652174,0.004667492467346015,0.02682531323299105,0.03129019496728273,0.613378517265045,1.8616940916881668,0.02417784534659957,0.03197956824322306
370,4.2932991122557915,0.0044721865752664495,0.026245959081877233,0.031143062373381634,0.6200726343266635,1.866718474501791,0.023629347778503684,0.031811113520252565
371,3.8825261536087297,0.00404429807667576,0.02461080573314268,0.0282413957554485,0.6040961093350251,1.6308713436668656,0.021458833469300862,0.028883652677424213
372,4.116754160751544,0.004288285584116191,0.02573977015345832,0.029212108428516733,0.6179080169346083,1.6735023403469875,0.022313364537959835,0.029845679094309487
373,3.6060048163163927,0.0037562550169962425,0.023667310893278077,0.0266778748928101,0.5844039901729444,1.4561853326115743,0.020224796286271867,0.02729323554748195
374,3.8160431751601376,0.003975044974125143,0.02458669184290416,0.02740345977723838,0.5987504786714968,1.5298376035969838,0.020956679501328547,0.027974302238504355
375,3.8325957111591817,0.0039922871991241475,0.02442109144613106,0.028764994453627752,0.600911759536633,1.6472754556343425,0.021674677047820296,0.029370022966492597
376,3.934332902275683,0.004098263439870503,0.024954622549933414,0.0288397595367128,0.6153441975731713,1.6328462347841828,0.02177128313045577,0.029476749801970892
377,4.283448488496351,0.004461925508850366,0.025758401788028004,0.030163277601355027,0.5966448167700853,1.7731096537760516,0.02302739810098768,0.03077395157968398
378,3.600797426481121,0.0037508306525845013,0.023855286631298028,0.027578486343847027,0.6247098997881742,1.5479177026501505,0.020638902702002006,0.028219455318783854
379,4.301536240966823,0.0044807669176737735,0.02628011796815162,0.030590579544357142,0.6201222728844047,1.7677853613956085,0.023260333702573795,0.03121057658867284
380,3.940719945013043,0.004104916609388587,0.02503732718333656,0.02824606815184277,0.6101633433244992,1.5476319524653697,0.02149488822868569,0.02852153827445582
381,3.7804012649743015,0.0039379179843482305,0.024480456921927223,0.027433749099583814,0.594843464437201,1.5003005090600678,0.02083750707027872,0.028065412689180138
382,3.8389944104993194,0.003998952510936791,0.024471192169905637,0.02786734204062396,0.5923706192254294,1.5868123938676952,0.021157498584902602,0.028481462253036494
383,4.051424930629784,0.0042202343027393585,0.025190644687362033,0.029230346103808626,0.5963782710981879,1.7132254113818985,0.022249680667297385,0.029884153415675362
384,3.587960407908617,0.0037374587582381428,0.023579027800463514,0.02716276586950014,0.5981712231072525,1.5322465626927326,0.020429954169236434,0.027745947131020774
385,3.6971168820502975,0.0038511634188023933,0.02421174792831826,0.028202620011223666,0.5982056588449488,1.5905525858437077,0.021207367811249437,0.02882513146196838
386,3.815489714307673,0.003974468452403826,0.02466541354205384,0.02777794588032732,0.6043412487110179,1.5478136683847028,0.021202926964174012,0.028365686349632283
387,3.562125769301943,0.0037105476763561905,0.023818446361431416,0.026816042034274457,0.5987329639540773,1.453756319113456,0.020191059987686888,0.02710131574035402
388,3.4899739826298872,0.003635389565239466,0.02295972960437598,0.026504983841161834,0.5998061973192327,1.4725720737820291,0.01989962261867607,0.02707467639670844
389,3.76165673728549,0.0039183924346723855,0.024407674757568498,0.02768674756432951,0.6182468853565202,1.5079137198519068,0.020656352326738448,0.027973023624498047
390,4.316566080886259,0.004496423000923187,0.027269023084920806,0.030555325471692832,0.6387032813508069,1.7644953607321292,0.023526604809761723,0.031196908147819245
391,4.239704018910334,0.004416358353031598,0.026629703870406217,0.029943394985582444,0.6401980460637005,1.6646487302166972,0.02280340726324243,0.03034550514791982
392,4.420273628416343,0.004604451696267024,0.027742284661417056,0.031155861166803914,0.6534148909068795,1.7542473951925042,0.024030786235513756,0.03184942106114358
393,4.737304219167749,0.004934691894966405,0.02849265316335743,0.032403869711916104,0.6324999121755547,1.8806491340215965,0.02507532178695462,0.03304659547888268
394,4.358161514855668,0.004539751577974654,0.02754882865765677,0.03093472755183036,0.6358549442128407,1.6977130162427807,0.0235793474478164,0.031205410802290234
395,4.697950098047443,0.00489369801879942,0.028911608084410227,0.03244282598842597,0.6433115158935652,1.84441167183509,0.025265913312809453,0.0330992865316671
396,4.318945555311378,0.004498901620116018,0.027589568451913564,0.031156995073180635,0.6422919354959638,1.7778896258630783,0.024025535484636193,0.031835962363097256
397,4.5021961768785825,0.004689787684248523,0.02776926576117661,0.031074632560128625,0.6173661818237999,1.747024767100367,0.02393184612466256,0.03141245501570361
398,4.623739110779271,0.004816394907061741,0.029104160443265196,0.032400694632824155,0.6591703395458701,1.8315878350968644,0.025090244316395404,0.032875438067906805
399,4.434358287539585,0.0046191232161870675,0.02808523088333895,0.03154773957082052,0.6504889145021285,1.7406697714640473,0.02417596904811177,0.031667730968178036
400,4.086628387124675,0.004256904569921536,0.02622578632864866,0.029369795932654694,0.6294863259173378,1.6514044745612373,0.022621979103578594,0.02999559202927848
401,3.6340908356040873,0.0037855112870875908,0.024160743776144914,0.02742257687569028,0.6088060716572141,1.4721359163062695,0.02044633217092041,0.027609390359922346
402,4.184015622693748,0.004358349606972654,0.02659042874621323,0.02977097836131494,0.6297785427810907,1.6415808987636917,0.022799734705051273,0.030153888987862136
403,3.9762457919857734,0.004141922699985181,0.025835218220203637,0.02930911845371701,0.6386800992508623,1.6468734885238265,0.022255047142213873,0.029974860750407558
404,4.371489786529401,0.00455363519430146,0.02750079510651343,0.03085513064525702,0.6268770729735376,1.766316028717391,0.023869135523207984,0.031518700768661256
405,4.365667066059527,0.004547569860478674,0.027625143318813668,0.03077808058591072,0.6394540588138335,1.7356605780130652,0.02377617230154884,0.031433118590091576
406,4.397919047586154,0.00458116567456891,0.02789853454480601,0.031087094215250213,0.6590343014427071,1.7426336795336304,0.023871694240186717,0.03175695589330941
407,4.254967115825429,0.0044322574123181555,0.02726896450260145,0.03045235276755727,0.6446779767523529,1.6879331568322122,0.02344351606711406,0.03101866860833658
408,4.11297535397577,0.004284349327058094,0.02650396860596644,0.029791078154073423,0.6473716279389257,1.6306703566560214,0.022648199398000297,0.030105120602193395
409,4.091826827659641,0.004262319612145459,0.026211531743639525,0.02935420847589233,0.6224996474585927,1.639612298149465,0.02246044244040363,0.029823920092479833
410,4.195872183815618,0.004370700191474603,0.02671866866186324,0.030124430036896244,0.6441211031140652,1.6509574988136748,0.02292996526130104,0.03029423804881753
411,4.1920341025499255,0.004366702190156172,0.026863494004978252,0.030087680557841737,0.6361437791722377,1.6704240002820567,0.022882520551808998,0.03039500635641808
412,4.276851586131419,0.004455053735553561,0.027112157063593476,0.030433143060514273,0.6260051072519,1.6715930256036473,0.023216569800050657,0.030571152338843385
413,4.225758482978845,0.004401831753102964,0.027036078760439525,0.030369506220980228,0.6540224073571217,1.6666723787527986,0.02314822748267776,0.030753679743896666
414,4.316593838144654,0.0044964519147340145,0.027503995651610127,0.030737779925251778,0.6424651443628235,1.7167402144436152,0.023516989238953633,0.031173595393995657
415,4.282437896988213,0.004460872809362722,0.027337961206032536,0.030514645345958758,0.6359194641401634,1.714238381639698,0.02348271755670819,0.03109981678958964
416,4.249520448117972,0.004426583800122887,0.027234969531921265,0.030378766520070634,0.6438065367734596,1.7087386923255308,0.023407379346925078,0.03099584381591685
417,4.323160052659349,0.004503291721520156,0.02750352613762052,0.030912520216294995,0.6549783379878243,1.6996033276887115,0.023605601773454325,0.031123701112969682
418,4.2980645744779,0.0044771505984144795,0.027341571596915734,0.03075787577978352,0.6478755005060678,1.6909852371887655,0.023485906072066187,0.030984784027064807
419,4.343312535715173,0.004524283891369971,0.027628528920817373,0.03082064253805346,0.6508135271567717,1.7344060741562641,0.023758987317209098,0.03137857750503053
420,4.432573152810464,0.004617263700844234,0.027966006995920906,0.031162012311020334,0.6580061631724476,1.7555339524604188,0.02404841030767697,0.0318265230639451
421,4.375536826962961,0.004557850861419751,0.027743601513513204,0.031143073940427778,0.6507208958072112,1.7196220251123733,0.023883639237671853,0.03138550757795353
422,4.310940083730598,0.004490562587219373,0.02755251989948726,0.030686490616405347,0.6309609652253746,1.7297538405581039,0.02369525808983704,0.03133432273487087
423,3.995704846829362,0.0041621925487805855,0.02632531265117607,0.029795548644044316,0.6528407510363858,1.6738968625712105,0.022620227872583925,0.030481274786356816
424,4.334400858474894,0.004515000894244682,0.027691624925589603,0.03104496594111091,0.6431002831644954,1.7618794048971935,0.023809181147259374,0.031735166680641295
425,4.451168370850773,0.004636633719636222,0.028037712684688847,0.03129943472715451,0.6389189557141209,1.7363274654233551,0.024115659241991043,0.03174210765888128
426,4.404846098060573,0.00458838135214643,0.027963540293168967,0.03158629086657912,0.653075013736653,1.7863379901903358,0.024139702570139674,0.032264632315644116
427,4.710171074631425,0.004906428202741068,0.028841414088852917,0.03229048236868467,0.6489846795836767,1.8578726401446741,0.02510638702898208,0.03295038346230631
428,4.139546982565809,0.004312028106839384,0.027024113781231058,0.03034118437936706,0.6614092289264881,1.6983179509324566,0.023264629464828174,0.031008080039329203
429,4.272776936414461,0.004450809308765064,0.027452411947610722,0.030740661324077677,0.6559871782682449,1.700402202107287,0.0236166972514901,0.031431771065517186
430,4.300101936431795,0.004479272850449786,0.027164554459804542,0.030550524152686075,0.6448768370280846,1.739495454634667,0.023506695332900906,0.031222501021914262
431,4.698228276360295,0.004893987787875307,0.028560955015213132,0.03280778488465832,0.6446366457866481,1.9304699513906216,0.025400920413034496,0.03348682308315103
432,4.201065992264396,0.004376110408608746,0.027170966335117612,0.03039262686391672,0.6329879828968359,1.6866116092771875,0.023104268620235444,0.03075070474173993
433,4.7133457600105935,0.004909735166677701,0.02894434292050864,0.032302857219016254,0.6615094181316521,1.7997335250704756,0.02499629895931216,0.03272535533991679
434,4.115135458826082,0.004286599436277168,0.026637681513172033,0.03013965539000724,0.646515482491812,1.7070725215853155,0.02306854758899075,0.030800905232202788
435,4.213546882104086,0.00438911133552509,0.027036130312282435,0.030591210624158562,0.6349365030762191,1.7249505877993958,0.023310143078370215,0.03126050828539235
436,4.241932545121115,0.004418679734501161,0.02714483138020713,0.030522780736851836,0.6577762677398051,1.6660334750705403,0.02313935382042417,0.030736038745306362
437,4.686521580553137,0.0048817933130761845,0.02841602225063339,0.033695328145233905,0.6650883393337864,2.0026422370776937,0.025674900475355047,0.034375630510744326
438,4.159329386422026,0.004332634777522945,0.026969632728842396,0.030180443259399677,0.6565432614667474,1.6896424959448355,0.02314578761568268,0.030750656596128655
439,4.414258264220731,0.004598185691896595,0.027691123444210562,0.03097847387262252,0.6327267006119439,1.7391727936077301,0.023824284843941508,0.03131039562664836
440,5.016093042046452,0.0052250969187983875,0.03004749354738307,0.03323984407389178,0.6511876776433344,1.9094134924713977,0.026156349211936953,0.03385949278486263
441,4.888747370674464,0.0050924451777859,0.030461277099363773,0.03412302926004293,0.7002619436192514,1.9319257960509748,0.026464736932205135,0.03480038909902747
442,4.743016159895813,0.004940641833224805,0.029628269591497676,0.03340112151429125,0.6776305627174215,1.9114714618581599,0.025830695430515672,0.03404805724092666
443,5.222838164293364,0.005440456421138921,0.03054480501919011,0.03539993447939032,0.6868877600452528,2.0869282320970286,0.027459582001276694,0.03606202091389875
444,5.0793777815423065,0.005291018522439903,0.030997583760107708,0.0352800575978483,0.6916624595586509,2.059462057562178,0.02745949410082904,0.03595026611204616
445,5.079540963853201,0.005291188504013751,0.03114298187956191,0.03488425538989065,0.6926580454825069,2.020059391740162,0.027298099888380566,0.03562535021681026
446,4.061791367059641,0.004231032674020459,0.026656169133427686,0.03150291004610259,0.6673764432415362,1.8393791351169888,0.02358178378355114,0.0321053925881834
447,4.722598165865241,0.0049193730894429594,0.03005389516818125,0.03339227716041982,0.6716909045987491,1.8666544707923942,0.025570609188936905,0.033622524047525644
448,4.0434111352847335,0.004211886599254931,0.026654645783897916,0.03144468041722698,0.6614511277741313,1.8383634468762327,0.02356876213943888,0.032131067679099796
449,4.615344675028425,0.004807650703154609,0.028698990385186487,0.03237183403009949,0.6534685758287954,1.8730433493577687,0.02497391132477025,0.03304618137633206
450,4.8676700444486185,0.005070489629633978,0.030112351706353697,0.03387852795130357,0.6838534765289541,1.9661868699786755,0.02621582493304901,0.034613118318418123
451,4.283134409172831,0.004461598342888366,0.028034861110345602,0.03220974819940447,0.6892266645879471,1.840652782229729,0.024542037096396387,0.032910991954365025
452,4.518216440278813,0.004706475458623764,0.028604656542194434,0.032067079025625264,0.673093883641354,1.8081626807208344,0.02476935179069636,0.0327417407737859
453,4.6559250788489726,0.004849921957134347,0.029142186756253605,0.032453049995884095,0.6434981380975195,1.8275641226670403,0.025382835037042226,0.03309141945811678
454,4.711648982121163,0.004907967689709545,0.029670895492996587,0.03297809188625749,0.6715961532847665,1.8887502363573887,0.025523651842667416,0.03353016810515531
455,4.561964723031206,0.00475204658649084,0.0287384085098942,0.032002546588284345,0.6591632364998463,1.82866839673664,0.024711735091035674,0.0326751728919885
456,4.528468513740892,0.004717154701813429,0.028853510681447234,0.03260232018264197,0.6727489931958792,1.8834771154954282,0.02511302820660571,0.033258771485174
457,4.73825510947553,0.004935682405703677,0.02984466526998272,0.03387372590144743,0.6993235471980983,1.9647147236995948,0.026196196315994597,0.03451174558802826
458,4.538202116533366,0.004727293871388923,0.028268133016478583,0.03260160258925224,0.6389794038456617,1.9213902820910689,0.02495312054663726,0.03324453480090076
459,4.59278920835633,0.0047841554253711775,0.028911611364731422,0.032161215741630146,0.6598725650225548,1.821780658078819,0.024955899425737244,0.0328099573858094
460,5.336707296754429,0.005559070100785863,0.032270002233307435,0.03591688339090709,0.6972870418509992,2.091794342033575,0.028267491108561825,0.036580281538705656
461,4.153182392465721,0.00432623165881846,0.027182494702484836,0.030567404048728982,0.6655229575306139,1.6859531506572727,0.023095248639140722,0.03084772464852426
462,4.4370488001953365,0.004621925833536809,0.02840281173288809,0.032274117995035156,0.6806748083407237,1.8515103356579456,0.024686804475439274,0.033002255758360945
463,4.9916652645006465,0.005199651317188174,0.03127564601144396,0.03475934903569569,0.7005513277520892,1.9426035571481801,0.02698060496039139,0.03492317085702637
464,4.6564844852717595,0.004850504672158083,0.029531095638962047,0.03327267215201251,0.6771984087054723,1.8963321581756076,0.02562611024561632,0.03395220524580561
465,5.119322791854021,0.005332627908181272,0.030658708421897985,0.03455366693693905,0.6646631230735294,2.0486869463220083,0.026956407188447478,0.03521488636710636
466,4.739912658753047,0.004937409019534424,0.029554563035898252,0.0330101460845886,0.6821304782840948,1.8647752908265103,0.025544866997623428,0.03372130565327962
467,4.242743650471941,0.004419524635908272,0.02763022019351187,0.03102521714439531,0.6680149511522468,1.7267114431021178,0.023653581412357776,0.03156190167853668
468,4.292693361751398,0.004471555585157706,0.028210695262442163,0.03181647773881499,0.684164513651359,1.7424893093625153,0.0238697165666098,0.03207389591626467
469,4.520307154403921,0.004708653285837417,0.029481472338419478,0.03297190967766667,0.683681723526103,1.8227097011793782,0.024968626043553127,0.033176826816519255
470,4.721260900017258,0.004917980104184644,0.030319482200705045,0.033751277973110914,0.7123087373634589,1.906826046461669,0.02612090474605026,0.03440703907352215
471,4.775504374332543,0.004974483723263066,0.03061568496387207,0.03417902502848834,0.7100748442958342,1.880029220141162,0.026111516946405025,0.03440162788904499
472,4.72050236049909,0.004917189958853219,0.030307118545265053,0.03386071608135325,0.6968501098156109,1.8895040093729056,0.025883616566752133,0.034174951493218156
473,4.828633042969144,0.005029826086426191,0.03066630999791322,0.03423222072841346,0.6991939806087151,1.887144947788071,0.026210346497056544,0.03449183609148777
474,4.778990993612782,0.004978115618346647,0.030462711494219814,0.03384505746558383,0.6970021910360218,1.9083469120623706,0.026141738521402336,0.034531667585245986
475,4.784169371712849,0.0049835097622008846,0.03047116664631479,0.034085129204653924,0.7077066228772363,1.911458732135663,0.02618436619363922,0.03461852963640035
476,4.680340256791865,0.004875354434158193,0.030082261196837327,0.03370530265803239,0.7065439346849358,1.8775780430611193,0.02572024716522081,0.034055164619933256
477,4.748962299051251,0.004946835728178387,0.030290363101785987,0.033807201006179684,0.7122034476511976,1.9053290119540585,0.0261003974240282,0.03436253889885214
478,4.751865145778117,0.004949859526852205,0.030358508184464512,0.0339379284221224,0.7038606093174333,1.9024223846897568,0.02606058061218845,0.034380055909384276
479,4.76139263556688,0.004959783995382166,0.030666845398391547,0.03413058954672772,0.7185099855167865,1.8850792367219595,0.026181656065582773,0.03453129866115183
480,4.822539094154556,0.005023478223077663,0.030893029503222622,0.03444869833586983,0.7083980640592831,1.9137883618446898,0.026216278929379312,0.034660821949299044
481,4.8715946661456435,0.005074577777235046,0.030908748698656414,0.034519237348154944,0.7052045985513968,1.9346562215518976,0.026502140021258874,0.03502713453952983
482,4.707865913672659,0.00490402699340902,0.030193223236769297,0.03376601726352963,0.6945095487056825,1.8534218484845386,0.025741970117840813,0.03406650915653099
483,4.75446172793926,0.0049525642999367295,0.030396551252671607,0.03402146473559592,0.7122177414253208,1.8892649303817026,0.025880341512078117,0.03426356184498382
484,4.853830437684731,0.005056073372588262,0.030914211078464916,0.03444086537417927,0.7095076536812732,1.9182936313108008,0.026277994949463025,0.034643684513182886
485,4.916412863574697,0.005121263399556976,0.03118091054238959,0.03478471860091648,0.7184421577283204,1.9479881666384418,0.026684769406006052,0.035122212941531665
486,4.757620361579502,0.0049558545433119805,0.030480857781272977,0.03405487490679288,0.722537050548436,1.9045707947223034,0.026090010886606896,0.03446033291948778
487,4.7384668345691905,0.00493590295267624,0.030457294082935668,0.033972846408745365,0.7018994597315494,1.8699584625982806,0.02597164531386501,0.03418652019316923
488,4.803125378170373,0.005003255602260805,0.03062315085242895,0.03415318994418275,0.7044590415231308,1.9061264721858424,0.02611132153679236,0.03445261545498641
489,4.7755042616793055,0.004974483605915943,0.030477005294407642,0.03402712880773661,0.6944115601412447,1.8780989813227447,0.02608470807392701,0.03425058385309365
490,4.662368383025064,0.004856633732317775,0.03001514403925205,0.03355578062292882,0.7084123852956515,1.8784477763835767,0.02573216132032297,0.03400531758419044
491,4.773028889687744,0.004971905093424734,0.030587629802039246,0.03409895975999152,0.7221019032462814,1.9131763939883988,0.026207895808060256,0.0345303868098427
492,4.902662035236122,0.005106939620037627,0.03100257274887936,0.034607708056203196,0.7212481216572612,1.9545974413722078,0.02677530741605764,0.03509718021260179
493,4.939906707527985,0.005145736153674985,0.03130833305988783,0.034799534926872475,0.7158465832215111,1.979016541373607,0.02710981563525489,0.03549479756477298
494,4.927773252314022,0.005133097137827106,0.0312866244909117,0.03483091260262588,0.717992765314108,1.9634882442059671,0.02689709923569818,0.03531088288603269
495,4.736970315823671,0.0049343440789829905,0.030494072447187808,0.03398969763667642,0.7056649221820351,1.88147444195651,0.026131589471618193,0.03421705128490438
496,4.8574106639939485,0.005059802774993696,0.030718853113386756,0.03417975690222665,0.6989819588302757,1.938513680391162,0.026554981923166604,0.034816671088915105
497,4.934573652177596,0.005140180887684995,0.031253708592158695,0.03473396556946312,0.7001847866645581,1.9546162645081901,0.02677556526723548,0.03506483202447
498,4.755694512750903,0.0049538484507821905,0.030507169188502097,0.03402538093099294,0.7005866436684025,1.901176016140573,0.02604350707041881,0.03428420784667808
499,4.875415252959405,0.005078557555166047,0.03083616596962474,0.03440386760090321,0.6948325590835356,1.907748800728688,0.02649651112123178,0.03467320437255316
500,4.797378163624128,0.0049972689204418,0.030364021629354022,0.03394864192347435,0.6948942227369221,1.878905023174934,0.02609590309965186,0.03425744522895726
501,4.260742875103616,0.004438273828232933,0.027772074357101394,0.031166869239074243,0.6710136477278782,1.7212125803816214,0.023578254525775635,0.03143965109416992
502,3.6613021638889913,0.0038138564207176994,0.024613847540995215,0.027829943934376242,0.6404112764179801,1.5261150352508914,0.02090568541439577,0.028319103728800688
503,3.3051614615763327,0.0034428765224753465,0.022173635050052883,0.025275993279325473,0.57817657681703,1.3691222451148075,0.018755099248148048,0.025683788686750142
504,2.983693250945287,0.0031080138030680072,0.02017564016405858,0.023118868778774466,0.5379382030121751,1.2261896838302415,0.017030412275420022,0.023453871858699717
505,2.5996035068722456,0.002707920319658589,0.017826041842372218,0.020439226883018715,0.5103591461479344,1.079401965064291,0.014786328288551932,0.02095901766613222
506,2.392399395170334,0.002492082703302431,0.016548405926940193,0.019055931811742564,0.4830753256376061,1.001805255985608,0.013723359671035728,0.019410353755261043
507,2.1650072458719074,0.0022552158811165704,0.015151952461164839,0.017639308222778188,0.4422962695110031,0.9086303905341334,0.012446991651152513,0.017863892833116242
508,2.0865337967709587,0.002173472704969749,0.014859727508258683,0.01724411309911061,0.4549239522588011,0.8989019995384324,0.012313726021074417,0.017727000070519104
509,2.0209483773686996,0.002105154559759062,0.014270706379772765,0.016695054840873462,0.43276453664823966,0.8585630107077665,0.011761137132983103,0.016985334476727107
510,1.8584179327268757,0.0019358520132571621,0.01302496854907831,0.015207135622015444,0.41428199820853817,0.7794557368654617,0.010677475847472077,0.01567302526674576
511,1.7588137012445235,0.0018320976054630453,0.012250058937901426,0.014346047677540786,0.3909697185760621,0.7281532092474347,0.010113239017325481,0.014819906315953185
512,1.7720843363184522,0.0018459211836650545,0.012369491106335907,0.014384042038206334,0.38747026164051057,0.7333985185177728,0.010046555048188669,0.01464169748392385
513,1.6809291767308228,0.0017509678924279403,0.01151866067069755,0.013457593485957865,0.3739239969564143,0.6699743307795714,0.009177730558624265,0.013652515034548679
514,1.6419510105864907,0.0017103656360275945,0.010910859766064684,0.012834126224340055,0.3663126705222408,0.6438362516592099,0.00881967468026315,0.013149359077842994
515,1.605874520244455,0.001672785958587974,0.010696558982471321,0.01264246282538084,0.34858458580339136,0.6272489533878103,0.008711791019275142,0.012880105154949136
516,1.5633155776128298,0.001628453726680031,0.01025173051523153,0.012094457941935997,0.3305212539345696,0.5990669535499761,0.008320374354860778,0.012258022112973551
517,1.5024045716993768,0.0015650047621868508,0.009687261883333064,0.011408150801120603,0.3087868089340138,0.574085504670483,0.007864184995486068,0.011620579302973541
518,1.4237743243460956,0.001483098254527183,0.009326810388696583,0.011133652525281925,0.30822161504212475,0.5521722717403491,0.007564003722470535,0.01136656183639533
519,1.4644272250411805,0.001525445026084563,0.009770308274632747,0.011642218923356519,0.3114717767123078,0.5807301512242411,0.007955207551017002,0.011852863511565545
520,1.4327699341676503,0.0014924686814246357,0.009417935350991823,0.011175271641464386,0.32180409340659577,0.5426035067150489,0.00753615981548679,0.01141765415957789
521,1.4047527747003512,0.0014632841403128657,0.009516730361771676,0.011229276066769229,0.32960769040633364,0.5479683880143185,0.007610672055754423,0.011463366640440361
522,1.372645351186101,0.001429838907485522,0.009070892166544648,0.010953212805046257,0.3311421174934913,0.5213823282659655,0.007241421225916188,0.01109381918509139
523,1.403379788606994,0.001461853946465619,0.009526882705236474,0.011310638188406368,0.3184247418928647,0.560008148735747,0.007671344503229411,0.011462630779424329
524,1.3889355147493139,0.0014468078278638686,0.008816935769628005,0.010491290459182347,0.30605941297208805,0.5181633229396964,0.00709812771150269,0.010771264723485654
525,1.4839890262263165,0.0015458219023190797,0.00944374508335998,0.011195171815344691,0.2961908019686077,0.5730617548620576,0.0077440777684061836,0.0114920909080957
526,1.3366721488795705,0.0013923668217495527,0.008666419331127048,0.010240843156073128,0.28288171347767643,0.5069869101804994,0.006945026166856156,0.01038138176382174
527,1.2975334872081228,0.0013515973825084613,0.008129658495145745,0.009632057195239796,0.26762493054093606,0.47418054879542765,0.006495623956101749,0.009711864099486637
528,1.2554421823462765,0.0013077522732773714,0.007867279921745317,0.009318957376373945,0.25639978072097674,0.45601650245067965,0.006333562534037217,0.009456489033391448
529,1.255474669291857,0.0013077861138456844,0.00781420287380695,0.009216302202954461,0.2593967155706424,0.46947473812323154,0.006344253217881507,0.009507141447598542
530,1.31951116771294,0.0013744907997009792,0.007855913346561544,0.009326674641341546,0.2567481578940591,0.45823860761887025,0.006364425105817643,0.009483255964883034
531,1.3344351136231403,0.0013900365766907712,0.007667923541821232,0.0091327248779827,0.22904552788601618,0.4643824561143952,0.006449756334922156,0.009440093898086326
532,1.2773915991581264,0.0013306162491230483,0.007429417725043721,0.008784434616052616,0.21055075870690987,0.4294391884599089,0.006223756354491433,0.0090265913153734
533,1.1640178299120851,0.0012125185728250887,0.007470228785787058,0.008905560176289217,0.2511334226300487,0.4544530974177578,0.006141258073212944,0.009200765922029857
534,1.2031339953496851,0.0012532645784892554,0.007533650038142384,0.008935306662126314,0.22453457957776624,0.42632597746479045,0.006178637354562181,0.009088727160631931
535,1.2963488755025758,0.0013503634119818497,0.008475850496573152,0.010238889633592608,0.2697852498645838,0.5401716502259281,0.007107521713499054,0.010557396338456763
536,1.1939800186148202,0.0012437291860571042,0.007642809999594023,0.009205992917864026,0.2703786827411724,0.45263714172802216,0.006200508790794824,0.00952183374043815
537,1.2381884859121524,0.0012897796728251587,0.007718491538267794,0.009393554622087153,0.2360370731807634,0.46345975810187384,0.006527602226786956,0.00971542684190863
538,1.136428873266596,0.0011837800763193707,0.007556834630334083,0.009040959813732694,0.2717165084927533,0.4401290795985447,0.0060291654739526674,0.009176873960219037
539,1.200598729242637,0.0012506236762944135,0.0077829491048369325,0.009176064886277925,0.25839288806583316,0.4464700247369599,0.00620097256579111,0.009279811154354936
540,1.14436354063085,0.0011920453548238022,0.007603374220805979,0.009094155062092763,0.2605802825587925,0.4518650579339473,0.006189932300465032,0.009424570926223253
541,1.1544469850674508,0.0012025489427785947,0.007584317410988719,0.009012048333351048,0.2627713496243479,0.43693385405083807,0.006068525750706084,0.009192541521387921
542,1.2685764235187382,0.0013214337744986856,0.008167036623535845,0.009650414634097838,0.26257148274617137,0.4823760674418205,0.006607891334819459,0.009754763115510913
543,1.294426831886463,0.0013483612832150655,0.007466321523611514,0.00899352718335835,0.24106711603937603,0.44239115933867695,0.006144321657481624,0.009256762018025508
544,1.1700796015449577,0.0012188329182759975,0.007636859794574714,0.009094974743146933,0.26406821992740875,0.4480864425038198,0.0061381704452578055,0.009353169146510795
545,1.3132383990400736,0.0013679566656667433,0.008008019948972999,0.00947544172214323,0.2657362443378731,0.47368112701849174,0.006488782561897147,0.009659749057226783
546,1.2823846323119241,0.0013358173253249209,0.007785791606757977,0.009578368078955688,0.26212939255733847,0.5050289190730012,0.006558817130818197,0.009885122376494629
547,1.1794625964709031,0.0012286068713238574,0.007398421987806301,0.008834314264763082,0.25135609862675024,0.4321710180176884,0.005920150931749157,0.00900815076147654
548,1.206488200154618,0.0012567585418277272,0.007429877172875469,0.008874233998748824,0.25220936146711787,0.4311513062718674,0.005988212587109269,0.008959647528811758
549,1.2300505753060764,0.0012813026826104963,0.007623719603978462,0.009027754014876503,0.24350126885877216,0.45441090496314357,0.006224806917303337,0.009189826851721785
550,1.213030298597049,0.0012635732277052592,0.007316610616337816,0.008602874896412987,0.22939940173796258,0.43025245639971654,0.005975728561107174,0.008896197237970886
551,1.1863460804936268,0.0012357771671808611,0.0072325186636122574,0.008573781372335686,0.22866738325955463,0.42720935718161,0.005933463294189028,0.008824611668221858
552,1.2388580490159598,0.0012904771343916247,0.007753822022529226,0.00905332658153387,0.24400578604963866,0.45212971650314504,0.006279579395877015,0.009135767494314146
553,1.2067127964181186,0.0012569924962688736,0.0075728446879917335,0.008867347452363103,0.22560708025256127,0.4611692024739194,0.0062320162496475595,0.009158423152238122
554,1.1428632842215762,0.0011904825877308086,0.007473329041558252,0.008804233508649416,0.24342395385203602,0.4533614901269301,0.006126506623336894,0.009092902835577902
555,1.2010887570966036,0.0012511341219756287,0.007301430304053396,0.008743982878069897,0.21005600664137558,0.4454553219093923,0.006186879470963782,0.009023733209027072
556,1.1936516909527168,0.0012433871780757467,0.007304470832394441,0.008601220137009485,0.2144979957249442,0.433007847542364,0.0060987020780614645,0.008857182285104874
557,1.153459707829349,0.0012015205289889052,0.007449570390357972,0.008639309426234145,0.23456705657993943,0.4430194866862702,0.006068760091592743,0.008914277113757935
558,1.1763917563885165,0.0012254080795713713,0.007501156502888702,0.008793472326136772,0.2392979903656039,0.44055895894569497,0.0060350542321328075,0.008884489169197695
559,1.175901358854117,0.0012248972488063717,0.007050805630155974,0.008340892879292114,0.1918857740220801,0.41539706243827296,0.006020247281714101,0.008619017564556063
560,1.12821683991891,0.0011752258749155313,0.0071522893543084,0.008464121984099321,0.2226207040594661,0.4218433788424307,0.0058589358172559825,0.008689906111037817
561,1.1939421220759954,0.0012436897104958285,0.007588113585133222,0.00918238110721309,0.24421072859685264,0.4863115695468664,0.006398836441406136,0.00946818755564535
562,1.1003476995825239,0.0011461955203984624,0.007471358149410842,0.009054063565138798,0.24674510235736363,0.4668159309878669,0.006224212413171558,0.009343882224458784
563,1.1028241089238349,0.001148775113462328,0.007194006052765332,0.008683525805941209,0.24359676014770765,0.44712487068633056,0.0059616649424844076,0.008991560893346707
564,1.0840869383228404,0.0011292572274196255,0.007102827252899469,0.008508076657120662,0.24206474472871115,0.40936416495064065,0.005685613402092231,0.008591159803118975
565,1.1392015099648898,0.0011866682395467601,0.0072619502080138966,0.008636481870329917,0.22292161459576254,0.4106024598749802,0.005865749426785431,0.008796296615682516
566,1.1395297558955568,0.001187010162391205,0.00743113507512394,0.008836809069204966,0.2562905926955173,0.43962965160215517,0.006022323994550071,0.009109974761363618
567,1.0732414815779312,0.0011179598766436784,0.0071983376768993855,0.008586822106747933,0.24941086604027857,0.42099599071255694,0.005767068365925438,0.00885918364363563
568,1.1132323186539677,0.001159616998597883,0.007056926335559196,0.008425248493767133,0.22001953163874796,0.39760821933946056,0.005762437961441457,0.008556990772692426
569,1.066725580207137,0.0011111724793824343,0.006580327311931422,0.00807348130737431,0.21327155160543537,0.38312568745661796,0.005473224106523114,0.008410727231142594
570,1.1473504417406557,0.0011951567101465164,0.00760250716570773,0.00932064993149448,0.2586225187184693,0.4835439332063085,0.006362420173767217,0.0096271222425304
571,1.1129502373298128,0.0011593231638852217,0.007484922167669742,0.008877525042437471,0.25556120687899814,0.4441632563852816,0.006084428169661392,0.009174935973054375
572,1.0905959487308656,0.0011360374465946518,0.007236877229150437,0.008646712534055787,0.25308538466780334,0.42208106985388283,0.00578193246375182,0.00888398226745592
573,1.0993642243398112,0.0011451710670206366,0.007477469859388454,0.008889128132679117,0.2585712681664445,0.42873427815301884,0.005954642752125262,0.00901328094491676
574,1.104869573124005,0.0011509058053375053,0.007103400174762618,0.008672607097149381,0.22905386863944496,0.42892991133827885,0.005875752210113409,0.008979790894670731
575,1.0518873965554967,0.0010957160380786423,0.00669613683976308,0.00836293989590013,0.21555575746014072,0.40084222620931603,0.00564566515787769,0.008654982576609306
576,1.0816753892254523,0.0011267451971098462,0.007093610911245135,0.008447675786581236,0.2396117186412947,0.4056669799371657,0.005713619435734728,0.008684068545500186
577,1.1137406717484328,0.0011601465330712843,0.007322012448960994,0.00890168361641271,0.2562525739742945,0.4465000295237824,0.006033784182753817,0.009189351551320305
578,0.9940250901109822,0.0010354428021989398,0.00665685073937194,0.008004722379825318,0.24240659697542435,0.38039780851315974,0.005283302896016108,0.008280580615353852
