offset_s,score,n_pairs,best_feature_HA,best_corr_HA,best_corr_Abs
32065,0.7420392651609057,227,F_top10_area,0.7445010007334725,
32066,0.749242783333779,230,F_top10_area,0.7516373488517478,
32067,0.7498270578297379,228,F_top10_area,0.7520525709755277,
32068,0.7566464123510364,231,F_top10_area,0.7589013612537296,
32069,0.7568921167757335,229,F_top10_area,0.7592448404752768,
32070,0.7634162858116871,232,F_top10_area,0.765791591045571,
32071,0.7647084629760925,230,F_top10_area,0.7670227921671536,
32072,0.7708835604022676,233,F_top10_area,0.773149312787131,
32073,0.7734022165791383,231,F_top10_area,0.7757494446475441,
32074,0.7797461730313127,234,F_top10_area,0.7820495093766905,
32075,0.7784487270924367,232,F_top10_area,0.7808972697124675,
32076,0.784809388098147,235,F_top10_area,0.7876969203066825,
32077,0.7818410037674586,233,F_top10_area,0.78484999296303,
32078,0.7877939902091083,236,F_top10_area,0.7910964752873617,
32079,0.779685447101512,234,F_top10_area,0.7832443565608004,
32080,0.7860225390834399,237,F_top10_area,0.7900067405058679,
32081,0.7743503618904519,235,F_top10_area,0.778357373078461,
32082,0.7808003574794837,238,F_top10_area,0.7851166597621625,
32083,0.7644357821990655,236,F_top10_area,0.7689683807011215,
32084,0.7708678201871464,239,F_top10_area,0.7755517575283244,
32085,0.7550888654224155,237,F_top10_area,0.7598030451029613,
32086,0.7617366754902797,240,F_top10_area,0.7666966001042079,
32087,0.748596476006874,238,F_top10_area,0.7533161655906989,
32088,0.7555047940364892,241,F_top10_area,0.760496034891305,
32089,0.7446562241602133,239,F_top10_area,0.7495483579395483,
32090,0.7514670221564603,242,F_top10_area,0.7567027046075522,
32091,0.7433295456152684,240,F_top10_area,0.7483705193448914,
32092,0.7504009776928946,243,F_top10_area,0.7557940125552111,
32093,0.7443702393234499,241,F_top10_area,0.7496208941127964,
32094,0.7516161816247806,244,F_top10_area,0.7569626503993081,
32095,0.7478517629889083,242,F_top10_area,0.7530298933906705,
32096,0.7552060346403833,245,F_top10_area,0.7604623814684502,
32097,0.751167712637604,243,F_top10_area,0.7561736936128592,
32098,0.7583415874003143,246,F_top10_area,0.7634319877341371,
32099,0.755078055722112,244,F_top10_area,0.7598907492167386,
32100,0.7621294973762627,247,F_top10_area,0.7669282132210516,
32101,0.7591031848810603,245,F_top10_area,0.7637000709148138,
32102,0.766069827283757,248,F_top10_area,0.7705356984657682,
32103,0.7637022862709958,246,F_top10_area,0.7677979349142888,
32104,0.7702973418936188,249,F_top10_area,0.7743601348278069,
32105,0.7674756499578987,247,F_top10_area,0.771284758148299,
32106,0.774030384490062,250,F_top10_area,0.7775577427198117,
32107,0.7704173543265646,248,F_top10_area,0.7735606944520217,
32108,0.776845779733403,251,F_top10_area,0.780067519303435,
32109,0.7738506657261817,249,F_top10_area,0.7770430792614422,
32110,0.7804151495470515,252,F_top10_area,0.7835558024137507,
32111,0.7772324669037413,250,F_top10_area,0.7803331800035971,
32112,0.7838097611993219,253,F_top10_area,0.7867829726480163,
32113,0.7812488635157526,251,F_top10_area,0.7841860386959705,
32114,0.7876468099367768,254,F_top10_area,0.7901662048017148,
32115,0.7849416151176668,252,F_top10_area,0.7875543030688649,
32116,0.7911324229029055,255,F_top10_area,0.7934787812456388,
32117,0.7889107498169228,253,F_top10_area,0.791222619200633,
32118,0.7948725666150993,256,F_top10_area,0.7971829519323247,
32119,0.7923635600689658,254,F_top10_area,0.7946214180155569,
32120,0.7984655078904477,257,F_top10_area,0.8007640150524016,
32121,0.7962114360086181,255,F_top10_area,0.7984079086984831,
32122,0.8018695010323623,258,F_top10_area,0.8040166700965727,
32123,0.8100311020989104,255,F_top10_area,0.8120552148485584,
32124,0.8155564701762694,258,F_top10_area,0.8175226099414433,
32125,0.8257105333760977,255,F_top10_area,0.8275069803531367,
32126,0.830669219516792,258,F_top10_area,0.832336787848668,
32127,0.8297343505646297,256,F_top10_area,0.8317823866514127,
32128,0.8348139870849425,259,F_top10_area,0.8366902256787419,
32129,0.8342298481490618,257,F_top10_area,0.8362813271455551,
32130,0.8393105967966421,260,F_top10_area,0.8411229708005257,
32131,0.8396486034890283,258,F_top10_area,0.8415010000732863,
32132,0.8445648109501989,261,F_top10_area,0.8460549056166077,
32133,0.8450503154133379,259,F_top10_area,0.8467898330084506,
32134,0.8497044053334686,262,F_top10_area,0.8513798214319053,
32135,0.8500911037161208,260,F_top10_area,0.8520270627207455,
32136,0.8547074447637719,263,F_top10_area,0.8564856253377162,
32137,0.8523563078691216,261,F_top10_area,0.8544506139593285,
32138,0.856854493865395,264,F_top10_area,0.8587548081145249,
32139,0.854081526937392,262,F_top10_area,0.8563305705124107,
32140,0.8586861446391674,265,F_top10_area,0.8605156181577993,
32141,0.854793062147458,263,F_top10_area,0.8568067076943207,
32142,0.859384027211388,266,F_top10_area,0.8611139225527148,
32143,0.8518949171185972,264,F_top10_area,0.8539941284962805,
32144,0.8564843050270815,267,F_top10_area,0.8584168154566114,
32145,0.8490421654302731,265,F_top10_area,0.8511589477283016,
32146,0.8536600916640058,268,F_top10_area,0.8553615516972246,
32147,0.8469407591520839,266,F_top10_area,0.8488572741093561,
32148,0.8515768168873636,269,F_top10_area,0.8533296835397646,
32149,0.8461172985091316,267,F_top10_area,0.8480164881636866,
32150,0.8507965016703705,270,F_top10_area,0.8525901414671087,
32151,0.8459740459510816,268,F_top10_area,0.8478808460903509,
32152,0.8505998830968449,271,F_top10_area,0.8524462340243915,
32153,0.8470055996883206,269,F_top10_area,0.8488553156935597,
32154,0.8518146174980787,272,F_top10_area,0.8535281368841292,
32155,0.849489179668518,270,F_top10_area,0.8510590521975254,
32156,0.8540869402071793,273,F_top10_area,0.8556586363960839,
32157,0.8516611775566555,271,F_top10_area,0.8532290157347397,
32158,0.8561896458058837,274,F_top10_area,0.8578325967547283,
32159,0.8539654070559002,272,F_top10_area,0.8556053672565707,
32160,0.858357326863675,275,F_top10_area,0.8599181807302927,
32161,0.8568026447169678,273,F_top10_area,0.8582551493656734,
32162,0.8611068006396402,276,F_top10_area,0.8626032260633978,
32163,0.8594693871084751,274,F_top10_area,0.8609147436754353,
32164,0.8637729598000154,277,F_top10_area,0.8652218236631477,
32165,0.8624183784630675,275,F_top10_area,0.8638054841852801,
32166,0.8666529030070566,278,F_top10_area,0.8681565776333122,
32167,0.8649416878667919,276,F_top10_area,0.8663715652557972,
32168,0.8690695011676008,279,F_top10_area,0.8704887142635759,
32169,0.8674851621528892,277,F_top10_area,0.8688437525326179,
32170,0.8715720631998488,280,F_top10_area,0.8729389908200819,
32171,0.8702163581794639,278,F_top10_area,0.8715921019222708,
32172,0.8742526324698765,281,F_top10_area,0.8756884020301596,
32173,0.8726059722137085,279,F_top10_area,0.8742008165409462,
32174,0.8765526852065099,282,F_top10_area,0.878142372243956,
32175,0.8747745723511456,280,F_top10_area,0.8765240176370633,
32176,0.8787067878674641,283,F_top10_area,0.880421583712585,
32177,0.8771106253003534,281,F_top10_area,0.8788753508888286,
32178,0.8809468665248709,284,F_top10_area,0.8826866813404121,
32179,0.8797738625823505,282,F_top10_area,0.88162602258346,
32180,0.883640919780182,285,F_top10_area,0.8855976945356198,
32181,0.8822231450950653,283,F_top10_area,0.8842207261694097,
32182,0.8857134295089011,286,F_top10_area,0.8876307638394121,
32183,0.8844411828125252,284,F_top10_area,0.8865591753528781,
32184,0.8943143362673366,286,F_top10_area,0.8961491332742758,
32185,0.8864975080549508,285,F_top10_area,0.888474747072701,
32186,0.896789970205427,287,F_top10_area,0.8985915009451898,
32187,0.8884695702993552,286,F_top10_area,0.890593801590756,
32188,0.8985741748901772,288,F_top10_area,0.9004872492415713,
32189,0.8904630926740172,287,F_top10_area,0.8926066142745613,
32190,0.9007289260233049,289,F_top10_area,0.9027608604183088,
32191,0.89242145447349,288,F_top10_area,0.8945578188161266,
32192,0.9034278745390804,290,F_top10_area,0.9053568931614977,
32193,0.8947657242846803,289,F_top10_area,0.8968185441077612,
32194,0.9060409627936582,291,F_top10_area,0.9078371566052773,
32195,0.8968249472994312,290,F_top10_area,0.8988207984753881,
32196,0.9082093906161899,292,F_top10_area,0.9101007666655695,
32197,0.898758455746083,291,F_top10_area,0.9008339344838896,
32198,0.9092311935659746,293,F_top10_area,0.911118651951103,
32199,0.900423394214056,292,F_top10_area,0.9024035194487037,
32200,0.9110033079460568,294,F_top10_area,0.9128007671783016,
32201,0.9023355857462783,293,F_top10_area,0.9042133868612292,
32202,0.9112619947168759,295,F_top10_area,0.9130123281129892,
32203,0.9042049917913779,294,F_top10_area,0.9059679026664805,
32204,0.9113866392594201,296,F_top10_area,0.9131379249050273,
32205,0.9062054592448361,295,F_top10_area,0.9081010580530777,
32206,0.911694001860172,297,F_top10_area,0.9135684231992262,
32207,0.9077067145411797,296,F_top10_area,0.9094142249260855,
32208,0.9121674396290065,298,F_top10_area,0.9137937864654972,
32209,0.9100074240763942,297,F_top10_area,0.9116013633334465,
32210,0.9135927794304943,299,F_top10_area,0.9150561611612527,
32211,0.9119462797566753,298,F_top10_area,0.9133477637623096,
32212,0.9147373326020802,300,F_top10_area,0.9160869572376535,
32213,0.913517711245421,299,F_top10_area,0.9147456740322553,
32214,0.916260352511043,301,F_top10_area,0.9175102411066415,
32215,0.915473888654484,300,F_top10_area,0.9166443150442916,
32216,0.9181107407802978,302,F_top10_area,0.9191229474659768,
32217,0.9170306509440278,301,F_top10_area,0.9180266559335747,
32218,0.9194445865341074,303,F_top10_area,0.9204626962505139,
32219,0.918408085966522,302,F_top10_area,0.9194834999568514,
32220,0.9207894515454169,304,F_top10_area,0.9217926557257895,
32221,0.9200763075315523,303,F_top10_area,0.9210638161210629,
32222,0.9224631943152606,305,F_top10_area,0.9234107871272095,
32223,0.9215292754248678,304,F_top10_area,0.9224328978588149,
32224,0.923939261805727,306,F_top10_area,0.9248591970435829,
32225,0.9230819538431486,305,F_top10_area,0.9239508746119007,
32226,0.9256627067550718,307,F_top10_area,0.9263509214904992,
32227,0.9246423168804213,306,F_top10_area,0.9254640444455766,
32228,0.9270477331075717,308,F_top10_area,0.9278250526453399,
32229,0.9259070318194491,307,F_top10_area,0.9267585619230058,
32230,0.9282946741902542,309,F_top10_area,0.9292228525890146,
32231,0.9274650826163703,308,F_top10_area,0.9284386960281007,
32232,0.9298450846829098,310,F_top10_area,0.9305942450612504,
32233,0.9290379476139344,309,F_top10_area,0.9298401273033323,
32234,0.9313232233828644,311,F_top10_area,0.9321300786167092,
32235,0.9302889370719829,310,F_top10_area,0.9310978800946345,
32236,0.9325255887702932,312,F_top10_area,0.9333500140463792,
32237,0.9317106101642985,311,F_top10_area,0.9325297973345356,
32238,0.9338809711615457,313,F_top10_area,0.9346989036173793,
32239,0.9326633901432793,312,F_top10_area,0.9335134973014299,
32240,0.9348892625382492,314,F_top10_area,0.9357780455689938,
32241,0.9338389709002296,313,F_top10_area,0.9347303357366347,
32242,0.9395647303255346,314,F_top10_area,0.9403213052292413,
32243,0.9386287496318555,313,F_top10_area,0.9394216371055873,
32244,0.9445838727592265,314,F_top10_area,0.9452549931844431,
32245,0.9436638413105732,313,F_top10_area,0.9443744920163212,
32246,0.9495163963390554,314,F_main_roi_area,0.9501684378971555,
32247,0.9488368752367105,313,F_main_roi_area,0.9495580997950754,
32248,0.951034560775875,315,F_main_roi_area,0.9518113514934087,
32249,0.9501665312686123,314,F_main_roi_area,0.9509788019069557,
32250,0.9523464413611665,316,F_main_roi_area,0.9531236481627122,
32251,0.9515058379903114,315,F_main_roi_area,0.9522531372239218,
32252,0.9540694760335962,317,F_main_roi_area,0.9547932600759224,
32253,0.9533070233110574,316,F_main_roi_area,0.9540347195197942,
32254,0.9557764349309978,318,F_main_roi_area,0.9564680356563385,
32255,0.955037764154,317,F_main_roi_area,0.9557061245570824,
32256,0.9567488157008236,319,F_main_roi_area,0.9574463979803235,
32257,0.9559065325744773,318,F_main_roi_area,0.9565892639521537,
32258,0.9571430638116356,320,F_main_roi_area,0.9577434692414982,
32259,0.9564275279606862,319,F_main_roi_area,0.9570171932944442,
32260,0.956424858441036,321,F_main_roi_area,0.9569483483620118,
32261,0.9556302562475321,320,F_main_roi_area,0.9561746378610906,
32262,0.9549291791765917,322,F_main_roi_area,0.9554409173667281,
32263,0.9540445866294153,321,F_main_roi_area,0.954563285964282,
32264,0.952297271976655,323,F_main_roi_area,0.9527849279418439,
32265,0.9512944659547162,322,F_main_roi_area,0.9517499560799398,
32266,0.949853894768736,324,F_main_roi_area,0.9502538708504609,
32267,0.9488188880305359,323,F_main_roi_area,0.9492640345436208,
32268,0.947937482585271,325,F_main_roi_area,0.94821801856853,
32269,0.9470502379807051,324,F_main_roi_area,0.9474031128631871,
32270,0.9469034905090888,326,F_main_roi_area,0.9471433971114344,
32271,0.945905598249763,325,F_main_roi_area,0.9461575523206625,
32272,0.9463904827557551,327,F_main_roi_area,0.946537436050262,
32273,0.9453860381842373,326,F_main_roi_area,0.945580952636229,
32274,0.9464590596202672,328,F_main_roi_area,0.946577812055782,
32275,0.9454263203369115,327,F_main_roi_area,0.9455488356828521,
32276,0.9468484812590925,329,F_main_roi_mean,0.9469354756195294,
32277,0.9457520926899904,328,F_main_roi_area,0.9458287716875988,
32278,0.9473297196448894,330,F_main_roi_mean,0.9474113427655482,
32279,0.946380515194162,329,F_main_roi_mean,0.9464455509209305,
32280,0.9479081146533004,331,F_p95,0.9480295410661493,
32281,0.9469470670913951,330,F_p95,0.9471044472332373,
32282,0.9484399593679054,332,F_p95,0.9486526077485653,
32283,0.9473743219955216,331,F_p95,0.9476163687121477,
32284,0.9489232811618631,333,F_p95,0.949185733447843,
32285,0.9480518401027822,332,F_p95,0.948276340036277,
32286,0.9495134989524721,334,F_p95,0.9497356686675603,
32287,0.9484893653020308,333,F_p95,0.9487739054233107,
32288,0.9499372113932838,335,F_p95,0.9502608698741529,
32289,0.9488678941160024,334,F_p95,0.9492261861950181,
32290,0.950236590470702,336,F_p95,0.9506037515708075,
32291,0.9490738989549157,335,F_p95,0.9494734192116986,
32292,0.9505964167306565,337,F_p95,0.9509356793463201,
32293,0.9495776707354588,336,F_p95,0.9498718853472408,
32294,0.9510368747568361,338,F_p95,0.9512900273622976,
32295,0.9501391661717475,337,F_p95,0.9504411220661895,
32296,0.9514561971336013,339,F_p95,0.951758883556948,
32297,0.950459255400131,338,F_p95,0.9507792797485258,
32298,0.9517458581209424,340,F_p95,0.9520862531318419,
32299,0.9509209626479391,339,F_p95,0.9512321879785615,
32300,0.9521571145412367,341,F_p95,0.9524389219241913,
32301,0.9512385316979706,340,F_main_roi_area,0.9515631906209802,
32302,0.9525134581802885,342,F_p95,0.9528494877129381,
32303,0.9515801777684063,341,F_main_roi_area,0.951899865832144,
32304,0.9528281163161163,343,F_p95,0.9530992282435791,
32305,0.9547428666938084,341,F_main_roi_area,0.9550442096598952,
32306,0.9559601571677123,343,F_main_roi_area,0.9562518028289455,
32307,0.9583445000762107,341,F_main_roi_area,0.9585946875406082,
32308,0.9593420473105431,343,F_main_roi_area,0.9595905086867395,
32309,0.9617562391812835,341,F_main_roi_area,0.9619616261759332,
32310,0.9626656845507012,343,F_main_roi_area,0.9628685442942545,
32311,0.9654017804301296,341,F_main_roi_area,0.9655602405164305,
32312,0.9662298066557247,343,F_main_roi_area,0.9664137154404312,
32313,0.9695186079963354,341,F_main_roi_area,0.9696498960858637,
32314,0.9702073552552294,343,F_main_roi_area,0.9703035645025345,
32315,0.9738353153543859,341,F_area_total,0.9739121103502031,
32316,0.9745331242666452,343,F_main_roi_area,0.9745791810484455,
32317,0.9785827601015422,341,F_area_total,0.9787111746353281,
32318,0.9791040351004809,343,F_area_total,0.9791777331161857,
32319,0.982782461206929,341,F_area_total,0.9829593762803743,
32320,0.9831671812468348,343,F_area_total,0.9833248999432378,
32321,0.9871750144184488,341,F_area_total,0.9874080181066094,
32322,0.9873717748044943,343,F_area_total,0.9875819272535193,
32323,0.9905076430375527,341,F_mean,0.9907712201480997,
32324,0.9906931737238553,343,F_area_total,0.9909505325448202,
32325,0.9928960002713808,341,F_mean,0.9932050584549994,
32326,0.992979590706871,343,F_area_total,0.9932542999593638,
32327,0.9942653547946394,341,F_mean,0.9945522552415385,
32328,0.9942671926902122,343,F_mean,0.9945642965847264,
32329,0.9949245441071737,341,F_area_total,0.9952646535695682,
32330,0.9949264173158514,343,F_area_total,0.9952669135135448,
32331,0.9950670428204818,341,F_area_total,0.9954056219838606,
32332,0.9949216824373266,343,F_area_total,0.9952768972735259,
32333,0.9946719231022917,341,F_mean,0.9950324798301383,
32334,0.9945387245948537,343,F_area_total,0.9949006652188256,
32335,0.9943149969933018,341,F_area_total,0.9947117060495182,
32336,0.9941480157607101,343,F_area_total,0.9945868556589957,
32337,0.9938074844815064,341,F_area_total,0.9942437801712455,
32338,0.9936541283078233,343,F_area_total,0.9941101071457062,
32339,0.9933613284066628,341,F_mean,0.9938113097622873,
32340,0.9932031728854691,343,F_mean,0.993670857450376,
32341,0.9929274423102032,341,F_area_total,0.9933886324800504,
32342,0.9928712501167367,343,F_area_total,0.9933745036277299,
32343,0.9925936891496202,341,F_mean,0.9931045841314885,
32344,0.9924582213886222,343,F_area_total,0.9929587276157171,
32345,0.9920889239795736,341,F_area_total,0.9925845088978285,
32346,0.9919373630090427,343,F_mean,0.9924721500450536,
32347,0.9916108504815844,341,F_mean,0.9921515795565731,
32348,0.9914039861170603,343,F_area_total,0.9919642250191034,
32349,0.9909360326209399,341,F_mean,0.9914922040542518,
32350,0.9906646034434606,343,F_area_total,0.9912331871858048,
32351,0.9902682144861323,341,F_mean,0.9908488415233279,
32352,0.9900390604889646,343,F_area_total,0.9906523539881165,
32353,0.9897045816223913,341,F_mean,0.9902891902539815,
32354,0.9894664369423327,343,F_area_total,0.9900808237015973,
32355,0.9889812597147513,341,F_mean,0.989614579834893,
32356,0.9887517106972988,343,F_mean,0.9893987766597447,
32357,0.9883036558959788,341,F_area_total,0.9889519679632157,
32358,0.9880969870821896,343,F_mean,0.9887650226765389,
32359,0.9875855915219359,341,F_area_total,0.9882588060745094,
32360,0.9873509426426336,343,F_area_total,0.9880442364655424,
32361,0.9867625389363007,341,F_area_total,0.9874643946152568,
32362,0.9864412288217033,343,F_mean,0.9871659729134042,
32363,0.9858124399826371,341,F_area_total,0.9865321966114352,
32364,0.9855528418856274,343,F_area_total,0.9862957067598521,
32365,0.9849465725390647,341,F_area_total,0.9856890613826208,
32366,0.984687605715409,343,F_area_total,0.985448062245546,
32367,0.984056947585202,341,F_area_total,0.9848242857660718,
32368,0.9837069459047771,343,F_area_total,0.9845066978886606,
32369,0.9828989041689553,341,F_mean,0.9836963163143267,
32370,0.982492754651684,343,F_area_total,0.9833098387215344,
32371,0.9818037111535662,341,F_area_total,0.9826152036152954,
32372,0.9814473696452928,343,F_area_total,0.9822580826192171,
32373,0.9805771782314097,341,F_area_total,0.9814035852522695,
32374,0.9802691123244041,343,F_area_total,0.981117079806725,
32375,0.9794731590747319,341,F_area_total,0.9803316114150621,
32376,0.9791698097728052,343,F_area_total,0.9800457219453784,
32377,0.978167384379424,341,F_mean,0.9790409881069033,
32378,0.9777002311300783,343,F_mean,0.9786206263826353,
32379,0.9768070161970228,341,F_area_total,0.9777362681995732,
32380,0.9762129277637781,343,F_area_total,0.9771610593971912,
32381,0.9750454724481478,341,F_area_total,0.9760251881739074,
32382,0.9746352644904647,343,F_area_total,0.9756380278901082,
32383,0.9736118035872023,341,F_area_total,0.9746125067920871,
32384,0.9730899417676673,343,F_area_total,0.9741283614459142,
32385,0.9718208070010894,341,F_area_total,0.9728959785467707,
32386,0.97126626492188,343,F_area_total,0.9723276006103524,
32387,0.9699672437839335,341,F_area_total,0.9710377207013862,
32388,0.9693472424915315,343,F_area_total,0.9704455404571632,
32389,0.9681245821233972,341,F_area_total,0.9692488149366995,
32390,0.9675398697958539,343,F_area_total,0.9686828562753388,
32391,0.9661546867157832,341,F_area_total,0.9673502578795963,
32392,0.9654426039986381,343,F_area_total,0.9666494210033383,
32393,0.9641006827221508,341,F_area_total,0.9653129368652964,
32394,0.9635181833266527,343,F_area_total,0.9647502685306342,
32395,0.9620650794670682,341,F_area_total,0.9633315151978316,
32396,0.9612910900298738,343,F_area_total,0.9625742109037659,
32397,0.9595617685538267,341,F_area_total,0.9608601607304914,
32398,0.9588061135068258,343,F_area_total,0.960124854400444,
32399,0.9571566718173308,341,F_mean,0.9584684577733882,
32400,0.956321257602654,343,F_area_total,0.9576460390821988,
32401,0.9543551754682564,341,F_area_total,0.9557077995229869,
32402,0.9534397866239229,343,F_area_total,0.9548277222314658,
32403,0.9515563466851609,341,F_mean,0.9529553461054736,
32404,0.9507923157267859,343,F_area_total,0.9522341637803685,
32405,0.9489308783888323,341,F_mean,0.9503634940342127,
32406,0.9480940789465808,343,F_area_total,0.9495628655162391,
32407,0.9460291934388114,341,F_mean,0.9475095292167585,
32408,0.9451649606815238,343,F_area_total,0.9466906121870466,
32409,0.9431765389048749,341,F_mean,0.9446930315874941,
32410,0.9420041762511975,343,F_area_total,0.9435413357001449,
32411,0.939760925201713,341,F_area_total,0.9412852425431496,
32412,0.9382740886688584,343,F_area_total,0.939844794209508,
32413,0.9359549502403992,341,F_mean,0.9375600604981669,
32414,0.9349752251863996,343,F_mean,0.9366188513793439,
32415,0.9325283363556731,341,F_mean,0.9341637061511445,
32416,0.9310349721911544,343,F_area_total,0.9327065207681922,
32417,0.9284877509463607,341,F_mean,0.9301749608985413,
32418,0.9267812173171384,343,F_area_total,0.9285000454012278,
32419,0.9241537202128446,341,F_mean,0.925876526409309,
32420,0.9222043645935587,343,F_area_total,0.9239755824182228,
32421,0.9196839017249459,341,F_mean,0.9214510164453695,
32422,0.9172322115472618,343,F_mean,0.9190575569844419,
32423,0.9146021184503501,341,F_area_total,0.916446207117077,
32424,0.912326125170341,343,F_area_total,0.9142055208426072,
32425,0.9094368350868451,341,F_mean,0.9113052124216482,
32426,0.9071148056269054,343,F_area_total,0.9090348453953974,
32427,0.9044277166125249,341,F_area_total,0.9063473692275107,
32428,0.9015356384387297,343,F_area_total,0.9035302926468854,
32429,0.8986564893496495,341,F_mean,0.9006294073372213,
32430,0.8954729558881789,343,F_area_total,0.897500107928283,
32431,0.8923021556784869,341,F_area_total,0.8943310285777537,
32432,0.8892258908252835,343,F_area_total,0.8912982547724521,
32433,0.8862968118892021,341,F_area_total,0.8883515517247332,
32434,0.8825383810860737,343,F_area_total,0.8846627582887466,
32435,0.879636414941734,341,F_mean,0.8817549979687798,
32436,0.8762348020692944,343,F_area_total,0.8783932791871089,
32437,0.8732554159419466,341,F_mean,0.8753985622299224,
32438,0.8692706882673639,343,F_area_total,0.8714994189487084,
32439,0.8659562329261576,341,F_area_total,0.868165054047371,
32440,0.862178815736103,343,F_area_total,0.8644300435538473,
32441,0.8589575892355737,341,F_area_total,0.8611904270331167,
32442,0.8557068346361465,343,F_area_total,0.8580060830113871,
32443,0.8526731401746631,341,F_mean,0.8549424802791981,
32444,0.8487876505622872,343,F_area_total,0.8511206564643072,
32445,0.8457060365516083,341,F_area_total,0.8480186060975609,
32446,0.8423266740057931,343,F_area_total,0.8446943591124748,
32447,0.8390043308261497,341,F_area_total,0.8413614763996423,
32448,0.836102198319594,343,F_area_total,0.8385180263421697,
32449,0.8329328487510375,341,F_area_total,0.8353089217584407,
32450,0.830173817813444,343,F_area_total,0.8326180918383462,
32451,0.8266106382995508,341,F_area_total,0.8290474441228234,
32452,0.8243475417662584,343,F_area_total,0.826808393904268,
32453,0.8212050284112435,341,F_area_total,0.823633578812978,
32454,0.8188623055521729,343,F_area_total,0.8213461040695859,
32455,0.815427214743506,341,F_mean,0.8178911904259446,
32456,0.8133490535204011,343,F_area_total,0.8158732670287967,
32457,0.8101558105331053,341,F_mean,0.8126626423112874,
32458,0.808951965658764,343,F_area_total,0.811488046875543,
32459,0.8059557660802126,341,F_mean,0.8084694156913927,
32460,0.8042994528526208,343,F_area_total,0.8068676541591839,
32461,0.8011521554407535,341,F_area_total,0.8037076232808437,
32462,0.8000784716524953,343,F_area_total,0.8026784580117061,
32463,0.7970171308588067,341,F_area_total,0.7995880993701446,
32464,0.7955343393649178,343,F_area_total,0.7981480188201165,
32465,0.792603826263649,341,F_area_total,0.795181565883419,
32466,0.7914816699452156,343,F_area_total,0.7940953863855158,
32467,0.788825590100841,341,F_mean,0.7914209591229139,
32468,0.7882858583403484,343,F_area_total,0.790927320007691,
32469,0.7861657598724037,341,F_mean,0.7887738254112273,
32470,0.7858044602086952,343,F_area_total,0.7884411122066737,
32471,0.7831546125063651,341,F_area_total,0.7857739379367003,
32472,0.7834130304509141,343,F_area_total,0.786071724293036,
32473,0.7815657707815304,341,F_area_total,0.7841931380287158,
32474,0.7828570464815386,343,F_area_total,0.785510888195517,
32475,0.781273351682045,341,F_area_total,0.783902357461965,
32476,0.7826203070499195,343,F_area_total,0.785265519114051,
32477,0.7815696344951303,341,F_area_total,0.7841775166444312,
32478,0.7828059529342335,343,F_area_total,0.785460270271662,
32479,0.7825518825070183,341,F_area_total,0.7851429272023488,
32480,0.783437811041835,343,F_area_total,0.7860359399333928,
32481,0.7831190168621269,341,F_area_total,0.7856889931948412,
32482,0.7833286188251989,343,F_area_total,0.7859632264239361,
32483,0.7836468852184195,341,F_area_total,0.7862267584765064,
32484,0.7842139273206984,343,F_area_total,0.7868259048645516,
32485,0.7848288703837835,341,F_area_total,0.7873822734417091,
32486,0.7855396009980892,343,F_area_total,0.7881201009181769,
32487,0.786976122508384,341,F_area_total,0.7894934625633265,
32488,0.7846506584497746,342,F_mean,0.7872398503263299,
32489,0.7862421155495598,340,F_area_total,0.7887860773262343,
32490,0.7838026856731637,341,F_area_total,0.7863843832054621,
32491,0.7863806375638692,339,F_mean,0.7889186002545058,
32492,0.7840342713952884,340,F_mean,0.7866407444946462,
32493,0.7866572677590875,338,F_area_total,0.7892326183240878,
32494,0.7841156944074295,339,F_area_total,0.7867460406044425,
32495,0.7879501494920422,337,F_area_total,0.7905256161709704,
32496,0.785623581507384,338,F_area_total,0.7882575199813205,
32497,0.7894009444126648,336,F_area_total,0.7919515962897129,
32498,0.7867788835646269,337,F_mean,0.7893868520351985,
32499,0.7904097806323758,335,F_mean,0.7929416155448692,
32500,0.7877087770588126,336,F_mean,0.7903028190244019,
32501,0.7924503789671389,334,F_mean,0.7949579697125421,
32502,0.7897480945558126,335,F_mean,0.7923441205522247,
32503,0.7945465253752373,333,F_mean,0.7970604332701983,
32504,0.7921164677817352,334,F_area_total,0.7946892934758052,
32505,0.7968063057758907,332,F_area_total,0.7992871143418266,
32506,0.7945453530541768,333,F_mean,0.7971229585526723,
32507,0.7993667617777981,331,F_mean,0.8018469179909722,
32508,0.7969403670548094,332,F_area_total,0.799561898384231,
32509,0.8017253057417568,330,F_area_total,0.8042343400615583,
32510,0.7992079795550263,331,F_mean,0.8018371325814537,
32511,0.804749023616439,329,F_mean,0.8072618826343098,
32512,0.802280652942668,330,F_area_total,0.8049569918675491,
32513,0.8076413000784217,328,F_area_total,0.8101849457421884,
32514,0.8050489422016422,329,F_area_total,0.80775442946184,
32515,0.8104598724636338,327,F_area_total,0.8130214598928047,
32516,0.8077479906469924,328,F_mean,0.8104813539788738,
32517,0.8139932328458424,326,F_area_total,0.8165619561026154,
32518,0.8114010089951088,327,F_mean,0.814118834356724,
32519,0.81834740003917,325,F_mean,0.820880460541883,
32520,0.8157966202976803,326,F_area_total,0.8184739180924012,
32521,0.8235428438089321,324,F_area_total,0.8260701319361473,
32522,0.8211071347787896,325,F_area_total,0.8238156161299508,
32523,0.8294124530072262,323,F_area_total,0.8319308596633431,
32524,0.8270359288712561,324,F_area_total,0.8297554125434278,
32525,0.8353091290778782,322,F_area_total,0.8377841959881955,
32526,0.8328837016373382,323,F_mean,0.8355544613692342,
32527,0.8416714784614048,321,F_mean,0.8441187391885401,
32528,0.8396075833895839,322,F_mean,0.8422443670102743,
32529,0.8487432548013478,320,F_mean,0.8511583469470345,
32530,0.84659660748099,321,F_mean,0.8491891762846285,
32531,0.854661802139982,319,F_mean,0.8570002448211151,
32532,0.8524960190038313,320,F_area_total,0.8550112582528878,
32533,0.8620782594712362,318,F_area_total,0.8642744115690406,
32534,0.8602777115496671,319,F_mean,0.8626703811371051,
32535,0.8715064842742408,317,F_mean,0.8734695421047795,
32536,0.8694134529609714,318,F_area_total,0.8715796066534834,
32537,0.8837082092378683,316,F_area_total,0.8853668005404934,
32538,0.8820772547700573,317,F_area_total,0.884007440702433,
32539,0.9016380921789202,315,F_main_roi_peak,0.9030339861539239,
32540,0.9005721668282067,316,F_mean,0.9018472829695332,
32541,0.9233837283732376,314,F_main_roi_peak,0.9247150541884255,
32542,0.9227339515428314,315,F_main_roi_peak,0.9240180306237037,
32543,0.9224209874785716,314,F_main_roi_peak,0.9235147226227892,
32544,0.9517964443471746,314,F_p99,0.9533526950462748,
32545,0.9501624284637606,313,F_main_roi_peak,0.9518672490389894,
32546,0.9502350877625372,314,F_p99,0.9518743115932926,
32547,0.9488075694172142,313,F_main_roi_peak,0.9505191101935055,
32548,0.9487684765501736,314,F_p99,0.950467891782801,
32549,0.9474159574871936,313,F_main_roi_peak,0.9491498332919891,
32550,0.9474297856733487,314,F_p99,0.9490977555078085,
32551,0.9458588616787296,313,F_main_roi_peak,0.947655635936485,
32552,0.9458271342613698,314,F_p99,0.9475509619886471,
32553,0.9440313280865443,313,F_main_roi_peak,0.9458133496272035,
32554,0.943968902646481,314,F_p99,0.9457200387665871,
32555,0.9420577233909455,313,F_p99,0.9439134995285569,
32556,0.9420652808540464,314,F_p99,0.9438680228871212,
32557,0.9403039091785741,313,F_main_roi_peak,0.9421873589927985,
32558,0.9404951983282557,314,F_p99,0.9422838264306709,
32559,0.9391086009338774,313,F_p99,0.9409476267712819,
32560,0.9390192724511954,314,F_p99,0.940868577888538,
32561,0.9371417068551073,313,F_main_roi_peak,0.9390929983001995,
32562,0.9373095026873364,314,F_p99,0.9391932595945108,
32563,0.9353489692254293,313,F_main_roi_peak,0.9372895843909181,
32564,0.9353899704624329,314,F_p99,0.9373189991012403,
32565,0.9333741887231561,313,F_main_roi_peak,0.9353396714510558,
32566,0.9334382169451176,314,F_p99,0.935348013122452,
32567,0.9312215024365713,313,F_p99,0.9331985640046743,
32568,0.9314410458369243,314,F_p99,0.9333883093268988,
32569,0.929474016573754,313,F_p99,0.9314565522289526,
32570,0.9296072704077378,314,F_p99,0.9315513714255269,
32571,0.9274398403397823,313,F_p99,0.9294465775261131,
32572,0.9277287589797916,314,F_p99,0.929699047784251,
32573,0.925603968705804,313,F_p99,0.9276040277051305,
32574,0.925803702215173,314,F_p99,0.9277670267508537,
32575,0.923802238477683,313,F_p99,0.9258558087256247,
32576,0.9241421009101584,314,F_p99,0.9261435125439391,
32577,0.9219220291951262,313,F_p99,0.9239695070905897,
32578,0.9222496947372005,314,F_p99,0.9242895909745278,
32579,0.9199923477381233,313,F_main_roi_peak,0.9220484096875596,
32580,0.9202434416672657,314,F_p99,0.9222659414074355,
32581,0.9178824548838677,313,F_p99,0.9199862022192167,
32582,0.9181856820087209,314,F_p99,0.9202734164279988,
32583,0.9158837853209021,313,F_p99,0.9179915043585537,
32584,0.9162875861107319,314,F_p99,0.9183295201547839,
32585,0.9136906340943335,313,F_main_roi_peak,0.9158377649666686,
32586,0.9139823013415511,314,F_p99,0.9161725260930218,
32587,0.9117411527478488,313,F_p99,0.9139369006776465,
32588,0.912193157911035,314,F_p99,0.9143448055196745,
32589,0.9097491558439479,313,F_main_roi_peak,0.9119064386694217,
32590,0.9101194456491914,314,F_p99,0.9122309695436669,
32591,0.9077428521782559,313,F_p99,0.9099054336483591,
32592,0.9078981049597301,314,F_p99,0.9100488022955973,
32593,0.9056393557220539,313,F_p99,0.9078260387597565,
32594,0.9063973154195764,314,F_p99,0.9085528105208012,
32595,0.9038330970634111,313,F_p99,0.9060102424534171,
32596,0.904310220124405,314,F_p99,0.906457191051421,
32597,0.9015460417295417,313,F_main_roi_peak,0.9037320906280516,
32598,0.9020415655125935,314,F_p99,0.9041935241981282,
32599,0.8989502132680389,313,F_main_roi_peak,0.9011763506025189,
32600,0.8996853682962487,314,F_p99,0.9018919668492956,
32601,0.8971366047250962,313,F_main_roi_peak,0.8993922440811482,
32602,0.8974735059523373,314,F_p99,0.8997008169744748,
32603,0.8948796796828563,313,F_main_roi_peak,0.8971253060437129,
32604,0.8954661298874307,314,F_p99,0.8976551710207034,
32605,0.8924294389446077,313,F_main_roi_peak,0.8946737585743113,
32606,0.8929103639132652,314,F_p99,0.8951109760201292,
32607,0.8897021344032823,313,F_main_roi_peak,0.8920059912532672,
32608,0.8901606778748608,314,F_p99,0.8924315597181198,
32609,0.8870955293016531,313,F_main_roi_peak,0.8894002470477449,
32610,0.8877909874982518,314,F_p99,0.8900213294902144,
32611,0.884311226182511,313,F_main_roi_peak,0.8866279839382629,
32612,0.8851157916517,314,F_p99,0.887334917005833,
32613,0.8823927516418755,313,F_main_roi_peak,0.8846905483703552,
32614,0.8829996619909731,314,F_p99,0.8852182902170744,
32615,0.8794037610529353,313,F_main_roi_peak,0.881739595272024,
32616,0.8798039850041914,314,F_p99,0.8820934101199355,
32617,0.8768048415734598,313,F_main_roi_peak,0.8791887206349424,
32618,0.8773197854353035,314,F_p99,0.8795540956308752,
32619,0.8738145522074365,313,F_main_roi_peak,0.8761998591794673,
32620,0.8741687769288928,314,F_p99,0.8764458302126636,
32621,0.8704813063877903,313,F_main_roi_peak,0.8728602834884419,
32622,0.8711585632441011,314,F_p99,0.873430243080002,
32623,0.8676279219319292,313,F_main_roi_peak,0.8700115264473695,
32624,0.8684811371322969,314,F_p99,0.8707064557946133,
32625,0.8647765151205251,313,F_main_roi_peak,0.8671351883686091,
32626,0.8651951474120962,314,F_p99,0.8674008000559077,
32627,0.8614730701516593,313,F_main_roi_peak,0.8638636211333652,
32628,0.8619616995711314,314,F_main_roi_peak,0.8642172707461099,
32629,0.8579659454046643,313,F_main_roi_peak,0.860371782028812,
32630,0.8584032770919423,314,F_main_roi_peak,0.8606316462373097,
32631,0.8539452882214668,313,F_main_roi_peak,0.8563458046699932,
32632,0.8544334627285226,314,F_main_roi_peak,0.8566593936895202,
32633,0.8505898870400468,313,F_main_roi_peak,0.8530193484482018,
32634,0.8509994158320197,314,F_main_roi_peak,0.8533027561319321,
32635,0.8463264352593959,313,F_main_roi_peak,0.848771834125632,
32636,0.8467023568121033,314,F_main_roi_peak,0.8489964802279217,
32637,0.8417329178469006,313,F_main_roi_peak,0.8442020469271639,
32638,0.8422622275404976,314,F_main_roi_peak,0.8445054359852691,
32639,0.8369353623542335,313,F_main_roi_peak,0.8394172756084771,
32640,0.8371608526693091,314,F_main_roi_peak,0.8395043772825643,
32641,0.8311710780908272,313,F_main_roi_peak,0.8337107170626648,
32642,0.8318903425042697,314,F_main_roi_peak,0.8342215846282891,
32643,0.8261362938420429,313,F_main_roi_peak,0.8286978608619051,
32644,0.826535875557051,314,F_main_roi_peak,0.8289238373544027,
32645,0.8202740047037398,313,F_main_roi_peak,0.8228585517117941,
32646,0.8208676738520497,314,F_main_roi_peak,0.8232963435490616,
32647,0.8144441528403381,313,F_main_roi_peak,0.8171052545732422,
32648,0.8149744765253517,314,F_main_roi_peak,0.8174144989957469,
32649,0.8078083203058524,313,F_main_roi_peak,0.8104816590035201,
32650,0.8083233190517958,314,F_main_roi_peak,0.810832366708118,
32651,0.8015114813805997,313,F_main_roi_peak,0.8042867303125603,
32652,0.8019322793449388,314,F_main_roi_peak,0.8045034830081917,
32653,0.7940772444715919,313,F_main_roi_peak,0.7968820849392201,
32654,0.794511502240961,314,F_main_roi_peak,0.7971700124385268,
32655,0.7872875715109843,313,F_main_roi_peak,0.7901785786999496,
32656,0.7880910312264582,314,F_main_roi_peak,0.7907292880072119,
32657,0.7795527305689169,313,F_main_roi_peak,0.7824692227866121,
32658,0.7797381929179688,314,F_main_roi_peak,0.7824546736076703,
32659,0.7723867617824243,313,F_main_roi_peak,0.7753483877559272,
32660,0.7726465520669674,314,F_main_roi_peak,0.7754231129536001,
32661,0.7658045611464639,313,F_main_roi_peak,0.7688223985751783,
32662,0.7664781787050273,314,F_main_roi_peak,0.7693091202445286,
32663,0.7592099505615617,313,F_main_roi_peak,0.7622705367824635,
32664,0.7596024016891908,314,F_main_roi_peak,0.7624127539282725,
32665,0.7527965208919583,313,F_main_roi_peak,0.7558782827482992,
32666,0.7534805920137715,314,F_main_roi_peak,0.756346640710717,
32667,0.7474236141142547,313,F_main_roi_peak,0.7505189008577643,
32668,0.7478813991316711,314,F_main_roi_peak,0.7507178855511923,
32669,0.7424073038610882,313,F_main_roi_peak,0.7454181349038622,
32670,0.7424216065601683,314,F_main_roi_peak,0.7452044425068902,
32671,0.737661753730757,313,F_main_roi_peak,0.7406862508886739,
32672,0.7380680653503402,314,F_main_roi_peak,0.7408640282575645,
32673,0.7332356188591906,313,F_main_roi_peak,0.7362534203374393,
32674,0.7331360047132567,314,F_main_roi_peak,0.735964723052213,
32675,0.7291973591502718,313,F_main_roi_peak,0.7322262836845354,
32676,0.7293991199933574,314,F_main_roi_peak,0.7322066954468537,
32677,0.7262180414354067,313,F_main_roi_peak,0.729208013504742,
32678,0.7261949205821367,314,F_main_roi_peak,0.7289085572714915,
32679,0.7229701129352886,313,F_main_roi_peak,0.7258625554264967,
32680,0.7229710794804355,314,F_main_roi_peak,0.7256772947647413,
32681,0.7194857400788319,313,F_main_roi_peak,0.7223825577662455,
32682,0.7192158997416152,314,F_main_roi_peak,0.7218520091341806,
32683,0.7162676842011331,313,F_main_roi_peak,0.7191078874873187,
32684,0.7160891756505157,314,F_main_roi_peak,0.7187272531461208,
32685,0.7135189785895847,313,F_main_roi_peak,0.7163083748987208,
32686,0.7135643822714028,314,F_main_roi_peak,0.7160687733416642,
32687,0.7120295248378734,313,F_main_roi_peak,0.7146829654332063,
32688,0.7124094357154667,314,F_main_roi_peak,0.7148694553701193,
32689,0.7114923807050689,313,F_main_roi_peak,0.7140925200421702,
32690,0.7115294279008548,314,F_main_roi_peak,0.7138860158525835,
32691,0.7111622657974608,313,F_main_roi_peak,0.71366570017007,
32692,0.7114485834126172,314,F_main_roi_peak,0.7137318349691454,
32693,0.7130136954687136,313,F_main_roi_peak,0.7153698756712192,
32694,0.7129851935113005,314,F_main_roi_peak,0.7151153346917524,
32695,0.7147394879565113,313,F_main_roi_peak,0.7170566600336935,
32696,0.7152255405864739,314,F_main_roi_peak,0.7173859295802771,
32697,0.7172824304719497,313,F_main_roi_peak,0.7195607225916923,
32698,0.7176350543778922,314,F_main_roi_peak,0.7197149745320124,
32699,0.7188098542276624,313,F_main_roi_peak,0.7210094400024538,
32700,0.71907750564892,314,F_main_roi_peak,0.7210668656264009,
32701,0.7194243705339525,313,F_main_roi_peak,0.7215843265548474,
32702,0.7196205060357609,314,F_main_roi_peak,0.7215752443157226,
32703,0.7204886224548543,313,F_main_roi_peak,0.7226304411402048,
32704,0.7209588180834927,314,F_main_roi_peak,0.7228539974764511,
32705,0.7220679651183397,313,F_main_roi_peak,0.7240861531736954,
32706,0.723040376106906,314,F_main_roi_peak,0.7249228254246195,
32707,0.7242881983785354,312,F_main_roi_peak,0.726258914932865,
32708,0.7247399559759842,313,F_main_roi_peak,0.7264751658357304,
32709,0.7258511696583403,311,F_main_roi_peak,0.7277550279857576,
32710,0.7270501181228741,312,F_main_roi_peak,0.72877055870268,
32711,0.7281499615220541,310,F_main_roi_peak,0.7300471429283548,
32712,0.7282825933869002,311,F_main_roi_peak,0.7300030862082684,
32713,0.7292917966985146,309,F_main_roi_peak,0.7312016765085564,
32714,0.7305000648879059,310,F_main_roi_peak,0.7322108815544,
32715,0.7312427208560015,308,F_main_roi_peak,0.7330814608996388,
32716,0.7315692793114789,309,F_main_roi_peak,0.7332290620752084,
32717,0.732358267700423,307,F_main_roi_peak,0.7342281441219194,
32718,0.7324912532250925,308,F_main_roi_peak,0.7341702174189969,
32719,0.7328963295176099,306,F_main_roi_peak,0.7347969430510726,
32720,0.7327667236465586,307,F_main_roi_peak,0.7345161022098087,
32721,0.7333531486061413,305,F_main_roi_peak,0.7353687140889617,
32722,0.7335746156680203,306,F_main_roi_peak,0.7354370774233924,
32723,0.7340207460754558,304,F_main_roi_peak,0.736118451330002,
32724,0.7341719601823167,305,F_main_roi_peak,0.7360789263712266,
32725,0.734493978171207,303,F_main_roi_peak,0.736656709083106,
32726,0.7339127681770832,304,F_main_roi_peak,0.7358935029735235,
32727,0.7344221500855959,302,F_main_roi_peak,0.7366043877143885,
