btn_idx,btn_dt,HA_ref,T,RH_ref,dew_ref,HA_pred,HA_pred_std,pred_points,pred_dt_first,pred_dt_last,time_err_center_s,residual
28,2026-05-26 15:20:11,13.089142737657559,29.8,43.6,16.11,10.856866666666667,0.19311953081175545,15,2026-05-26 15:20:11.000,2026-05-26 15:20:11.990,-0.495,2.232276070990892
29,2026-05-26 15:20:13,13.179205646402908,29.8,43.9,16.22,11.040450625,0.22434763156024945,32,2026-05-26 15:20:12.060,2026-05-26 15:20:13.980,-0.02,2.1387550214029076
30,2026-05-26 15:20:15,13.029100798493992,29.8,43.4,16.04,10.962964137931033,0.19507219234202292,29,2026-05-26 15:20:14.040,2026-05-26 15:20:15.960,0.0,2.066136660562959
31,2026-05-26 15:20:17,12.99907982891221,29.8,43.3,16.01,10.954340344827585,0.21031464446128523,29,2026-05-26 15:20:16.020,2026-05-26 15:20:17.960,0.01,2.0447394840846247
32,2026-05-26 15:20:19,12.84897498100329,29.8,42.8,15.82,10.936934137931035,0.2592623400357973,29,2026-05-26 15:20:18.020,2026-05-26 15:20:20.000,-0.01,1.9120408430722549
33,2026-05-26 15:20:21,12.878995950585074,29.8,42.9,15.86,10.894904285714286,0.25358219864541165,28,2026-05-26 15:20:20.060,2026-05-26 15:20:21.960,-0.01,1.9840916648707871
34,2026-05-26 15:20:23,12.7196466241328,29.7,42.6,15.66,10.9145346875,0.27146429631554253,32,2026-05-26 15:20:22.020,2026-05-26 15:20:23.980,0.0,1.8051119366328
35,2026-05-26 15:20:25,12.7196466241328,29.7,42.6,15.66,10.962138333333334,0.25750834375612597,30,2026-05-26 15:20:24.040,2026-05-26 15:20:25.960,0.0,1.757508290799466
36,2026-05-26 15:20:27,12.7196466241328,29.7,42.6,15.66,10.854102926829269,0.22850147064344978,41,2026-05-26 15:20:26.020,2026-05-26 15:20:27.970,0.005,1.865543697303531
37,2026-05-26 15:20:29,12.9585132274029,29.7,43.4,15.95,10.87729,0.24663184652239734,43,2026-05-26 15:20:28.010,2026-05-26 15:20:29.990,0.0,2.0812232274028997
38,2026-05-26 15:20:31,12.779363274950326,29.7,42.8,15.73,10.964504999999999,0.2845035009473207,40,2026-05-26 15:20:30.030,2026-05-26 15:20:31.990,-0.01,1.8148582749503266
39,2026-05-26 15:20:33,12.868938251176614,29.7,43.1,15.84,10.85264487804878,0.17342725339637302,41,2026-05-26 15:20:32.030,2026-05-26 15:20:33.970,0.0,2.0162933731278336
40,2026-05-26 15:20:35,12.868938251176614,29.7,43.1,15.84,10.832533181818182,0.25239466979936187,44,2026-05-26 15:20:34.010,2026-05-26 15:20:35.990,0.0,2.036405069358432
41,2026-05-26 15:20:37,12.809221600359088,29.7,42.9,15.77,10.89585023255814,0.3257865669165598,43,2026-05-26 15:20:36.030,2026-05-26 15:20:37.970,0.0,1.9133713678009485
42,2026-05-26 15:20:39,12.779363274950326,29.7,42.8,15.73,10.815099761904762,0.3090648806183731,42,2026-05-26 15:20:38.010,2026-05-26 15:20:39.970,0.01,1.9642635130455641
43,2026-05-26 15:20:41,12.779363274950326,29.7,42.8,15.73,10.857499333333333,0.267418358717368,45,2026-05-26 15:20:40.010,2026-05-26 15:20:41.990,0.0,1.9218639416169925
44,2026-05-26 15:20:43,12.472504928565632,29.6,42.0,15.35,10.864656341463416,0.47703654690576947,41,2026-05-26 15:20:42.050,2026-05-26 15:20:43.970,-0.01,1.6078485871022163
45,2026-05-26 15:20:45,12.779363274950326,29.7,42.8,15.73,10.855202142857143,0.2703850118477013,42,2026-05-26 15:20:44.010,2026-05-26 15:20:45.970,0.01,1.9241611320931824
46,2026-05-26 15:20:47,12.739772891320609,29.6,42.9,15.68,10.88414024390244,0.29574963031665663,41,2026-05-26 15:20:46.030,2026-05-26 15:20:47.990,-0.01,1.8556326474181688
47,2026-05-26 15:20:49,12.591290689790066,29.6,42.4,15.5,10.790041860465116,0.3212480058730458,43,2026-05-26 15:20:48.030,2026-05-26 15:20:49.970,0.0,1.8012488293249493
48,2026-05-26 15:20:51,12.561594249483958,29.6,42.3,15.46,10.82129818181818,0.2894769518983131,44,2026-05-26 15:20:50.010,2026-05-26 15:20:51.990,0.0,1.7402960676657777
49,2026-05-26 15:20:53,12.472504928565632,29.6,42.0,15.35,10.805653902439024,0.2731416264493383,41,2026-05-26 15:20:52.030,2026-05-26 15:20:53.950,0.01,1.6668510261266078
50,2026-05-26 15:20:55,12.413112047953415,29.6,41.8,15.28,10.950351842105263,0.3892951514256787,38,2026-05-26 15:20:54.030,2026-05-26 15:20:55.970,0.0,1.4627602058481521
51,2026-05-26 15:20:57,12.739772891320609,29.6,42.9,15.68,10.78154,0.3019000647652517,39,2026-05-26 15:20:56.010,2026-05-26 15:20:57.950,0.02,1.958232891320609
52,2026-05-26 15:20:59,12.561594249483958,29.6,42.3,15.46,10.823911111111112,0.29501095380450953,45,2026-05-26 15:20:58.010,2026-05-26 15:20:59.950,0.02,1.7376831383728462
53,2026-05-26 15:21:01,12.710076451014501,29.6,42.8,15.64,10.693192558139534,0.21155187369141334,43,2026-05-26 15:21:00.010,2026-05-26 15:21:01.990,0.0,2.016883892874967
54,2026-05-26 15:21:03,12.561594249483958,29.6,42.3,15.46,10.812542380952381,0.2689470972443166,42,2026-05-26 15:21:02.030,2026-05-26 15:21:03.950,0.01,1.749051868531577
55,2026-05-26 15:21:05,12.710076451014501,29.6,42.8,15.64,10.795390952380952,0.324383091570186,42,2026-05-26 15:21:04.010,2026-05-26 15:21:05.970,0.01,1.914685498633549
56,2026-05-26 15:21:07,12.502201368871741,29.6,42.1,15.39,10.90799046511628,0.30930687156126446,43,2026-05-26 15:21:06.010,2026-05-26 15:21:07.990,0.0,1.594210903755462
57,2026-05-26 15:21:09,12.591290689790066,29.6,42.4,15.5,10.827094615384615,0.3753512224068922,39,2026-05-26 15:21:08.050,2026-05-26 15:21:09.990,-0.02,1.7641960744054508
58,2026-05-26 15:21:11,12.650683570402284,29.6,42.6,15.57,10.905210227272727,0.3025822645434238,44,2026-05-26 15:21:10.030,2026-05-26 15:21:11.990,-0.01,1.7454733431295573
59,2026-05-26 15:21:13,12.561594249483958,29.6,42.3,15.46,10.768700232558139,0.23543327613540443,43,2026-05-26 15:21:12.030,2026-05-26 15:21:13.990,-0.01,1.7928940169258194
60,2026-05-26 15:21:15,12.710076451014501,29.6,42.8,15.64,10.830649090909091,0.2881609905398749,44,2026-05-26 15:21:14.030,2026-05-26 15:21:15.990,-0.01,1.8794273601054101
61,2026-05-26 15:21:17,12.79916577193283,29.6,43.1,15.75,10.806993409090909,0.20737906790316835,44,2026-05-26 15:21:16.030,2026-05-26 15:21:17.990,-0.01,1.9921723628419201
62,2026-05-26 15:21:19,12.413112047953415,29.6,41.8,15.28,10.88539357142857,0.3060811474965219,42,2026-05-26 15:21:18.030,2026-05-26 15:21:19.990,-0.01,1.5277184765248446
63,2026-05-26 15:21:21,12.710076451014501,29.6,42.8,15.64,10.906872272727272,0.3181438981200077,44,2026-05-26 15:21:20.030,2026-05-26 15:21:21.970,0.0,1.8032041782872295
64,2026-05-26 15:21:23,12.561594249483958,29.6,42.3,15.46,10.816716279069768,0.25968105499616295,43,2026-05-26 15:21:22.010,2026-05-26 15:21:23.990,0.0,1.7448779704141906
65,2026-05-26 15:21:25,12.591290689790066,29.6,42.4,15.5,10.76862976744186,0.3202653953140407,43,2026-05-26 15:21:24.030,2026-05-26 15:21:25.990,-0.01,1.8226609223482058
66,2026-05-26 15:21:27,12.888255092851153,29.6,43.4,15.86,10.80530891304348,0.32135516307059014,46,2026-05-26 15:21:26.030,2026-05-26 15:21:27.970,0.0,2.0829461798076743
67,2026-05-26 15:21:29,12.591290689790066,29.6,42.4,15.5,10.773606666666666,0.2834568922332732,45,2026-05-26 15:21:28.010,2026-05-26 15:21:29.990,0.0,1.8176840231234
68,2026-05-26 15:21:31,12.472504928565632,29.6,42.0,15.35,10.727618444444445,0.2449409264863261,45,2026-05-26 15:21:30.030,2026-05-26 15:21:31.990,-0.01,1.7448864841211869
69,2026-05-26 15:21:33,12.413112047953415,29.6,41.8,15.28,10.764338205128205,0.28533711568738995,39,2026-05-26 15:21:32.030,2026-05-26 15:21:33.990,-0.01,1.6487738428252108
70,2026-05-26 15:21:35,12.650683570402284,29.6,42.6,15.57,10.697379772727272,0.245173607266254,44,2026-05-26 15:21:34.030,2026-05-26 15:21:35.990,-0.01,1.9533037976750123
71,2026-05-26 15:21:37,12.591290689790066,29.6,42.4,15.5,10.74533409090909,0.28382884458786856,44,2026-05-26 15:21:36.030,2026-05-26 15:21:37.970,0.0,1.845956598880976
72,2026-05-26 15:21:39,12.710076451014501,29.6,42.8,15.64,10.789585238095238,0.2562362700115933,42,2026-05-26 15:21:38.010,2026-05-26 15:21:39.970,0.01,1.9204912129192628
73,2026-05-26 15:21:41,12.650683570402284,29.6,42.6,15.57,10.692698333333333,0.29149811784454216,42,2026-05-26 15:21:40.010,2026-05-26 15:21:41.990,0.0,1.957985237068952
74,2026-05-26 15:21:43,12.561594249483958,29.6,42.3,15.46,10.759604736842105,0.343957164395682,38,2026-05-26 15:21:42.050,2026-05-26 15:21:43.970,-0.01,1.8019895126418533
75,2026-05-26 15:21:45,12.591290689790066,29.6,42.4,15.5,10.737491395348837,0.2654752321115348,43,2026-05-26 15:21:44.010,2026-05-26 15:21:45.970,0.01,1.8537992944412292
76,2026-05-26 15:21:47,12.472504928565632,29.6,42.0,15.35,10.743190930232558,0.30454999325948506,43,2026-05-26 15:21:46.030,2026-05-26 15:21:47.990,-0.01,1.7293139983330743
77,2026-05-26 15:21:49,12.472504928565632,29.6,42.0,15.35,10.84962075,0.407083981604423,40,2026-05-26 15:21:48.050,2026-05-26 15:21:49.970,-0.01,1.6228841785656325
78,2026-05-26 15:21:51,12.650683570402284,29.6,42.6,15.57,10.696649512195123,0.3523389464844269,41,2026-05-26 15:21:50.010,2026-05-26 15:21:51.970,0.01,1.9540340582071618
79,2026-05-26 15:21:53,12.345760144678469,29.5,41.8,15.19,10.703851333333334,0.2687356881905951,45,2026-05-26 15:21:52.010,2026-05-26 15:21:53.990,0.0,1.6419088113451341
80,2026-05-26 15:21:55,12.650683570402284,29.6,42.6,15.57,10.777126744186047,0.31381465683790183,43,2026-05-26 15:21:54.030,2026-05-26 15:21:55.990,-0.01,1.8735568262162374
81,2026-05-26 15:21:57,12.413112047953415,29.6,41.8,15.28,10.762422666666666,0.25512163598423554,45,2026-05-26 15:21:56.030,2026-05-26 15:21:57.990,-0.01,1.6506893812867496
82,2026-05-26 15:21:59,12.591290689790066,29.6,42.4,15.5,10.705609545454546,0.23381105569931981,44,2026-05-26 15:21:58.030,2026-05-26 15:21:59.990,-0.01,1.8856811443355195
83,2026-05-26 15:22:01,12.582042635485713,29.5,42.6,15.48,10.737598409090909,0.2881923937551794,44,2026-05-26 15:22:00.030,2026-05-26 15:22:01.990,-0.01,1.8444442263948044
84,2026-05-26 15:22:03,12.404830767380279,29.5,42.0,15.26,10.753415714285714,0.3237853508575787,42,2026-05-26 15:22:02.030,2026-05-26 15:22:03.950,0.01,1.6514150530945653
85,2026-05-26 15:22:05,12.404830767380279,29.5,42.0,15.26,10.871028444444445,0.2725932622721291,45,2026-05-26 15:22:04.010,2026-05-26 15:22:05.970,0.01,1.5338023229358342
86,2026-05-26 15:22:07,12.582042635485713,29.5,42.6,15.48,10.691610952380952,0.26277549678626033,42,2026-05-26 15:22:06.010,2026-05-26 15:22:07.990,0.0,1.8904316831047616
87,2026-05-26 15:22:09,12.345760144678469,29.5,41.8,15.19,10.785969714285715,0.3051181753554989,35,2026-05-26 15:22:08.040,2026-05-26 15:22:09.970,-0.005,1.559790430392754
88,2026-05-26 15:22:11,12.493436701432994,29.5,42.3,15.37,10.69938789473684,0.26699630985564027,38,2026-05-26 15:22:10.010,2026-05-26 15:22:11.990,0.0,1.7940488066961535
89,2026-05-26 15:22:13,12.257154210625753,29.5,41.5,15.07,10.819507368421052,0.33768336080692624,38,2026-05-26 15:22:12.050,2026-05-26 15:22:13.970,-0.01,1.4376468422047015
90,2026-05-26 15:22:15,12.670648569538429,29.5,42.9,15.59,10.78609575,0.3085421213723689,40,2026-05-26 15:22:14.010,2026-05-26 15:22:15.990,0.0,1.8845528195384293
91,2026-05-26 15:22:17,12.493436701432994,29.5,42.3,15.37,10.77960842105263,0.27195179048645896,38,2026-05-26 15:22:16.030,2026-05-26 15:22:17.950,0.01,1.7138282803803637
92,2026-05-26 15:22:19,12.19808358792394,29.5,41.3,15.0,10.763516341463415,0.23926818506391637,41,2026-05-26 15:22:18.010,2026-05-26 15:22:19.990,0.0,1.4345672464605244
93,2026-05-26 15:22:21,12.257154210625753,29.5,41.5,15.07,10.721324749999999,0.21485178520334428,40,2026-05-26 15:22:20.030,2026-05-26 15:22:21.990,-0.01,1.535829460625754
94,2026-05-26 15:22:23,12.257154210625753,29.5,41.5,15.07,10.759136136363637,0.22600111967427827,44,2026-05-26 15:22:22.030,2026-05-26 15:22:23.970,0.0,1.4980180742621165
95,2026-05-26 15:22:25,12.404830767380279,29.5,42.0,15.26,10.80137,0.24685593505761794,42,2026-05-26 15:22:24.010,2026-05-26 15:22:25.970,0.01,1.6034607673802785
96,2026-05-26 15:22:27,12.434366078731186,29.5,42.1,15.3,10.890244047619047,0.2624350709763071,42,2026-05-26 15:22:26.010,2026-05-26 15:22:27.990,0.0,1.5441220311121384
97,2026-05-26 15:22:29,12.5229720127839,29.5,42.4,15.41,10.78194025,0.21574583989794394,40,2026-05-26 15:22:28.030,2026-05-26 15:22:29.970,0.0,1.7410317627838996
98,2026-05-26 15:22:31,12.582042635485713,29.5,42.6,15.48,10.72025880952381,0.28774282569261866,42,2026-05-26 15:22:30.030,2026-05-26 15:22:31.970,0.0,1.8617838259619042
99,2026-05-26 15:22:33,12.286689521976658,29.5,41.6,15.11,10.677242325581396,0.2923482593694845,43,2026-05-26 15:22:32.030,2026-05-26 15:22:33.970,0.0,1.6094471963952621
100,2026-05-26 15:22:35,12.257154210625753,29.5,41.5,15.07,10.737646666666667,0.22821013361804252,39,2026-05-26 15:22:34.010,2026-05-26 15:22:35.970,0.01,1.5195075439590866
101,2026-05-26 15:22:37,12.5229720127839,29.5,42.4,15.41,10.675881136363635,0.26830781931949194,44,2026-05-26 15:22:36.010,2026-05-26 15:22:37.990,0.0,1.847090876420264
102,2026-05-26 15:22:39,12.5229720127839,29.5,42.4,15.41,10.678918636363635,0.2687786064437013,44,2026-05-26 15:22:38.030,2026-05-26 15:22:39.970,0.0,1.8440533764202645
103,2026-05-26 15:22:41,12.434366078731186,29.5,42.1,15.3,10.578455952380953,0.26065814835283657,42,2026-05-26 15:22:40.010,2026-05-26 15:22:41.950,0.02,1.8559101263502331
104,2026-05-26 15:22:43,12.434366078731186,29.5,42.1,15.3,10.649965121951219,0.23386254955766153,41,2026-05-26 15:22:42.010,2026-05-26 15:22:43.970,0.01,1.784400956779967
105,2026-05-26 15:22:45,12.404830767380279,29.5,42.0,15.26,10.620869130434782,0.2818456489785073,46,2026-05-26 15:22:44.010,2026-05-26 15:22:45.990,0.0,1.783961636945497
106,2026-05-26 15:22:47,12.493436701432994,29.5,42.3,15.37,10.667389285714286,0.2330957448669684,42,2026-05-26 15:22:46.030,2026-05-26 15:22:47.970,0.0,1.8260474157187083
107,2026-05-26 15:22:49,12.345760144678469,29.5,41.8,15.19,10.54428488372093,0.24321266580203785,43,2026-05-26 15:22:48.010,2026-05-26 15:22:49.990,0.0,1.8014752609575382
108,2026-05-26 15:22:51,12.345760144678469,29.5,41.8,15.19,10.566006818181817,0.21751606408223423,44,2026-05-26 15:22:50.030,2026-05-26 15:22:51.990,-0.01,1.7797533264966514
109,2026-05-26 15:22:53,12.493436701432994,29.5,42.3,15.37,10.603500952380951,0.2660094268438661,42,2026-05-26 15:22:52.030,2026-05-26 15:22:53.990,-0.01,1.889935749052043
110,2026-05-26 15:22:55,12.278723092833044,29.4,41.8,15.1,10.57086219512195,0.18553917405109108,41,2026-05-26 15:22:54.050,2026-05-26 15:22:55.970,-0.01,1.7078608977110932
111,2026-05-26 15:22:57,12.219973221575472,29.4,41.6,15.02,10.591187555555555,0.22254812076324682,45,2026-05-26 15:22:56.010,2026-05-26 15:22:57.990,0.0,1.6287856660199171
112,2026-05-26 15:22:59,12.139012965222133,29.5,41.1,14.92,10.63153090909091,0.24958935177624159,44,2026-05-26 15:22:58.030,2026-05-26 15:22:59.950,0.01,1.5074820561312219
113,2026-05-26 15:23:01,12.278723092833044,29.4,41.8,15.1,10.61018909090909,0.2761082747664456,44,2026-05-26 15:23:00.010,2026-05-26 15:23:01.990,0.0,1.6685340019239536
114,2026-05-26 15:23:03,12.45497270660577,29.4,42.4,15.32,10.533686097560976,0.2375932980839112,41,2026-05-26 15:23:02.030,2026-05-26 15:23:03.990,-0.01,1.9212866090447935
115,2026-05-26 15:23:05,12.190598285946685,29.4,41.5,14.98,10.60054,0.24933661244786487,44,2026-05-26 15:23:04.050,2026-05-26 15:23:05.990,-0.02,1.590058285946684
116,2026-05-26 15:23:07,12.45497270660577,29.4,42.4,15.32,10.625169302325581,0.31727944333629193,43,2026-05-26 15:23:06.030,2026-05-26 15:23:07.970,0.0,1.829803404280188
117,2026-05-26 15:23:09,12.278723092833044,29.4,41.8,15.1,10.646058571428572,0.29911188603704975,42,2026-05-26 15:23:08.010,2026-05-26 15:23:09.970,0.01,1.6326645214044717
118,2026-05-26 15:23:11,12.36684789971941,29.4,42.1,15.21,10.583450909090908,0.18516844372798152,44,2026-05-26 15:23:10.010,2026-05-26 15:23:11.970,0.01,1.7833969906285017
119,2026-05-26 15:23:13,12.073098543431536,29.4,41.1,14.83,10.537413488372094,0.2228666637666878,43,2026-05-26 15:23:12.010,2026-05-26 15:23:13.970,0.01,1.5356850550594423
120,2026-05-26 15:23:15,12.278723092833044,29.4,41.8,15.1,10.572052045454546,0.2506268457064051,44,2026-05-26 15:23:14.010,2026-05-26 15:23:15.970,0.01,1.7066710473784976
121,2026-05-26 15:23:17,12.219973221575472,29.4,41.6,15.02,10.615969302325581,0.2593957262690435,43,2026-05-26 15:23:16.010,2026-05-26 15:23:17.970,0.01,1.604003919249891
122,2026-05-26 15:23:19,12.219973221575472,29.4,41.6,15.02,10.642635,0.283172108298633,42,2026-05-26 15:23:18.010,2026-05-26 15:23:19.990,0.0,1.5773382215754719
123,2026-05-26 15:23:21,12.219973221575472,29.4,41.6,15.02,10.606283658536585,0.23261628973221227,41,2026-05-26 15:23:20.050,2026-05-26 15:23:21.950,0.0,1.6136895630388874
124,2026-05-26 15:23:23,12.13184841468911,29.4,41.3,14.91,10.585363555555556,0.22119079355898316,45,2026-05-26 15:23:22.010,2026-05-26 15:23:23.990,0.0,1.5464848591335532
125,2026-05-26 15:23:25,12.190598285946685,29.4,41.5,14.98,10.665298780487804,0.2727834926658423,41,2026-05-26 15:23:24.030,2026-05-26 15:23:25.970,0.0,1.5252995054588805
126,2026-05-26 15:23:27,12.13184841468911,29.4,41.3,14.91,10.615081842105264,0.21959503144892698,38,2026-05-26 15:23:26.010,2026-05-26 15:23:27.970,0.01,1.5167665725838457
127,2026-05-26 15:23:29,12.043723607802747,29.4,41.0,14.8,10.65354205128205,0.2783864194848166,39,2026-05-26 15:23:28.010,2026-05-26 15:23:29.990,0.0,1.3901815565206963
128,2026-05-26 15:23:31,12.190598285946685,29.4,41.5,14.98,10.617518857142857,0.27840794131434315,35,2026-05-26 15:23:30.030,2026-05-26 15:23:31.990,-0.01,1.573079428803828
129,2026-05-26 15:23:33,12.219973221575472,29.4,41.6,15.02,10.581210476190476,0.25213575755690043,42,2026-05-26 15:23:32.050,2026-05-26 15:23:33.990,-0.02,1.6387627453849962
130,2026-05-26 15:23:35,12.219973221575472,29.4,41.6,15.02,10.575542380952381,0.2438248743769276,42,2026-05-26 15:23:34.030,2026-05-26 15:23:35.970,0.0,1.644430840623091
131,2026-05-26 15:23:37,12.190598285946685,29.4,41.5,14.98,10.54630511627907,0.2259452905479988,43,2026-05-26 15:23:36.010,2026-05-26 15:23:37.970,0.01,1.6442931696676144
132,2026-05-26 15:23:39,12.278723092833044,29.4,41.8,15.1,10.644370789473683,0.30457260806882563,38,2026-05-26 15:23:38.030,2026-05-26 15:23:39.950,0.01,1.6343523033593605
133,2026-05-26 15:23:41,12.337472964090619,29.4,42.0,15.17,10.553473421052631,0.35482579670438147,38,2026-05-26 15:23:40.010,2026-05-26 15:23:41.990,0.0,1.7839995430379876
134,2026-05-26 15:23:43,12.36684789971941,29.4,42.1,15.21,10.56654825,0.23741264453275965,40,2026-05-26 15:23:42.030,2026-05-26 15:23:43.950,0.01,1.8002996497194097
135,2026-05-26 15:23:45,12.190598285946685,29.4,41.5,14.98,10.559594418604652,0.2403014890299494,43,2026-05-26 15:23:44.010,2026-05-26 15:23:45.970,0.01,1.6310038673420326
136,2026-05-26 15:23:47,12.219973221575472,29.4,41.6,15.02,10.592423095238095,0.24930243129813523,42,2026-05-26 15:23:46.030,2026-05-26 15:23:47.990,-0.01,1.6275501263373773
137,2026-05-26 15:23:49,12.190598285946685,29.4,41.5,14.98,10.48687575,0.25034391016838675,40,2026-05-26 15:23:48.050,2026-05-26 15:23:49.970,-0.01,1.7037225359466852
138,2026-05-26 15:23:51,12.073098543431536,29.4,41.1,14.83,10.458706153846155,0.2126263184508818,39,2026-05-26 15:23:50.030,2026-05-26 15:23:51.950,0.01,1.6143923895853813
139,2026-05-26 15:23:53,12.043723607802747,29.4,41.0,14.8,10.459476046511629,0.23930555988346905,43,2026-05-26 15:23:52.010,2026-05-26 15:23:53.950,0.02,1.584247561291118
140,2026-05-26 15:23:55,12.219973221575472,29.4,41.6,15.02,10.496195581395348,0.23093447134159156,43,2026-05-26 15:23:54.010,2026-05-26 15:23:55.970,0.01,1.7237776401801241
141,2026-05-26 15:23:57,12.219973221575472,29.4,41.6,15.02,10.49295568181818,0.2198368968375244,44,2026-05-26 15:23:56.010,2026-05-26 15:23:57.970,0.01,1.7270175397572913
142,2026-05-26 15:23:59,12.219973221575472,29.4,41.6,15.02,10.495176829268294,0.23335619491925855,41,2026-05-26 15:23:58.010,2026-05-26 15:23:59.970,0.01,1.7247963923071783
143,2026-05-26 15:24:01,12.073098543431536,29.4,41.1,14.83,10.533822558139535,0.3372294273939378,43,2026-05-26 15:24:00.010,2026-05-26 15:24:01.970,0.01,1.5392759852920008
144,2026-05-26 15:24:03,12.190598285946685,29.4,41.5,14.98,10.49272534883721,0.24329901794909595,43,2026-05-26 15:24:02.030,2026-05-26 15:24:03.990,-0.01,1.6978729371094747
145,2026-05-26 15:24:05,12.13184841468911,29.4,41.3,14.91,10.527162368421052,0.26909737488484425,38,2026-05-26 15:24:04.030,2026-05-26 15:24:05.950,0.01,1.604686046268057
146,2026-05-26 15:24:07,12.13184841468911,29.4,41.3,14.91,10.48394225,0.2834352932485834,40,2026-05-26 15:24:06.020,2026-05-26 15:24:07.970,0.005,1.6479061646891093
147,2026-05-26 15:24:09,12.219973221575472,29.4,41.6,15.02,10.481884761904762,0.21043576097878994,42,2026-05-26 15:24:08.010,2026-05-26 15:24:09.990,0.0,1.7380884596707098
148,2026-05-26 15:24:11,11.779349187143666,29.4,40.1,14.45,10.481671136363637,0.2407539744337675,44,2026-05-26 15:24:10.030,2026-05-26 15:24:11.990,-0.01,1.2976780507800285
149,2026-05-26 15:24:13,12.13184841468911,29.4,41.3,14.91,10.503846136363636,0.25014535324455184,44,2026-05-26 15:24:12.030,2026-05-26 15:24:13.990,-0.01,1.6280022783254733
150,2026-05-26 15:24:15,12.13184841468911,29.4,41.3,14.91,10.57631046511628,0.2089257326916216,43,2026-05-26 15:24:14.030,2026-05-26 15:24:15.970,0.0,1.5555379495728303
151,2026-05-26 15:24:17,12.13184841468911,29.4,41.3,14.91,10.545096976744185,0.2566707354396259,43,2026-05-26 15:24:16.010,2026-05-26 15:24:17.970,0.01,1.5867514379449243
152,2026-05-26 15:24:19,12.219973221575472,29.4,41.6,15.02,10.541921428571428,0.20127293002012225,42,2026-05-26 15:24:18.010,2026-05-26 15:24:19.970,0.01,1.6780517930040446
153,2026-05-26 15:24:21,12.190598285946685,29.4,41.5,14.98,10.53012292682927,0.2630416244270465,41,2026-05-26 15:24:20.030,2026-05-26 15:24:21.990,-0.01,1.6604753591174148
154,2026-05-26 15:24:23,11.896848929658812,29.4,40.5,14.61,10.482540714285713,0.1991390245641354,42,2026-05-26 15:24:22.030,2026-05-26 15:24:23.970,0.0,1.414308215373099
155,2026-05-26 15:24:25,12.190598285946685,29.4,41.5,14.98,10.51193,0.27626278074396915,42,2026-05-26 15:24:24.010,2026-05-26 15:24:25.990,0.0,1.678668285946685
156,2026-05-26 15:24:27,12.073098543431536,29.4,41.1,14.83,10.530607333333334,0.1986575411515093,45,2026-05-26 15:24:26.030,2026-05-26 15:24:27.970,0.0,1.542491210098202
157,2026-05-26 15:24:29,12.13184841468911,29.4,41.3,14.91,10.45868976744186,0.2770172913073808,43,2026-05-26 15:24:28.010,2026-05-26 15:24:29.990,0.0,1.6731586472472486
158,2026-05-26 15:24:31,12.043723607802747,29.4,41.0,14.8,10.52962243902439,0.2675090101452705,41,2026-05-26 15:24:30.030,2026-05-26 15:24:31.950,0.01,1.5141011687783568
159,2026-05-26 15:24:33,12.043723607802747,29.4,41.0,14.8,10.545025581395349,0.22840482606133,43,2026-05-26 15:24:32.010,2026-05-26 15:24:33.970,0.01,1.4986980264073981
160,2026-05-26 15:24:35,12.073098543431536,29.4,41.1,14.83,10.468642,0.23457311445829973,40,2026-05-26 15:24:34.010,2026-05-26 15:24:35.950,0.02,1.604456543431537
161,2026-05-26 15:24:37,11.779349187143666,29.4,40.1,14.45,10.467275116279069,0.272122710847358,43,2026-05-26 15:24:36.010,2026-05-26 15:24:37.990,0.0,1.3120740708645968
162,2026-05-26 15:24:39,12.190598285946685,29.4,41.5,14.98,10.49393906976744,0.2647662050961543,43,2026-05-26 15:24:38.050,2026-05-26 15:24:39.990,-0.02,1.6966592161792438
163,2026-05-26 15:24:41,12.190598285946685,29.4,41.5,14.98,10.58548375,0.21684871430523517,40,2026-05-26 15:24:40.030,2026-05-26 15:24:41.970,0.0,1.6051145359466847
164,2026-05-26 15:24:43,12.043723607802747,29.4,41.0,14.8,10.487671944444445,0.26650782810073015,36,2026-05-26 15:24:42.010,2026-05-26 15:24:43.940,0.025,1.5560516633583017
165,2026-05-26 15:24:45,12.219973221575472,29.4,41.6,15.02,10.598372333333334,0.26892625500738826,30,2026-05-26 15:24:44.010,2026-05-26 15:24:46.000,-0.005,1.6216008882421384
166,2026-05-26 15:24:47,12.13184841468911,29.4,41.3,14.91,10.536498965517241,0.2509244012410457,29,2026-05-26 15:24:46.070,2026-05-26 15:24:47.980,-0.025,1.5953494491718683
167,2026-05-26 15:24:49,12.190598285946685,29.4,41.5,14.98,10.545456896551723,0.2354133157889311,29,2026-05-26 15:24:48.050,2026-05-26 15:24:49.970,-0.01,1.6451413893949614
168,2026-05-26 15:24:51,12.219973221575472,29.4,41.6,15.02,10.54190142857143,0.2035792669483237,28,2026-05-26 15:24:50.040,2026-05-26 15:24:51.950,0.005,1.678071793004042
169,2026-05-26 15:24:53,12.13184841468911,29.4,41.3,14.91,10.569880344827585,0.23949668350645523,29,2026-05-26 15:24:52.020,2026-05-26 15:24:53.960,0.01,1.5619680698615248
170,2026-05-26 15:24:55,12.278723092833044,29.4,41.8,15.1,10.494436551724139,0.2303933501222246,29,2026-05-26 15:24:54.030,2026-05-26 15:24:55.980,-0.005,1.784286541108905
171,2026-05-26 15:24:57,11.984973736545173,29.4,40.8,14.72,10.571319333333333,0.34044529638992377,30,2026-05-26 15:24:56.040,2026-05-26 15:24:57.990,-0.015,1.41365440321184
172,2026-05-26 15:24:59,11.838099058401237,29.4,40.3,14.53,10.513249333333334,0.2895937864395021,30,2026-05-26 15:24:58.050,2026-05-26 15:24:59.980,-0.015,1.324849725067903
173,2026-05-26 15:25:01,11.984973736545173,29.4,40.8,14.72,10.527671666666667,0.3245084711511404,30,2026-05-26 15:25:00.050,2026-05-26 15:25:02.000,-0.025,1.4573020698785069
174,2026-05-26 15:25:03,11.9262238652876,29.4,40.6,14.64,10.631515333333335,0.2231014850370729,30,2026-05-26 15:25:02.060,2026-05-26 15:25:04.000,-0.03,1.2947085319542655
175,2026-05-26 15:25:05,11.9262238652876,29.4,40.6,14.64,10.581484999999999,0.2326810337061269,30,2026-05-26 15:25:04.060,2026-05-26 15:25:05.990,-0.025,1.3447388652876011
176,2026-05-26 15:25:07,11.9262238652876,29.4,40.6,14.64,10.671559310344827,0.2096496713555914,29,2026-05-26 15:25:06.050,2026-05-26 15:25:07.940,0.005,1.2546645549427726
177,2026-05-26 15:25:09,12.073098543431536,29.4,41.1,14.83,10.899943548387098,0.3540454862918832,31,2026-05-26 15:25:08.010,2026-05-26 15:25:09.980,0.005,1.1731549950444382
178,2026-05-26 15:25:11,11.896848929658812,29.4,40.5,14.61,11.186179333333333,0.27057093295134405,30,2026-05-26 15:25:10.050,2026-05-26 15:25:11.960,-0.005,0.710669596325479
179,2026-05-26 15:25:13,11.896848929658812,29.4,40.5,14.61,11.467359677419356,0.25502599094319534,31,2026-05-26 15:25:12.020,2026-05-26 15:25:13.990,-0.005,0.4294892522394562
180,2026-05-26 15:25:15,12.219973221575472,29.4,41.6,15.02,11.557217333333334,0.2696313293590972,30,2026-05-26 15:25:14.060,2026-05-26 15:25:15.990,-0.025,0.6627558882421383
181,2026-05-26 15:25:17,12.073098543431536,29.4,41.1,14.83,11.831124333333332,0.20135618332530375,30,2026-05-26 15:25:16.050,2026-05-26 15:25:17.960,-0.005,0.24197421009820452
182,2026-05-26 15:25:19,12.190598285946685,29.4,41.5,14.98,11.904198333333333,0.24243853358344641,30,2026-05-26 15:25:18.020,2026-05-26 15:25:19.950,0.015,0.28639995261335116
183,2026-05-26 15:25:21,11.896848929658812,29.4,40.5,14.61,11.974020645161291,0.25130284074446163,31,2026-05-26 15:25:20.010,2026-05-26 15:25:21.990,0.0,-0.07717171550247848
184,2026-05-26 15:25:23,12.190598285946685,29.4,41.5,14.98,12.126888000000001,0.2984055689759533,30,2026-05-26 15:25:22.050,2026-05-26 15:25:23.960,-0.005,0.0637102859466836
185,2026-05-26 15:25:25,12.337472964090619,29.4,42.0,15.17,12.203440344827586,0.23904250897341547,29,2026-05-26 15:25:24.030,2026-05-26 15:25:25.960,0.005,0.13403261926303323
186,2026-05-26 15:25:27,12.513722577863343,29.4,42.6,15.39,12.269563571428572,0.24558486194470938,28,2026-05-26 15:25:26.020,2026-05-26 15:25:27.960,0.01,0.24415900643477073
187,2026-05-26 15:25:29,12.513722577863343,29.4,42.6,15.39,12.44892551724138,0.32768006122682486,29,2026-05-26 15:25:28.030,2026-05-26 15:25:29.960,0.005,0.064797060621963
188,2026-05-26 15:25:31,12.572472449120918,29.4,42.8,15.46,12.604676206896553,0.2140875660534029,29,2026-05-26 15:25:30.020,2026-05-26 15:25:31.990,-0.005,-0.03220375777563511
189,2026-05-26 15:25:33,12.95434661229515,29.4,44.1,15.93,12.568070344827586,0.29210674562420225,29,2026-05-26 15:25:32.050,2026-05-26 15:25:33.990,-0.02,0.38627626746756505
190,2026-05-26 15:25:35,12.66059725600728,29.4,43.1,15.57,12.720218928571429,0.24336535321046426,28,2026-05-26 15:25:34.050,2026-05-26 15:25:35.960,-0.005,-0.0596216725641483
191,2026-05-26 15:25:37,12.748722062893641,29.4,43.4,15.68,12.727793214285715,0.30101130133888665,28,2026-05-26 15:25:36.020,2026-05-26 15:25:37.960,0.01,0.020928848607926653
192,2026-05-26 15:25:39,12.983721547923938,29.4,44.2,15.97,12.918582592592593,0.18471626548663123,27,2026-05-26 15:25:38.020,2026-05-26 15:25:39.970,0.005,0.06513895533134573
193,2026-05-26 15:25:41,12.895596741037576,29.4,43.9,15.86,13.1110476,0.25181558340182203,25,2026-05-26 15:25:40.030,2026-05-26 15:25:42.000,-0.015,-0.21545085896242355
194,2026-05-26 15:25:43,13.48309545361332,29.4,45.9,16.56,12.9274640625,0.3185557659779562,32,2026-05-26 15:25:42.100,2026-05-26 15:25:43.990,-0.045,0.5556313911133195
195,2026-05-26 15:25:45,13.176104915499863,29.3,45.1,16.19,13.012008604651164,0.23892538073614425,43,2026-05-26 15:25:44.030,2026-05-26 15:25:45.960,0.005,0.16409631084869858
196,2026-05-26 15:25:47,13.248095968583025,29.4,45.1,16.28,13.059936363636364,0.25149688049376917,44,2026-05-26 15:25:46.010,2026-05-26 15:25:47.990,0.0,0.1881596049466605
197,2026-05-26 15:25:49,13.263750846201635,29.3,45.4,16.3,13.15048534883721,0.20955352544271524,43,2026-05-26 15:25:48.030,2026-05-26 15:25:49.950,0.01,0.11326549736442537
198,2026-05-26 15:25:51,13.555903948540877,29.3,46.4,16.64,13.238281162790697,0.20627112447328352,43,2026-05-26 15:25:50.010,2026-05-26 15:25:51.990,0.0,0.31762278575017966
199,2026-05-26 15:25:53,13.49747332807303,29.3,46.2,16.57,13.268997727272728,0.20900978667265144,44,2026-05-26 15:25:52.030,2026-05-26 15:25:53.990,-0.01,0.2284756008003015
200,2026-05-26 15:25:55,13.818841740646194,29.3,47.3,16.94,13.27792511627907,0.22624219635447257,43,2026-05-26 15:25:54.030,2026-05-26 15:25:55.970,0.0,0.5409166243671244
201,2026-05-26 15:25:57,13.731195809944422,29.3,47.0,16.84,13.374169069767444,0.17489316021385867,43,2026-05-26 15:25:56.010,2026-05-26 15:25:57.990,0.0,0.35702674017697866
202,2026-05-26 15:25:59,13.877272361114045,29.3,47.5,17.01,13.463792558139534,0.2680280876814169,43,2026-05-26 15:25:58.040,2026-05-26 15:25:59.990,-0.015,0.4134798029745106
203,2026-05-26 15:26:01,13.935702981581894,29.3,47.7,17.07,13.563267906976744,0.24796122091740125,43,2026-05-26 15:26:00.050,2026-05-26 15:26:01.990,-0.02,0.3724350746051499
204,2026-05-26 15:26:03,13.877272361114045,29.3,47.5,17.01,13.683869705882353,0.2459741965092999,34,2026-05-26 15:26:02.030,2026-05-26 15:26:04.000,-0.015,0.19340265523169187
205,2026-05-26 15:26:05,13.964918291815817,29.3,47.8,17.11,13.716833428571428,0.2644892969472756,35,2026-05-26 15:26:04.070,2026-05-26 15:26:05.980,-0.025,0.2480848632443884
206,2026-05-26 15:26:07,14.023348912283664,29.3,48.0,17.17,13.67242857142857,0.280098949846704,42,2026-05-26 15:26:06.040,2026-05-26 15:26:07.990,-0.015,0.3509203408550938
207,2026-05-26 15:26:09,14.198640773687213,29.3,48.6,17.37,13.830359999999999,0.20485422087154773,46,2026-05-26 15:26:08.030,2026-05-26 15:26:09.990,-0.01,0.36828077368721424
208,2026-05-26 15:26:11,14.169425463453287,29.3,48.5,17.34,13.867645319148936,0.2251118924567058,47,2026-05-26 15:26:10.030,2026-05-26 15:26:11.990,-0.01,0.30178014430435063
209,2026-05-26 15:26:13,14.286286704388985,29.3,48.9,17.47,13.998321818181818,0.296525060859192,44,2026-05-26 15:26:12.040,2026-05-26 15:26:13.970,-0.005,0.28796488620716687
210,2026-05-26 15:26:15,14.432363255558608,29.3,49.4,17.63,13.980444651162792,0.2502866497433622,43,2026-05-26 15:26:14.020,2026-05-26 15:26:15.990,-0.005,0.4519186043958161
211,2026-05-26 15:26:17,14.636870427196078,29.3,50.1,17.85,14.020074545454547,0.2229402772717869,44,2026-05-26 15:26:16.040,2026-05-26 15:26:17.990,-0.015,0.6167958817415311
212,2026-05-26 15:26:19,14.66608573743,29.3,50.2,17.88,14.046261333333334,0.2509186450425715,45,2026-05-26 15:26:18.030,2026-05-26 15:26:19.990,-0.01,0.6198244040966667
213,2026-05-26 15:26:21,14.753731668131776,29.3,50.5,17.98,14.13473288888889,0.2331941323878045,45,2026-05-26 15:26:20.030,2026-05-26 15:26:21.970,0.0,0.6189987792428866
214,2026-05-26 15:26:23,14.870592909067472,29.3,50.9,18.1,14.248655581395349,0.29755852548222145,43,2026-05-26 15:26:22.010,2026-05-26 15:26:23.990,0.0,0.6219373276721232
215,2026-05-26 15:26:25,14.812162288599623,29.3,50.7,18.04,14.286288666666666,0.24421217612224783,45,2026-05-26 15:26:24.030,2026-05-26 15:26:25.990,-0.01,0.5258736219329574
216,2026-05-26 15:26:27,14.812162288599623,29.3,50.7,18.04,14.26066311111111,0.2736035896463603,45,2026-05-26 15:26:26.040,2026-05-26 15:26:27.970,-0.005,0.5514991774885125
217,2026-05-26 15:26:29,14.958238839769246,29.3,51.2,18.2,14.290957446808509,0.27174515531434557,47,2026-05-26 15:26:28.010,2026-05-26 15:26:30.000,-0.005,0.6672813929607369
218,2026-05-26 15:26:31,14.987454150003169,29.3,51.3,18.23,14.375345555555555,0.2830699766324701,45,2026-05-26 15:26:30.060,2026-05-26 15:26:31.990,-0.025,0.6121085944476139
219,2026-05-26 15:26:33,15.045884770471018,29.3,51.5,18.29,14.436874186046511,0.27750888826805914,43,2026-05-26 15:26:32.030,2026-05-26 15:26:34.000,-0.015,0.6090105844245066
220,2026-05-26 15:26:35,15.19196132164064,29.3,52.0,18.44,14.470063829787232,0.22217214283125414,47,2026-05-26 15:26:34.040,2026-05-26 15:26:35.960,0.0,0.721897491853408
221,2026-05-26 15:26:37,15.133530701172791,29.3,51.8,18.38,14.571100238095239,0.2892457366718974,42,2026-05-26 15:26:36.010,2026-05-26 15:26:37.990,0.0,0.5624304630775523
222,2026-05-26 15:26:39,15.221176631874563,29.3,52.1,18.48,14.602530444444445,0.29344640758930857,45,2026-05-26 15:26:38.040,2026-05-26 15:26:40.000,-0.02,0.6186461874301177
223,2026-05-26 15:26:41,15.425683803512033,29.3,52.8,18.69,14.656016,0.28624334571864785,40,2026-05-26 15:26:40.060,2026-05-26 15:26:41.960,-0.01,0.7696678035120339
224,2026-05-26 15:26:43,15.542545044447731,29.3,53.2,18.81,14.597081249999999,0.2788378146024019,40,2026-05-26 15:26:42.020,2026-05-26 15:26:44.000,-0.01,0.9454637944477327
225,2026-05-26 15:26:45,15.425683803512033,29.3,52.8,18.69,14.821163513513515,0.28657925713119553,37,2026-05-26 15:26:44.060,2026-05-26 15:26:45.960,-0.01,0.6045202899985185
226,2026-05-26 15:26:47,15.454899113745956,29.3,52.9,18.72,14.785495897435895,0.26818487634189087,39,2026-05-26 15:26:46.020,2026-05-26 15:26:47.980,0.0,0.6694032163100605
227,2026-05-26 15:26:49,15.425683803512033,29.3,52.8,18.69,14.927045263157893,0.267915652567127,38,2026-05-26 15:26:48.040,2026-05-26 15:26:49.990,-0.015,0.4986385403541398
228,2026-05-26 15:26:51,15.542545044447731,29.3,53.2,18.81,14.967160270270272,0.306106608902542,37,2026-05-26 15:26:50.040,2026-05-26 15:26:51.970,-0.005,0.5753847741774596
229,2026-05-26 15:26:53,15.659406285383428,29.3,53.6,18.93,14.858503617021277,0.3017947331305312,47,2026-05-26 15:26:52.010,2026-05-26 15:26:53.970,0.01,0.8009026683621503
230,2026-05-26 15:26:55,15.659406285383428,29.3,53.6,18.93,14.983991818181819,0.3698838461065457,44,2026-05-26 15:26:54.010,2026-05-26 15:26:55.960,0.015,0.6754144672016089
231,2026-05-26 15:26:57,15.863913457020896,29.3,54.3,19.14,14.909503260869565,0.28244544962448054,46,2026-05-26 15:26:56.020,2026-05-26 15:26:57.990,-0.005,0.9544101961513309
232,2026-05-26 15:26:59,15.776267526319124,29.3,54.0,19.05,14.939054090909092,0.281293374721028,44,2026-05-26 15:26:58.030,2026-05-26 15:27:00.000,-0.015,0.8372134354100318
233,2026-05-26 15:27:01,15.776267526319124,29.3,54.0,19.05,15.0683725,0.2924313719600042,40,2026-05-26 15:27:00.040,2026-05-26 15:27:01.960,0.0,0.7078950263191235
234,2026-05-26 15:27:03,16.009990008190517,29.3,54.8,19.28,15.143430000000002,0.30363602172902443,36,2026-05-26 15:27:02.020,2026-05-26 15:27:03.960,0.01,0.8665600081905147
235,2026-05-26 15:27:05,16.009990008190517,29.3,54.8,19.28,15.18542717948718,0.3028166172519938,39,2026-05-26 15:27:04.020,2026-05-26 15:27:05.980,0.0,0.8245628287033373
236,2026-05-26 15:27:07,15.980774697956596,29.3,54.7,19.25,15.148610476190475,0.31445976809599513,42,2026-05-26 15:27:06.010,2026-05-26 15:27:07.970,0.01,0.8321642217661207
237,2026-05-26 15:27:09,15.980774697956596,29.3,54.7,19.25,15.178827272727272,0.2663074265560406,44,2026-05-26 15:27:08.020,2026-05-26 15:27:09.980,0.0,0.8019474252293239
238,2026-05-26 15:27:11,16.009990008190517,29.3,54.8,19.28,15.269728043478262,0.3562625643951664,46,2026-05-26 15:27:10.020,2026-05-26 15:27:12.000,-0.01,0.7402619647122552
239,2026-05-26 15:27:13,16.156066559360138,29.3,55.3,19.43,15.18693152173913,0.27066431040819544,46,2026-05-26 15:27:12.030,2026-05-26 15:27:13.970,0.0,0.9691350376210082
240,2026-05-26 15:27:15,16.156066559360138,29.3,55.3,19.43,15.328465000000001,0.2717481426247472,36,2026-05-26 15:27:14.020,2026-05-26 15:27:15.990,-0.005,0.8276015593601365
241,2026-05-26 15:27:17,16.185281869594064,29.3,55.4,19.46,15.506201666666666,0.2686791950741891,36,2026-05-26 15:27:16.070,2026-05-26 15:27:17.980,-0.025,0.6790802029273983
242,2026-05-26 15:27:19,16.331358420763685,29.3,55.9,19.6,15.457449772727273,0.288267359754703,44,2026-05-26 15:27:18.020,2026-05-26 15:27:20.000,-0.01,0.8739086480364122
243,2026-05-26 15:27:21,16.389789041231534,29.3,56.1,19.66,15.415030227272728,0.2580405170500983,44,2026-05-26 15:27:20.040,2026-05-26 15:27:22.000,-0.02,0.9747588139588057
244,2026-05-26 15:27:23,16.41900435146546,29.3,56.2,19.69,15.53420525,0.25195703566371913,40,2026-05-26 15:27:22.040,2026-05-26 15:27:24.000,-0.02,0.884799101465461
245,2026-05-26 15:27:25,16.389789041231534,29.3,56.1,19.66,15.563238604651161,0.2668114401736374,43,2026-05-26 15:27:24.040,2026-05-26 15:27:26.000,-0.02,0.8265504365803729
246,2026-05-26 15:27:27,16.477434971933306,29.3,56.4,19.75,15.497133863636362,0.24317319929798625,44,2026-05-26 15:27:26.040,2026-05-26 15:27:27.980,-0.01,0.9803011082969437
247,2026-05-26 15:27:29,16.711157453804702,29.3,57.2,19.97,15.526232325581395,0.23625563767359717,43,2026-05-26 15:27:28.020,2026-05-26 15:27:29.980,0.0,1.1849251282233073
248,2026-05-26 15:27:31,16.623511523102927,29.3,56.9,19.89,15.575132325581395,0.2567850020545933,43,2026-05-26 15:27:30.020,2026-05-26 15:27:31.980,0.0,1.0483791975215322
249,2026-05-26 15:27:33,16.711157453804702,29.3,57.2,19.97,15.607918444444444,0.24153194240058196,45,2026-05-26 15:27:32.020,2026-05-26 15:27:33.980,0.0,1.1032390093602586
250,2026-05-26 15:27:35,16.652726833336853,29.3,57.0,19.92,15.653141590909092,0.22374328737695634,44,2026-05-26 15:27:34.010,2026-05-26 15:27:35.980,0.005,0.9995852424277611
251,2026-05-26 15:27:37,16.711157453804702,29.3,57.2,19.97,15.672774444444444,0.2151620667454225,45,2026-05-26 15:27:36.020,2026-05-26 15:27:37.980,0.0,1.038383009360258
252,2026-05-26 15:27:39,16.88644931520825,29.3,57.8,20.14,15.767970476190477,0.2919365149325918,42,2026-05-26 15:27:38.010,2026-05-26 15:27:40.000,-0.005,1.1184788390177722
253,2026-05-26 15:27:41,16.915664625442172,29.3,57.9,20.17,15.726327380952382,0.25189761860491444,42,2026-05-26 15:27:40.060,2026-05-26 15:27:41.980,-0.02,1.1893372444897903
254,2026-05-26 15:27:43,16.8280186947404,29.3,57.6,20.09,15.785203260869567,0.2796988133058236,46,2026-05-26 15:27:42.020,2026-05-26 15:27:44.000,-0.01,1.0428154338708335
255,2026-05-26 15:27:45,16.88644931520825,29.3,57.8,20.14,15.72633488372093,0.33628719378199934,43,2026-05-26 15:27:44.060,2026-05-26 15:27:46.000,-0.03,1.1601144314873189
256,2026-05-26 15:27:47,17.38310958918496,29.3,59.5,20.61,15.791649512195121,0.24854796614487948,41,2026-05-26 15:27:46.040,2026-05-26 15:27:47.980,-0.01,1.59146007698984
257,2026-05-26 15:27:49,16.974095245910018,29.3,58.1,20.23,15.942108095238094,0.27010179061576833,42,2026-05-26 15:27:48.040,2026-05-26 15:27:50.000,-0.02,1.0319871506719238
258,2026-05-26 15:27:51,16.915664625442172,29.3,57.9,20.17,15.91769023255814,0.2795199964095628,43,2026-05-26 15:27:50.040,2026-05-26 15:27:51.980,-0.01,0.9979743928840321
259,2026-05-26 15:27:53,16.974095245910018,29.3,58.1,20.23,15.97168375,0.3400485987415461,40,2026-05-26 15:27:52.020,2026-05-26 15:27:53.980,0.0,1.0024114959100174
260,2026-05-26 15:27:55,17.207817727781418,29.3,58.9,20.45,15.995989777777776,0.2787330977467425,45,2026-05-26 15:27:54.020,2026-05-26 15:27:56.000,-0.01,1.2118279500036415
261,2026-05-26 15:27:57,17.120171797079642,29.3,58.6,20.37,15.97407463414634,0.23924936147352166,41,2026-05-26 15:27:56.040,2026-05-26 15:27:58.000,-0.02,1.1460971629333017
262,2026-05-26 15:27:59,17.23703303801534,29.3,59.0,20.48,16.10737756097561,0.2766057192537828,41,2026-05-26 15:27:58.060,2026-05-26 15:27:59.980,-0.02,1.12965547703973
263,2026-05-26 15:28:01,17.23703303801534,29.3,59.0,20.48,16.00444288888889,0.2907386384368281,45,2026-05-26 15:28:00.020,2026-05-26 15:28:01.980,0.0,1.2325901491264517
264,2026-05-26 15:28:03,17.38310958918496,29.3,59.5,20.61,16.10989214285714,0.2983312820857141,42,2026-05-26 15:28:02.020,2026-05-26 15:28:03.980,0.0,1.2732174463278199
265,2026-05-26 15:28:05,17.38310958918496,29.3,59.5,20.61,16.173557209302324,0.27794531795477195,43,2026-05-26 15:28:04.040,2026-05-26 15:28:06.000,-0.02,1.2095523798826378
266,2026-05-26 15:28:07,17.38310958918496,29.3,59.5,20.61,16.19162488372093,0.26817806934565336,43,2026-05-26 15:28:06.060,2026-05-26 15:28:08.000,-0.03,1.1914847054640312
267,2026-05-26 15:28:09,17.14938710731357,29.3,58.7,20.39,16.287869069767442,0.31337633252182345,43,2026-05-26 15:28:08.040,2026-05-26 15:28:09.980,-0.01,0.8615180375461264
268,2026-05-26 15:28:11,17.55840145058851,29.3,60.1,20.78,16.216757659574466,0.2488751841194497,47,2026-05-26 15:28:10.020,2026-05-26 15:28:12.000,-0.01,1.341643791014043
269,2026-05-26 15:28:13,17.55840145058851,29.3,60.1,20.78,16.322666585365855,0.21146022359547656,41,2026-05-26 15:28:12.040,2026-05-26 15:28:13.960,0.0,1.2357348652226534
270,2026-05-26 15:28:15,17.616832071056354,29.3,60.3,20.83,16.339933863636364,0.22318496534151394,44,2026-05-26 15:28:14.020,2026-05-26 15:28:15.980,0.0,1.2768982074199897
271,2026-05-26 15:28:17,17.470755519886733,29.3,59.8,20.69,16.403946363636365,0.28128140314267364,44,2026-05-26 15:28:16.020,2026-05-26 15:28:18.000,-0.01,1.0668091562503683
272,2026-05-26 15:28:19,17.70447800175813,29.3,60.6,20.91,16.350931136363638,0.2613137606200183,44,2026-05-26 15:28:18.040,2026-05-26 15:28:20.000,-0.02,1.3535468653944918
273,2026-05-26 15:28:21,17.7921239324599,29.3,60.9,20.99,16.353465869565216,0.2615389962644285,46,2026-05-26 15:28:20.060,2026-05-26 15:28:22.000,-0.03,1.4386580628946852
274,2026-05-26 15:28:23,17.49997083012066,29.3,59.9,20.72,16.341940444444447,0.286320999134281,45,2026-05-26 15:28:22.040,2026-05-26 15:28:24.000,-0.02,1.1580303856762129
275,2026-05-26 15:28:25,17.70447800175813,29.3,60.6,20.91,16.632617307692307,0.36084143321473144,26,2026-05-26 15:28:24.090,2026-05-26 15:28:25.980,-0.035,1.0718606940658226
276,2026-05-26 15:28:27,17.821339242693828,29.3,61.0,21.02,16.68572846153846,0.27934071824483137,26,2026-05-26 15:28:26.050,2026-05-26 15:28:27.980,-0.015,1.1356107811553677
277,2026-05-26 15:28:29,17.70447800175813,29.3,60.6,20.91,16.602732222222222,0.32847001273191245,27,2026-05-26 15:28:28.050,2026-05-26 15:28:29.940,0.005,1.1017457795359071
278,2026-05-26 15:28:31,17.879769863161673,29.3,61.2,21.07,16.50651925925926,0.2639420190252447,27,2026-05-26 15:28:30.010,2026-05-26 15:28:31.970,0.01,1.373250603902413
279,2026-05-26 15:28:33,17.7921239324599,29.3,60.9,20.99,16.435582962962965,0.36520366913877145,27,2026-05-26 15:28:32.040,2026-05-26 15:28:33.980,-0.01,1.3565409694969368
280,2026-05-26 15:28:35,17.879769863161673,29.3,61.2,21.07,16.591069,0.31498363811200697,30,2026-05-26 15:28:34.040,2026-05-26 15:28:35.980,-0.01,1.2887008631616723
281,2026-05-26 15:28:37,17.967415793863445,29.3,61.5,21.15,16.512607499999998,0.2725039664155542,44,2026-05-26 15:28:36.040,2026-05-26 15:28:38.000,-0.02,1.4548082938634472
282,2026-05-26 15:28:39,17.967415793863445,29.3,61.5,21.15,16.498977692307694,0.3415126200138801,39,2026-05-26 15:28:38.040,2026-05-26 15:28:39.960,0.0,1.4684381015557513
283,2026-05-26 15:28:41,17.733693311992052,29.3,60.7,20.94,16.613811000000002,0.30699300277501523,40,2026-05-26 15:28:40.020,2026-05-26 15:28:42.000,-0.01,1.1198823119920505
284,2026-05-26 15:28:43,17.879769863161673,29.3,61.2,21.07,16.525826904761907,0.263000692195028,42,2026-05-26 15:28:42.040,2026-05-26 15:28:44.000,-0.02,1.3539429583997666
285,2026-05-26 15:28:45,17.967415793863445,29.3,61.5,21.15,16.588472499999998,0.24258784623331078,44,2026-05-26 15:28:44.060,2026-05-26 15:28:46.000,-0.03,1.378943293863447
286,2026-05-26 15:28:47,17.967415793863445,29.3,61.5,21.15,16.597358292682927,0.3156514737800405,41,2026-05-26 15:28:46.040,2026-05-26 15:28:47.980,-0.01,1.3700575011805185
287,2026-05-26 15:28:49,18.084277034799143,29.3,61.9,21.26,16.75812659090909,0.31415272419002604,44,2026-05-26 15:28:48.020,2026-05-26 15:28:50.000,-0.01,1.3261504438900538
288,2026-05-26 15:28:51,17.99663110409737,29.3,61.6,21.18,16.607595681818182,0.36835402370354786,44,2026-05-26 15:28:50.040,2026-05-26 15:28:51.960,0.0,1.3890354222791892
289,2026-05-26 15:28:53,18.288784206436613,29.3,62.6,21.44,16.651960869565215,0.3001464570862851,46,2026-05-26 15:28:52.020,2026-05-26 15:28:54.000,-0.01,1.636823336871398
290,2026-05-26 15:28:55,18.31799951667054,29.3,62.7,21.47,16.689688536585365,0.3028757173211563,41,2026-05-26 15:28:54.060,2026-05-26 15:28:55.980,-0.02,1.6283109800851747
291,2026-05-26 15:28:57,18.17192296550092,29.3,62.2,21.33,16.686435,0.30660050704277847,46,2026-05-26 15:28:56.020,2026-05-26 15:28:57.980,0.0,1.4854879655009192
292,2026-05-26 15:28:59,18.37643013713839,29.3,62.9,21.52,16.769202272727274,0.3335713448728696,44,2026-05-26 15:28:58.020,2026-05-26 15:29:00.000,-0.01,1.607227864411115
293,2026-05-26 15:29:01,18.084277034799143,29.3,61.9,21.26,16.732412978723403,0.26534807857600584,47,2026-05-26 15:29:00.040,2026-05-26 15:29:02.000,-0.02,1.3518640560757405
294,2026-05-26 15:29:03,18.40564544737231,29.3,63.0,21.54,16.789317692307694,0.3198971688104721,39,2026-05-26 15:29:02.060,2026-05-26 15:29:04.000,-0.03,1.6163277550646171
295,2026-05-26 15:29:05,18.40564544737231,29.3,63.0,21.54,16.684664047619048,0.31492120759093695,42,2026-05-26 15:29:04.040,2026-05-26 15:29:06.000,-0.02,1.7209813997532635
296,2026-05-26 15:29:07,18.31799951667054,29.3,62.7,21.47,16.709804666666667,0.3246027555027838,45,2026-05-26 15:29:06.040,2026-05-26 15:29:07.980,-0.01,1.6081948500038727
297,2026-05-26 15:29:09,18.31799951667054,29.3,62.7,21.47,16.839133555555556,0.3129001074054525,45,2026-05-26 15:29:08.020,2026-05-26 15:29:10.000,-0.01,1.478865961114984
298,2026-05-26 15:29:11,18.551721998541932,29.3,63.5,21.67,16.722314666666666,0.2333493912238581,45,2026-05-26 15:29:10.040,2026-05-26 15:29:11.980,-0.01,1.8294073318752666
299,2026-05-26 15:29:13,18.40564544737231,29.3,63.0,21.54,16.771053617021277,0.27913724967123954,47,2026-05-26 15:29:12.020,2026-05-26 15:29:13.980,0.0,1.6345918303510345
300,2026-05-26 15:29:15,18.464076067840164,29.3,63.2,21.59,16.919116170212764,0.24587056148866862,47,2026-05-26 15:29:14.020,2026-05-26 15:29:16.000,-0.01,1.5449598976274004
301,2026-05-26 15:29:17,18.551721998541932,29.3,63.5,21.67,16.793339574468085,0.2558818475386935,47,2026-05-26 15:29:16.040,2026-05-26 15:29:17.980,-0.01,1.7583824240738473
302,2026-05-26 15:29:19,18.464076067840164,29.3,63.2,21.59,16.79939818181818,0.3011670340237521,44,2026-05-26 15:29:18.020,2026-05-26 15:29:19.980,0.0,1.664677886021984
303,2026-05-26 15:29:21,18.58093730877586,29.3,63.6,21.7,16.884543260869567,0.26998782439258573,46,2026-05-26 15:29:20.020,2026-05-26 15:29:21.960,0.01,1.696394047906292
304,2026-05-26 15:29:23,18.551721998541932,29.3,63.5,21.67,17.00958577777778,0.2450451578094502,45,2026-05-26 15:29:22.020,2026-05-26 15:29:24.000,-0.01,1.542136220764153
305,2026-05-26 15:29:25,18.551721998541932,29.3,63.5,21.67,16.87544023255814,0.27494498870976236,43,2026-05-26 15:29:24.060,2026-05-26 15:29:25.980,-0.02,1.6762817659837914
306,2026-05-26 15:29:27,18.551721998541932,29.3,63.5,21.67,16.953387021276594,0.30059956281546274,47,2026-05-26 15:29:26.020,2026-05-26 15:29:27.980,0.0,1.5983349772653384
307,2026-05-26 15:29:29,18.639367929243708,29.3,63.8,21.75,16.94642340425532,0.2997931535914941,47,2026-05-26 15:29:28.020,2026-05-26 15:29:29.980,0.0,1.6929445249883877
308,2026-05-26 15:29:31,18.756229170179406,29.3,64.2,21.85,16.94278914893617,0.2670533669580066,47,2026-05-26 15:29:30.020,2026-05-26 15:29:32.000,-0.01,1.8134400212432347
309,2026-05-26 15:29:33,18.66858323947763,29.3,63.9,21.78,16.939860666666668,0.28398123821990184,45,2026-05-26 15:29:32.040,2026-05-26 15:29:34.000,-0.02,1.7287225728109625
310,2026-05-26 15:29:35,18.81465979064725,29.3,64.4,21.9,16.974139555555556,0.30877149730059733,45,2026-05-26 15:29:34.060,2026-05-26 15:29:35.980,-0.02,1.8405202350916952
311,2026-05-26 15:29:37,18.58093730877586,29.3,63.6,21.7,16.914506818181817,0.27422332619025974,44,2026-05-26 15:29:36.020,2026-05-26 15:29:38.000,-0.01,1.666430490594042
312,2026-05-26 15:29:39,18.756229170179406,29.3,64.2,21.85,17.02803666666667,0.29718367312822513,42,2026-05-26 15:29:38.040,2026-05-26 15:29:40.000,-0.02,1.7281925035127372
313,2026-05-26 15:29:41,18.843875100881174,29.3,64.5,21.93,16.942205227272726,0.342386969007961,44,2026-05-26 15:29:40.040,2026-05-26 15:29:41.980,-0.01,1.9016698736084479
314,2026-05-26 15:29:43,18.902305721349027,29.3,64.7,21.98,17.041901666666668,0.24858547184867377,42,2026-05-26 15:29:42.020,2026-05-26 15:29:43.980,0.0,1.860404054682359
315,2026-05-26 15:29:45,18.727013859945476,29.3,64.1,21.83,17.11985488372093,0.2743108663574444,43,2026-05-26 15:29:44.020,2026-05-26 15:29:46.000,-0.01,1.6071589762245466
316,2026-05-26 15:29:47,18.843875100881174,29.3,64.5,21.93,17.004372608695654,0.29311740634795924,46,2026-05-26 15:29:46.040,2026-05-26 15:29:47.980,-0.01,1.8395024921855203
317,2026-05-26 15:29:49,18.902305721349027,29.3,64.7,21.98,17.068248444444446,0.22940778222469288,45,2026-05-26 15:29:48.020,2026-05-26 15:29:49.980,0.0,1.8340572769045806
318,2026-05-26 15:29:51,18.9899516520508,29.3,65.0,22.05,17.1040755,0.3107626265434021,40,2026-05-26 15:29:50.020,2026-05-26 15:29:51.960,0.01,1.8858761520507983
319,2026-05-26 15:29:53,18.902305721349027,29.3,64.7,21.98,17.085992926829267,0.2918616533757385,41,2026-05-26 15:29:52.020,2026-05-26 15:29:53.980,0.0,1.8163127945197601
320,2026-05-26 15:29:55,18.902305721349027,29.3,64.7,21.98,16.979895,0.2827840135332973,46,2026-05-26 15:29:54.020,2026-05-26 15:29:55.980,0.0,1.9224107213490278
321,2026-05-26 15:29:57,18.93152103158295,29.3,64.8,22.0,17.096498139534884,0.278998038013718,43,2026-05-26 15:29:56.020,2026-05-26 15:29:58.000,-0.01,1.835022892048066
322,2026-05-26 15:29:59,18.902305721349027,29.3,64.7,21.98,17.059111627906976,0.30694668330207425,43,2026-05-26 15:29:58.040,2026-05-26 15:29:59.980,-0.01,1.843194093442051
323,2026-05-26 15:30:01,19.077597582752574,29.3,65.3,22.13,17.065620217391306,0.2837299149268477,46,2026-05-26 15:30:00.020,2026-05-26 15:30:01.980,0.0,2.0119773653612683
324,2026-05-26 15:30:03,18.93152103158295,29.3,64.8,22.0,17.054533617021278,0.29812324926056377,47,2026-05-26 15:30:02.020,2026-05-26 15:30:04.000,-0.01,1.8769874145616718
325,2026-05-26 15:30:05,18.93152103158295,29.3,64.8,22.0,17.02040195121951,0.3065108228204967,41,2026-05-26 15:30:04.040,2026-05-26 15:30:05.960,0.0,1.911119080363438
326,2026-05-26 15:30:07,19.019166962284718,29.3,65.1,22.08,17.056115217391305,0.34110495727684886,46,2026-05-26 15:30:06.020,2026-05-26 15:30:08.000,-0.01,1.9630517448934128
327,2026-05-26 15:30:09,19.077597582752574,29.3,65.3,22.13,17.110094545454544,0.2507480600537487,44,2026-05-26 15:30:08.040,2026-05-26 15:30:09.980,-0.01,1.9675030372980302
328,2026-05-26 15:30:11,19.165243513454342,29.3,65.6,22.21,17.148711555555554,0.3005625913255745,45,2026-05-26 15:30:10.020,2026-05-26 15:30:12.000,-0.01,2.0165319578987884
329,2026-05-26 15:30:13,19.252889444156118,29.3,65.9,22.28,17.18589953488372,0.2619492166064465,43,2026-05-26 15:30:12.040,2026-05-26 15:30:14.000,-0.02,2.0669899092723973
330,2026-05-26 15:30:15,19.19445882368827,29.3,65.7,22.23,17.32382027027027,0.24025215686956974,37,2026-05-26 15:30:14.060,2026-05-26 15:30:15.980,-0.02,1.8706385534179972
331,2026-05-26 15:30:17,19.28210475439004,29.3,66.0,22.31,17.253628108108106,0.25351632455478246,37,2026-05-26 15:30:16.040,2026-05-26 15:30:18.000,-0.02,2.028476646281934
332,2026-05-26 15:30:19,19.428181305559665,29.3,66.5,22.43,17.294079743589744,0.2817827632329478,39,2026-05-26 15:30:18.040,2026-05-26 15:30:19.980,-0.01,2.1341015619699206
333,2026-05-26 15:30:21,19.252889444156118,29.3,65.9,22.28,17.332802972972974,0.2686543974748647,37,2026-05-26 15:30:20.020,2026-05-26 15:30:21.960,0.01,1.9200864711831436
334,2026-05-26 15:30:23,19.106812892986497,29.3,65.4,22.16,17.2959495,0.27714210585120563,40,2026-05-26 15:30:22.020,2026-05-26 15:30:23.980,0.0,1.810863392986498
335,2026-05-26 15:30:25,19.165243513454342,29.3,65.6,22.21,17.243562,0.29202011227890556,40,2026-05-26 15:30:24.040,2026-05-26 15:30:25.980,-0.01,1.9216815134543417
336,2026-05-26 15:30:27,19.252889444156118,29.3,65.9,22.28,17.25401,0.25853014191772666,41,2026-05-26 15:30:26.020,2026-05-26 15:30:28.000,-0.01,1.9988794441561168
337,2026-05-26 15:30:29,19.165243513454342,29.3,65.6,22.21,17.227915714285714,0.2920999361156134,42,2026-05-26 15:30:28.040,2026-05-26 15:30:29.980,-0.01,1.937327799168628
338,2026-05-26 15:30:31,19.252889444156118,29.3,65.9,22.28,17.229691224489795,0.2643103390952306,49,2026-05-26 15:30:30.020,2026-05-26 15:30:32.000,-0.01,2.023198219666323
339,2026-05-26 15:30:33,19.28210475439004,29.3,66.0,22.31,17.26875431818182,0.2819438927888305,44,2026-05-26 15:30:32.040,2026-05-26 15:30:33.980,-0.01,2.0133504362082206
340,2026-05-26 15:30:35,19.19445882368827,29.3,65.7,22.23,17.249337045454546,0.2904020704053585,44,2026-05-26 15:30:34.020,2026-05-26 15:30:35.980,0.0,1.9451217782337231
341,2026-05-26 15:30:37,19.428181305559665,29.3,66.5,22.43,17.200174651162794,0.27249774826810014,43,2026-05-26 15:30:36.020,2026-05-26 15:30:37.980,0.0,2.2280066543968715
342,2026-05-26 15:30:39,19.369750685091812,29.3,66.3,22.38,17.29215975609756,0.30516476472135384,41,2026-05-26 15:30:38.020,2026-05-26 15:30:39.980,0.0,2.077590928994251
343,2026-05-26 15:30:41,19.106812892986497,29.3,65.4,22.16,17.286341555555556,0.2848711978880307,45,2026-05-26 15:30:40.020,2026-05-26 15:30:41.980,0.0,1.8204713374309414
344,2026-05-26 15:30:43,19.252889444156118,29.3,65.9,22.28,17.235832826086956,0.3519195834193626,46,2026-05-26 15:30:42.020,2026-05-26 15:30:43.960,0.01,2.0170566180691623
345,2026-05-26 15:30:45,19.603473166963205,29.3,67.1,22.58,17.22285088888889,0.26191316448588486,45,2026-05-26 15:30:44.020,2026-05-26 15:30:45.980,0.0,2.3806222780743163
346,2026-05-26 15:30:47,19.603473166963205,29.3,67.1,22.58,17.329448666666668,0.2207376776196327,45,2026-05-26 15:30:46.020,2026-05-26 15:30:47.980,0.0,2.2740245002965374
347,2026-05-26 15:30:49,19.428181305559665,29.3,66.5,22.43,17.42510441860465,0.29418910793911324,43,2026-05-26 15:30:48.020,2026-05-26 15:30:49.960,0.01,2.0030768869550144
348,2026-05-26 15:30:51,19.54504254649536,29.3,66.9,22.53,17.33094622222222,0.34531831174155864,45,2026-05-26 15:30:50.020,2026-05-26 15:30:52.000,-0.01,2.2140963242731395
349,2026-05-26 15:30:53,19.340535374857893,29.3,66.2,22.36,17.318259302325583,0.33105743466163046,43,2026-05-26 15:30:52.040,2026-05-26 15:30:53.980,-0.01,2.0222760725323106
350,2026-05-26 15:30:55,19.54504254649536,29.3,66.9,22.53,17.41553340909091,0.27684799080666905,44,2026-05-26 15:30:54.020,2026-05-26 15:30:55.980,0.0,2.129509137404451
351,2026-05-26 15:30:57,19.603473166963205,29.3,67.1,22.58,17.435096136363637,0.3690474414339042,44,2026-05-26 15:30:56.040,2026-05-26 15:30:58.000,-0.02,2.1683770305995687
352,2026-05-26 15:30:59,19.43875318796623,29.2,66.9,22.43,17.347278444444445,0.3233547781880923,45,2026-05-26 15:30:58.040,2026-05-26 15:31:00.000,-0.02,2.091474743521786
353,2026-05-26 15:31:01,19.457396615793584,29.3,66.6,22.45,17.44319152173913,0.2909022155216605,46,2026-05-26 15:31:00.040,2026-05-26 15:31:02.000,-0.02,2.0142050940544536
354,2026-05-26 15:31:03,19.457396615793584,29.3,66.6,22.45,17.53022847826087,0.291781041284708,46,2026-05-26 15:31:02.040,2026-05-26 15:31:04.000,-0.02,1.927168137532714
355,2026-05-26 15:31:05,19.43875318796623,29.2,66.9,22.43,17.519048863636364,0.33689681364308643,44,2026-05-26 15:31:04.040,2026-05-26 15:31:06.000,-0.02,1.9197043243298673
356,2026-05-26 15:31:07,19.40969675569722,29.2,66.8,22.41,17.48102311111111,0.29519375772396017,45,2026-05-26 15:31:06.040,2026-05-26 15:31:07.980,-0.01,1.9286736445861088
357,2026-05-26 15:31:09,19.778765028366756,29.3,67.7,22.72,17.440376739130436,0.31615575104723564,46,2026-05-26 15:31:08.020,2026-05-26 15:31:10.000,-0.01,2.3383882892363204
358,2026-05-26 15:31:11,19.691119097664984,29.3,67.4,22.65,17.473152727272726,0.24462393753605682,44,2026-05-26 15:31:10.040,2026-05-26 15:31:11.980,-0.01,2.217966370392258
359,2026-05-26 15:31:13,19.525922484773254,29.2,67.2,22.51,17.452997045454545,0.3072526000766442,44,2026-05-26 15:31:12.020,2026-05-26 15:31:13.980,0.0,2.072925439318709
360,2026-05-26 15:31:15,19.603473166963205,29.3,67.1,22.58,17.49981822222222,0.2769095454155063,45,2026-05-26 15:31:14.020,2026-05-26 15:31:16.000,-0.01,2.1036549447409847
361,2026-05-26 15:31:17,19.525922484773254,29.2,67.2,22.51,17.530336363636362,0.3383069453266318,44,2026-05-26 15:31:16.040,2026-05-26 15:31:17.980,-0.01,1.995586121136892
362,2026-05-26 15:31:19,19.632688477197135,29.3,67.2,22.6,17.413860222222223,0.3174725639218788,45,2026-05-26 15:31:18.040,2026-05-26 15:31:20.000,-0.02,2.2188282549749125
363,2026-05-26 15:31:21,19.43875318796623,29.2,66.9,22.43,17.40682222222222,0.3032014340252187,45,2026-05-26 15:31:20.040,2026-05-26 15:31:22.000,-0.02,2.03193096574401
364,2026-05-26 15:31:23,19.525922484773254,29.2,67.2,22.51,17.417879347826087,0.3314734574418507,46,2026-05-26 15:31:22.040,2026-05-26 15:31:23.980,-0.01,2.108043136947167
365,2026-05-26 15:31:25,19.691119097664984,29.3,67.4,22.65,17.406733125,0.29532200748131254,48,2026-05-26 15:31:24.020,2026-05-26 15:31:25.980,0.0,2.2843859726649853
366,2026-05-26 15:31:27,19.758373942925317,29.2,68.0,22.7,17.518670212765958,0.29504824441531996,47,2026-05-26 15:31:26.020,2026-05-26 15:31:28.000,-0.01,2.239703730159359
367,2026-05-26 15:31:29,19.58403534931127,29.2,67.4,22.56,17.478147333333332,0.39143565099515387,45,2026-05-26 15:31:28.040,2026-05-26 15:31:30.000,-0.02,2.105888015977939
368,2026-05-26 15:31:31,19.61309178158028,29.2,67.5,22.58,17.655433695652174,0.3207632096897693,46,2026-05-26 15:31:30.040,2026-05-26 15:31:32.000,-0.02,1.9576580859281059
369,2026-05-26 15:31:33,19.525922484773254,29.2,67.2,22.51,17.501210909090908,0.3413013956104852,44,2026-05-26 15:31:32.040,2026-05-26 15:31:33.980,-0.01,2.024711575682346
370,2026-05-26 15:31:35,19.7002610783873,29.2,67.8,22.65,17.557672222222223,0.332577247430707,45,2026-05-26 15:31:34.020,2026-05-26 15:31:35.980,0.0,2.1425888561650765
371,2026-05-26 15:31:37,19.58403534931127,29.2,67.4,22.56,17.595973023255816,0.28275991224707797,43,2026-05-26 15:31:36.020,2026-05-26 15:31:38.000,-0.01,1.9880623260554557
372,2026-05-26 15:31:39,19.758373942925317,29.2,68.0,22.7,17.601047435897435,0.3675652162521847,39,2026-05-26 15:31:38.040,2026-05-26 15:31:39.980,-0.01,2.157326507027882
373,2026-05-26 15:31:41,19.787430375194322,29.2,68.1,22.73,17.682251304347826,0.3590793428298948,46,2026-05-26 15:31:40.020,2026-05-26 15:31:41.980,0.0,2.1051790708464964
374,2026-05-26 15:31:43,19.58403534931127,29.2,67.4,22.56,17.613557333333333,0.2520953372454738,45,2026-05-26 15:31:42.040,2026-05-26 15:31:43.980,-0.01,1.970478015977939
375,2026-05-26 15:31:45,19.7002610783873,29.2,67.8,22.65,17.594493555555555,0.26682284765837655,45,2026-05-26 15:31:44.020,2026-05-26 15:31:46.000,-0.01,2.1057675228317443
376,2026-05-26 15:31:47,19.58403534931127,29.2,67.4,22.56,17.56587956521739,0.3517601903504183,46,2026-05-26 15:31:46.040,2026-05-26 15:31:48.000,-0.02,2.0181557840938815
377,2026-05-26 15:31:49,19.671204646118294,29.2,67.7,22.63,17.652372413793103,0.3381268789507351,29,2026-05-26 15:31:48.040,2026-05-26 15:31:49.940,0.01,2.0188322323251917
378,2026-05-26 15:31:51,19.758373942925317,29.2,68.0,22.7,17.7838424,0.36247647505596825,25,2026-05-26 15:31:50.020,2026-05-26 15:31:51.930,0.025,1.974531542925316
379,2026-05-26 15:31:53,19.758373942925317,29.2,68.0,22.7,17.703895833333334,0.3569191708145238,24,2026-05-26 15:31:52.010,2026-05-26 15:31:53.970,0.01,2.054478109591983
380,2026-05-26 15:31:55,19.7002610783873,29.2,67.8,22.65,17.8270345,0.38738557019392683,20,2026-05-26 15:31:54.050,2026-05-26 15:31:55.960,-0.005,1.8732265783872997
381,2026-05-26 15:31:57,19.758373942925317,29.2,68.0,22.7,17.570591999999998,0.2971338138280466,5,2026-05-26 15:31:56.040,2026-05-26 15:31:56.370,0.795,2.1877819429253194
